mode: atomic
github.com/SkyPanel/SkyPanel/v3/conditions/executor.go:17.104,19.2 1 8
github.com/SkyPanel/SkyPanel/v3/conditions/executor.go:21.107,25.20 3 14
github.com/SkyPanel/SkyPanel/v3/conditions/executor.go:25.20,27.3 1 14
github.com/SkyPanel/SkyPanel/v3/conditions/executor.go:30.2,30.21 1 14
github.com/SkyPanel/SkyPanel/v3/conditions/executor.go:30.21,31.43 1 2
github.com/SkyPanel/SkyPanel/v3/conditions/executor.go:31.43,33.4 1 2
github.com/SkyPanel/SkyPanel/v3/conditions/executor.go:36.2,38.25 2 14
github.com/SkyPanel/SkyPanel/v3/conditions/executor.go:38.25,41.3 2 14
github.com/SkyPanel/SkyPanel/v3/conditions/executor.go:43.2,43.41 1 14
github.com/SkyPanel/SkyPanel/v3/conditions/executor.go:43.41,46.3 2 28
github.com/SkyPanel/SkyPanel/v3/conditions/executor.go:48.2,49.16 2 14
github.com/SkyPanel/SkyPanel/v3/conditions/executor.go:49.16,51.3 1 0
github.com/SkyPanel/SkyPanel/v3/conditions/executor.go:53.2,54.42 2 14
github.com/SkyPanel/SkyPanel/v3/conditions/executor.go:54.42,56.3 1 1
github.com/SkyPanel/SkyPanel/v3/conditions/executor.go:58.2,59.16 2 13
github.com/SkyPanel/SkyPanel/v3/conditions/executor.go:59.16,61.3 1 0
github.com/SkyPanel/SkyPanel/v3/conditions/executor.go:63.2,64.16 2 13
github.com/SkyPanel/SkyPanel/v3/conditions/executor.go:64.16,66.3 1 0
github.com/SkyPanel/SkyPanel/v3/conditions/executor.go:67.2,68.29 2 13
github.com/SkyPanel/SkyPanel/v3/conditions/executor.go:68.29,70.3 1 13
github.com/SkyPanel/SkyPanel/v3/conditions/executor.go:72.2,72.110 1 0
github.com/SkyPanel/SkyPanel/v3/conditions/executor.go:77.103,80.89 2 6
github.com/SkyPanel/SkyPanel/v3/conditions/executor.go:80.89,83.20 3 6
github.com/SkyPanel/SkyPanel/v3/conditions/executor.go:83.20,86.4 2 1
github.com/SkyPanel/SkyPanel/v3/conditions/executor.go:87.3,87.16 1 5
github.com/SkyPanel/SkyPanel/v3/conditions/executor.go:90.2,90.20 1 6
github.com/SkyPanel/SkyPanel/v3/internal/models/backup.go:23.40,25.16 2 0
github.com/SkyPanel/SkyPanel/v3/internal/models/backup.go:25.16,27.3 1 0
github.com/SkyPanel/SkyPanel/v3/internal/models/backup.go:28.2,28.8 1 0
github.com/SkyPanel/SkyPanel/v3/internal/models/backup.go:31.51,34.2 2 0
github.com/SkyPanel/SkyPanel/v3/internal/models/client.go:29.55,32.16 2 0
github.com/SkyPanel/SkyPanel/v3/internal/models/client.go:32.16,34.3 1 0
github.com/SkyPanel/SkyPanel/v3/internal/models/client.go:36.2,36.12 1 0
github.com/SkyPanel/SkyPanel/v3/internal/models/client.go:39.53,41.2 1 0
github.com/SkyPanel/SkyPanel/v3/internal/models/client.go:43.40,46.16 2 0
github.com/SkyPanel/SkyPanel/v3/internal/models/client.go:46.16,48.3 1 0
github.com/SkyPanel/SkyPanel/v3/internal/models/client.go:50.2,50.8 1 0
github.com/SkyPanel/SkyPanel/v3/internal/models/client.go:53.45,55.2 1 0
github.com/SkyPanel/SkyPanel/v3/internal/models/database.go:29.42,31.16 2 0
github.com/SkyPanel/SkyPanel/v3/internal/models/database.go:31.16,33.3 1 0
github.com/SkyPanel/SkyPanel/v3/internal/models/database.go:34.2,34.8 1 0
github.com/SkyPanel/SkyPanel/v3/internal/models/database.go:37.53,40.2 2 0
github.com/SkyPanel/SkyPanel/v3/internal/models/database.go:42.39,44.2 1 0
github.com/SkyPanel/SkyPanel/v3/internal/models/databasehost.go:24.47,26.16 2 0
github.com/SkyPanel/SkyPanel/v3/internal/models/databasehost.go:26.16,28.3 1 0
github.com/SkyPanel/SkyPanel/v3/internal/models/databasehost.go:29.2,29.8 1 0
github.com/SkyPanel/SkyPanel/v3/internal/models/databasehost.go:32.58,35.2 2 0
github.com/SkyPanel/SkyPanel/v3/internal/models/databasehost.go:37.44,39.2 1 0
github.com/SkyPanel/SkyPanel/v3/internal/models/node.go:32.38,34.16 2 1
github.com/SkyPanel/SkyPanel/v3/internal/models/node.go:34.16,36.3 1 0
github.com/SkyPanel/SkyPanel/v3/internal/models/node.go:37.2,37.8 1 1
github.com/SkyPanel/SkyPanel/v3/internal/models/node.go:40.49,42.16 2 1
github.com/SkyPanel/SkyPanel/v3/internal/models/node.go:42.16,44.3 1 0
github.com/SkyPanel/SkyPanel/v3/internal/models/node.go:45.2,45.17 1 1
github.com/SkyPanel/SkyPanel/v3/internal/models/node.go:45.17,47.3 1 0
github.com/SkyPanel/SkyPanel/v3/internal/models/node.go:48.2,48.8 1 1
github.com/SkyPanel/SkyPanel/v3/internal/models/node.go:51.31,55.41 2 3
github.com/SkyPanel/SkyPanel/v3/internal/models/node.go:55.41,56.56 1 0
github.com/SkyPanel/SkyPanel/v3/internal/models/node.go:56.56,58.4 1 0
github.com/SkyPanel/SkyPanel/v3/internal/models/node.go:61.2,61.13 1 3
github.com/SkyPanel/SkyPanel/v3/internal/models/node.go:61.13,62.42 1 0
github.com/SkyPanel/SkyPanel/v3/internal/models/node.go:62.42,66.121 1 0
github.com/SkyPanel/SkyPanel/v3/internal/models/node.go:66.121,68.5 1 0
github.com/SkyPanel/SkyPanel/v3/internal/models/node.go:70.3,70.14 1 0
github.com/SkyPanel/SkyPanel/v3/internal/models/node.go:74.2,74.58 1 3
github.com/SkyPanel/SkyPanel/v3/internal/models/node.go:88.13,90.16 2 1
github.com/SkyPanel/SkyPanel/v3/internal/models/node.go:90.16,91.13 1 0
github.com/SkyPanel/SkyPanel/v3/internal/models/node.go:93.2,93.60 1 1
github.com/SkyPanel/SkyPanel/v3/internal/models/nodeview.go:22.34,33.2 1 1
github.com/SkyPanel/SkyPanel/v3/internal/models/nodeview.go:35.38,38.22 2 1
github.com/SkyPanel/SkyPanel/v3/internal/models/nodeview.go:38.22,40.3 1 1
github.com/SkyPanel/SkyPanel/v3/internal/models/nodeview.go:42.2,42.16 1 1
github.com/SkyPanel/SkyPanel/v3/internal/models/nodeview.go:45.48,46.18 1 0
github.com/SkyPanel/SkyPanel/v3/internal/models/nodeview.go:46.18,48.3 1 0
github.com/SkyPanel/SkyPanel/v3/internal/models/nodeview.go:50.2,50.24 1 0
github.com/SkyPanel/SkyPanel/v3/internal/models/nodeview.go:50.24,52.3 1 0
github.com/SkyPanel/SkyPanel/v3/internal/models/nodeview.go:54.2,54.25 1 0
github.com/SkyPanel/SkyPanel/v3/internal/models/nodeview.go:54.25,56.3 1 0
github.com/SkyPanel/SkyPanel/v3/internal/models/nodeview.go:58.2,58.22 1 0
github.com/SkyPanel/SkyPanel/v3/internal/models/nodeview.go:58.22,60.3 1 0
github.com/SkyPanel/SkyPanel/v3/internal/models/nodeview.go:62.2,62.23 1 0
github.com/SkyPanel/SkyPanel/v3/internal/models/nodeview.go:62.23,64.3 1 0
github.com/SkyPanel/SkyPanel/v3/internal/models/nodeview.go:66.2,66.20 1 0
github.com/SkyPanel/SkyPanel/v3/internal/models/nodeview.go:66.20,68.3 1 0
github.com/SkyPanel/SkyPanel/v3/internal/models/nodeview.go:71.49,74.60 2 0
github.com/SkyPanel/SkyPanel/v3/internal/models/nodeview.go:74.60,76.3 1 0
github.com/SkyPanel/SkyPanel/v3/internal/models/nodeview.go:78.2,78.57 1 0
github.com/SkyPanel/SkyPanel/v3/internal/models/nodeview.go:78.57,80.3 1 0
github.com/SkyPanel/SkyPanel/v3/internal/models/nodeview.go:82.2,83.24 2 0
github.com/SkyPanel/SkyPanel/v3/internal/models/nodeview.go:83.24,85.3 1 0
github.com/SkyPanel/SkyPanel/v3/internal/models/nodeview.go:87.2,87.66 1 0
github.com/SkyPanel/SkyPanel/v3/internal/models/nodeview.go:87.66,89.3 1 0
github.com/SkyPanel/SkyPanel/v3/internal/models/nodeview.go:91.2,91.60 1 0
github.com/SkyPanel/SkyPanel/v3/internal/models/nodeview.go:91.60,93.3 1 0
github.com/SkyPanel/SkyPanel/v3/internal/models/nodeview.go:95.2,95.67 1 0
github.com/SkyPanel/SkyPanel/v3/internal/models/nodeview.go:95.67,97.3 1 0
github.com/SkyPanel/SkyPanel/v3/internal/models/nodeview.go:99.2,99.66 1 0
github.com/SkyPanel/SkyPanel/v3/internal/models/nodeview.go:99.66,101.3 1 0
github.com/SkyPanel/SkyPanel/v3/internal/models/nodeview.go:103.2,103.16 1 0
github.com/SkyPanel/SkyPanel/v3/internal/models/nodeview.go:103.16,104.59 1 0
github.com/SkyPanel/SkyPanel/v3/internal/models/nodeview.go:104.59,106.4 1 0
github.com/SkyPanel/SkyPanel/v3/internal/models/nodeview.go:108.3,108.60 1 0
github.com/SkyPanel/SkyPanel/v3/internal/models/nodeview.go:108.60,110.4 1 0
github.com/SkyPanel/SkyPanel/v3/internal/models/nodeview.go:112.3,112.57 1 0
github.com/SkyPanel/SkyPanel/v3/internal/models/nodeview.go:112.57,114.4 1 0
github.com/SkyPanel/SkyPanel/v3/internal/models/nodeview.go:115.8,116.59 1 0
github.com/SkyPanel/SkyPanel/v3/internal/models/nodeview.go:116.59,118.4 1 0
github.com/SkyPanel/SkyPanel/v3/internal/models/nodeview.go:120.3,120.60 1 0
github.com/SkyPanel/SkyPanel/v3/internal/models/nodeview.go:120.60,122.4 1 0
github.com/SkyPanel/SkyPanel/v3/internal/models/nodeview.go:124.3,124.57 1 0
github.com/SkyPanel/SkyPanel/v3/internal/models/nodeview.go:124.57,126.4 1 0
github.com/SkyPanel/SkyPanel/v3/internal/models/nodeview.go:129.2,129.51 1 0
github.com/SkyPanel/SkyPanel/v3/internal/models/nodeview.go:129.51,131.3 1 0
github.com/SkyPanel/SkyPanel/v3/internal/models/nodeview.go:133.2,133.52 1 0
github.com/SkyPanel/SkyPanel/v3/internal/models/nodeview.go:133.52,135.3 1 0
github.com/SkyPanel/SkyPanel/v3/internal/models/nodeview.go:137.2,137.12 1 0
github.com/SkyPanel/SkyPanel/v3/internal/models/panelsetting.go:8.40,10.2 1 0
github.com/SkyPanel/SkyPanel/v3/internal/models/permission.go:28.50,29.60 1 0
github.com/SkyPanel/SkyPanel/v3/internal/models/permission.go:29.60,31.3 1 0
github.com/SkyPanel/SkyPanel/v3/internal/models/permission.go:33.2,33.31 1 0
github.com/SkyPanel/SkyPanel/v3/internal/models/permission.go:33.31,36.3 1 0
github.com/SkyPanel/SkyPanel/v3/internal/models/permission.go:38.2,39.29 2 0
github.com/SkyPanel/SkyPanel/v3/internal/models/permission.go:39.29,41.3 1 0
github.com/SkyPanel/SkyPanel/v3/internal/models/permission.go:42.2,43.12 2 0
github.com/SkyPanel/SkyPanel/v3/internal/models/permission.go:46.49,48.23 2 0
github.com/SkyPanel/SkyPanel/v3/internal/models/permission.go:48.23,49.53 1 0
github.com/SkyPanel/SkyPanel/v3/internal/models/permission.go:49.53,52.4 1 0
github.com/SkyPanel/SkyPanel/v3/internal/models/permission.go:55.2,55.12 1 0
github.com/SkyPanel/SkyPanel/v3/internal/models/permission.go:58.43,59.31 1 0
github.com/SkyPanel/SkyPanel/v3/internal/models/permission.go:59.31,61.3 1 0
github.com/SkyPanel/SkyPanel/v3/internal/models/permission.go:62.2,62.27 1 0
github.com/SkyPanel/SkyPanel/v3/internal/models/permissionview.go:13.53,18.25 2 0
github.com/SkyPanel/SkyPanel/v3/internal/models/permissionview.go:18.25,20.3 1 0
github.com/SkyPanel/SkyPanel/v3/internal/models/permissionview.go:22.2,22.14 1 0
github.com/SkyPanel/SkyPanel/v3/internal/models/recoverycode.go:20.52,22.16 2 0
github.com/SkyPanel/SkyPanel/v3/internal/models/recoverycode.go:22.16,24.3 1 0
github.com/SkyPanel/SkyPanel/v3/internal/models/recoverycode.go:26.2,27.16 2 0
github.com/SkyPanel/SkyPanel/v3/internal/models/recoverycode.go:27.16,29.3 1 0
github.com/SkyPanel/SkyPanel/v3/internal/models/recoverycode.go:31.2,32.12 2 0
github.com/SkyPanel/SkyPanel/v3/internal/models/recoverycode.go:35.47,37.16 2 0
github.com/SkyPanel/SkyPanel/v3/internal/models/recoverycode.go:37.16,39.3 1 0
github.com/SkyPanel/SkyPanel/v3/internal/models/recoverycode.go:40.2,40.8 1 0
github.com/SkyPanel/SkyPanel/v3/internal/models/recoverycode.go:43.52,45.2 1 0
github.com/SkyPanel/SkyPanel/v3/internal/models/role.go:21.43,23.23 1 0
github.com/SkyPanel/SkyPanel/v3/internal/models/role.go:23.23,25.3 1 0
github.com/SkyPanel/SkyPanel/v3/internal/models/role.go:25.8,27.3 1 0
github.com/SkyPanel/SkyPanel/v3/internal/models/role.go:30.2,31.16 2 0
github.com/SkyPanel/SkyPanel/v3/internal/models/role.go:31.16,33.3 1 0
github.com/SkyPanel/SkyPanel/v3/internal/models/role.go:34.2,34.12 1 0
github.com/SkyPanel/SkyPanel/v3/internal/models/role.go:37.42,40.23 2 0
github.com/SkyPanel/SkyPanel/v3/internal/models/role.go:40.23,43.34 2 0
github.com/SkyPanel/SkyPanel/v3/internal/models/role.go:43.34,45.4 1 0
github.com/SkyPanel/SkyPanel/v3/internal/models/role.go:47.2,47.12 1 0
github.com/SkyPanel/SkyPanel/v3/internal/models/server.go:43.40,45.16 2 1
github.com/SkyPanel/SkyPanel/v3/internal/models/server.go:45.16,47.3 1 0
github.com/SkyPanel/SkyPanel/v3/internal/models/server.go:48.2,48.8 1 1
github.com/SkyPanel/SkyPanel/v3/internal/models/server.go:51.51,53.39 2 1
github.com/SkyPanel/SkyPanel/v3/internal/models/server.go:53.39,55.3 1 0
github.com/SkyPanel/SkyPanel/v3/internal/models/server.go:55.8,57.3 1 1
github.com/SkyPanel/SkyPanel/v3/internal/models/server.go:58.2,58.8 1 1
github.com/SkyPanel/SkyPanel/v3/internal/models/server.go:61.50,62.56 1 0
github.com/SkyPanel/SkyPanel/v3/internal/models/server.go:62.56,65.3 2 0
github.com/SkyPanel/SkyPanel/v3/internal/models/server.go:65.8,67.3 1 0
github.com/SkyPanel/SkyPanel/v3/internal/models/server.go:68.2,68.8 1 0
github.com/SkyPanel/SkyPanel/v3/internal/models/serverview.go:33.45,51.2 2 0
github.com/SkyPanel/SkyPanel/v3/internal/models/serverview.go:53.51,56.28 2 0
github.com/SkyPanel/SkyPanel/v3/internal/models/serverview.go:56.28,58.3 1 0
github.com/SkyPanel/SkyPanel/v3/internal/models/serverview.go:60.2,60.15 1 0
github.com/SkyPanel/SkyPanel/v3/internal/models/serverview.go:63.51,66.60 2 0
github.com/SkyPanel/SkyPanel/v3/internal/models/serverview.go:66.60,68.3 1 0
github.com/SkyPanel/SkyPanel/v3/internal/models/serverview.go:70.2,70.60 1 0
github.com/SkyPanel/SkyPanel/v3/internal/models/serverview.go:70.60,72.3 1 0
github.com/SkyPanel/SkyPanel/v3/internal/models/serverview.go:74.2,74.57 1 0
github.com/SkyPanel/SkyPanel/v3/internal/models/serverview.go:74.57,76.3 1 0
github.com/SkyPanel/SkyPanel/v3/internal/models/serverview.go:78.2,78.68 1 0
github.com/SkyPanel/SkyPanel/v3/internal/models/serverview.go:78.68,80.3 1 0
github.com/SkyPanel/SkyPanel/v3/internal/models/serverview.go:82.2,82.52 1 0
github.com/SkyPanel/SkyPanel/v3/internal/models/serverview.go:82.52,84.3 1 0
github.com/SkyPanel/SkyPanel/v3/internal/models/serverview.go:86.2,86.12 1 0
github.com/SkyPanel/SkyPanel/v3/internal/models/serverview.go:89.74,90.28 1 0
github.com/SkyPanel/SkyPanel/v3/internal/models/serverview.go:90.28,92.3 1 0
github.com/SkyPanel/SkyPanel/v3/internal/models/serverview.go:93.2,93.16 1 0
github.com/SkyPanel/SkyPanel/v3/internal/models/serverview.go:96.62,98.24 1 0
github.com/SkyPanel/SkyPanel/v3/internal/models/serverview.go:98.24,101.3 2 0
github.com/SkyPanel/SkyPanel/v3/internal/models/serverview.go:103.2,103.15 1 0
github.com/SkyPanel/SkyPanel/v3/internal/models/template.go:19.46,21.16 2 0
github.com/SkyPanel/SkyPanel/v3/internal/models/template.go:21.16,23.3 1 0
github.com/SkyPanel/SkyPanel/v3/internal/models/template.go:24.2,25.12 2 0
github.com/SkyPanel/SkyPanel/v3/internal/models/template.go:28.47,30.16 2 0
github.com/SkyPanel/SkyPanel/v3/internal/models/template.go:30.16,32.3 1 0
github.com/SkyPanel/SkyPanel/v3/internal/models/template.go:33.2,34.12 2 0
github.com/SkyPanel/SkyPanel/v3/internal/models/uptime.go:24.46,26.16 2 0
github.com/SkyPanel/SkyPanel/v3/internal/models/uptime.go:26.16,28.3 1 0
github.com/SkyPanel/SkyPanel/v3/internal/models/uptime.go:29.2,29.8 1 0
github.com/SkyPanel/SkyPanel/v3/internal/models/uptime.go:32.57,35.2 2 0
github.com/SkyPanel/SkyPanel/v3/internal/models/user.go:28.45,31.16 2 0
github.com/SkyPanel/SkyPanel/v3/internal/models/user.go:31.16,33.3 1 0
github.com/SkyPanel/SkyPanel/v3/internal/models/user.go:35.2,35.12 1 0
github.com/SkyPanel/SkyPanel/v3/internal/models/user.go:38.38,40.16 2 1
github.com/SkyPanel/SkyPanel/v3/internal/models/user.go:40.16,42.3 1 0
github.com/SkyPanel/SkyPanel/v3/internal/models/user.go:43.2,43.8 1 1
github.com/SkyPanel/SkyPanel/v3/internal/models/user.go:46.49,49.2 2 1
github.com/SkyPanel/SkyPanel/v3/internal/models/usersettingview.go:10.61,15.2 1 0
github.com/SkyPanel/SkyPanel/v3/internal/models/usersettingview.go:17.65,20.29 2 0
github.com/SkyPanel/SkyPanel/v3/internal/models/usersettingview.go:20.29,22.3 1 0
github.com/SkyPanel/SkyPanel/v3/internal/models/usersettingview.go:24.2,24.15 1 0
github.com/SkyPanel/SkyPanel/v3/internal/models/userview.go:21.38,32.38 2 0
github.com/SkyPanel/SkyPanel/v3/internal/models/userview.go:32.38,33.61 1 0
github.com/SkyPanel/SkyPanel/v3/internal/models/userview.go:33.61,34.31 1 0
github.com/SkyPanel/SkyPanel/v3/internal/models/userview.go:34.31,36.5 1 0
github.com/SkyPanel/SkyPanel/v3/internal/models/userview.go:41.2,41.47 1 0
github.com/SkyPanel/SkyPanel/v3/internal/models/userview.go:41.47,42.39 1 0
github.com/SkyPanel/SkyPanel/v3/internal/models/userview.go:42.39,44.4 1 0
github.com/SkyPanel/SkyPanel/v3/internal/models/userview.go:47.2,47.13 1 0
github.com/SkyPanel/SkyPanel/v3/internal/models/userview.go:50.43,53.26 2 0
github.com/SkyPanel/SkyPanel/v3/internal/models/userview.go:53.26,55.3 1 0
github.com/SkyPanel/SkyPanel/v3/internal/models/userview.go:57.2,57.15 1 0
github.com/SkyPanel/SkyPanel/v3/internal/models/userview.go:60.52,61.26 1 0
github.com/SkyPanel/SkyPanel/v3/internal/models/userview.go:61.26,63.3 1 0
github.com/SkyPanel/SkyPanel/v3/internal/models/userview.go:65.2,65.23 1 0
github.com/SkyPanel/SkyPanel/v3/internal/models/userview.go:65.23,67.3 1 0
github.com/SkyPanel/SkyPanel/v3/internal/models/userview.go:69.2,69.26 1 0
github.com/SkyPanel/SkyPanel/v3/internal/models/userview.go:69.26,71.3 1 0
github.com/SkyPanel/SkyPanel/v3/internal/models/userview.go:73.2,73.32 1 0
github.com/SkyPanel/SkyPanel/v3/internal/models/userview.go:76.53,79.24 2 8
github.com/SkyPanel/SkyPanel/v3/internal/models/userview.go:79.24,81.3 1 2
github.com/SkyPanel/SkyPanel/v3/internal/models/userview.go:83.2,84.20 2 6
github.com/SkyPanel/SkyPanel/v3/internal/models/userview.go:84.20,86.3 1 2
github.com/SkyPanel/SkyPanel/v3/internal/models/userview.go:88.2,88.12 1 4
github.com/SkyPanel/SkyPanel/v3/internal/models/userview.go:91.61,94.68 2 8
github.com/SkyPanel/SkyPanel/v3/internal/models/userview.go:94.68,96.3 1 1
github.com/SkyPanel/SkyPanel/v3/internal/models/userview.go:98.2,98.65 1 7
github.com/SkyPanel/SkyPanel/v3/internal/models/userview.go:98.65,100.3 1 1
github.com/SkyPanel/SkyPanel/v3/internal/models/userview.go:102.2,102.68 1 6
github.com/SkyPanel/SkyPanel/v3/internal/models/userview.go:102.68,104.3 1 0
github.com/SkyPanel/SkyPanel/v3/internal/models/userview.go:106.2,106.12 1 6
github.com/SkyPanel/SkyPanel/v3/internal/models/userview.go:109.58,112.65 2 6
github.com/SkyPanel/SkyPanel/v3/internal/models/userview.go:112.65,114.3 1 0
github.com/SkyPanel/SkyPanel/v3/internal/models/userview.go:116.2,116.65 1 6
github.com/SkyPanel/SkyPanel/v3/internal/models/userview.go:116.65,118.3 1 2
github.com/SkyPanel/SkyPanel/v3/internal/models/userview.go:120.2,120.12 1 4
github.com/SkyPanel/SkyPanel/v3/internal/logging/logger.go:20.32,21.14 1 0
github.com/SkyPanel/SkyPanel/v3/internal/logging/logger.go:21.14,23.22 2 0
github.com/SkyPanel/SkyPanel/v3/internal/logging/logger.go:23.22,25.4 1 0
github.com/SkyPanel/SkyPanel/v3/internal/logging/logger.go:27.3,28.37 2 0
github.com/SkyPanel/SkyPanel/v3/internal/logging/logger.go:28.37,29.14 1 0
github.com/SkyPanel/SkyPanel/v3/internal/logging/logger.go:32.3,33.17 2 0
github.com/SkyPanel/SkyPanel/v3/internal/logging/logger.go:33.17,34.14 1 0
github.com/SkyPanel/SkyPanel/v3/internal/logging/logger.go:37.3,38.36 2 0
github.com/SkyPanel/SkyPanel/v3/internal/logging/logger.go:45.2,62.12 10 0
github.com/SkyPanel/SkyPanel/v3/internal/logging/logger.go:62.12,64.3 1 0
github.com/SkyPanel/SkyPanel/v3/internal/logging/logger.go:66.2,66.12 1 0
github.com/SkyPanel/SkyPanel/v3/internal/logging/logger.go:66.12,68.3 1 0
github.com/SkyPanel/SkyPanel/v3/internal/logging/logger.go:70.2,71.18 2 0
github.com/SkyPanel/SkyPanel/v3/internal/logging/logger.go:74.14,75.21 1 0
github.com/SkyPanel/SkyPanel/v3/internal/logging/logger.go:75.21,77.3 1 0
github.com/SkyPanel/SkyPanel/v3/internal/logging/multi.go:21.58,22.30 1 0
github.com/SkyPanel/SkyPanel/v3/internal/logging/multi.go:22.30,23.15 1 0
github.com/SkyPanel/SkyPanel/v3/internal/logging/multi.go:23.15,24.12 1 0
github.com/SkyPanel/SkyPanel/v3/internal/logging/multi.go:26.3,27.17 2 0
github.com/SkyPanel/SkyPanel/v3/internal/logging/multi.go:27.17,29.4 1 0
github.com/SkyPanel/SkyPanel/v3/internal/logging/multi.go:30.3,30.18 1 0
github.com/SkyPanel/SkyPanel/v3/internal/logging/multi.go:30.18,33.4 2 0
github.com/SkyPanel/SkyPanel/v3/internal/logging/multi.go:35.2,35.20 1 0
github.com/SkyPanel/SkyPanel/v3/internal/logging/multi.go:40.64,43.30 3 0
github.com/SkyPanel/SkyPanel/v3/internal/logging/multi.go:43.30,44.40 1 0
github.com/SkyPanel/SkyPanel/v3/internal/logging/multi.go:44.40,46.4 1 0
github.com/SkyPanel/SkyPanel/v3/internal/logging/multi.go:46.9,47.16 1 0
github.com/SkyPanel/SkyPanel/v3/internal/logging/multi.go:47.16,49.5 1 0
github.com/SkyPanel/SkyPanel/v3/internal/logging/multi.go:50.4,50.23 1 0
github.com/SkyPanel/SkyPanel/v3/internal/logging/multi.go:52.3,52.32 1 0
github.com/SkyPanel/SkyPanel/v3/internal/logging/multi.go:52.32,54.4 1 0
github.com/SkyPanel/SkyPanel/v3/internal/logging/multi.go:55.3,55.36 1 0
github.com/SkyPanel/SkyPanel/v3/internal/logging/multi.go:55.36,57.4 1 0
github.com/SkyPanel/SkyPanel/v3/internal/logging/multi.go:59.2,59.25 1 0
github.com/SkyPanel/SkyPanel/v3/internal/logging/multi.go:68.50,70.28 2 0
github.com/SkyPanel/SkyPanel/v3/internal/logging/multi.go:70.28,71.16 1 0
github.com/SkyPanel/SkyPanel/v3/internal/logging/multi.go:71.16,72.12 1 0
github.com/SkyPanel/SkyPanel/v3/internal/logging/multi.go:74.3,74.37 1 0
github.com/SkyPanel/SkyPanel/v3/internal/logging/multi.go:74.37,76.4 1 0
github.com/SkyPanel/SkyPanel/v3/internal/logging/multi.go:76.9,78.4 1 0
github.com/SkyPanel/SkyPanel/v3/internal/logging/multi.go:80.2,80.33 1 0
github.com/SkyPanel/SkyPanel/v3/internal/logging/multi.go:83.27,84.16 1 0
github.com/SkyPanel/SkyPanel/v3/internal/logging/multi.go:84.16,86.3 1 0
github.com/SkyPanel/SkyPanel/v3/internal/logging/multi.go:88.2,90.11 3 0
github.com/SkyPanel/SkyPanel/v3/internal/logging/multi.go:92.59,93.19 1 0
github.com/SkyPanel/SkyPanel/v3/internal/logging/multi.go:96.2,96.14 1 0
github.com/SkyPanel/SkyPanel/v3/internal/logging/rotator.go:18.54,21.21 3 0
github.com/SkyPanel/SkyPanel/v3/internal/logging/rotator.go:21.21,23.3 1 0
github.com/SkyPanel/SkyPanel/v3/internal/logging/rotator.go:24.2,24.26 1 0
github.com/SkyPanel/SkyPanel/v3/internal/logging/rotator.go:27.33,28.21 1 0
github.com/SkyPanel/SkyPanel/v3/internal/logging/rotator.go:28.21,30.3 1 0
github.com/SkyPanel/SkyPanel/v3/internal/logging/rotator.go:31.2,31.25 1 0
github.com/SkyPanel/SkyPanel/v3/internal/logging/rotator.go:34.53,40.2 5 0
github.com/SkyPanel/SkyPanel/v3/internal/logging/rotator.go:42.45,43.28 1 0
github.com/SkyPanel/SkyPanel/v3/internal/logging/rotator.go:43.28,45.7 2 0
github.com/SkyPanel/SkyPanel/v3/internal/logging/rotator.go:45.7,51.18 4 0
github.com/SkyPanel/SkyPanel/v3/internal/logging/rotator.go:51.18,52.15 1 0
github.com/SkyPanel/SkyPanel/v3/internal/logging/rotator.go:55.4,55.21 1 0
github.com/SkyPanel/SkyPanel/v3/files/compression.go:26.61,33.66 4 0
github.com/SkyPanel/SkyPanel/v3/files/compression.go:33.66,36.42 2 0
github.com/SkyPanel/SkyPanel/v3/files/compression.go:36.42,38.4 1 0
github.com/SkyPanel/SkyPanel/v3/files/compression.go:39.3,40.21 2 0
github.com/SkyPanel/SkyPanel/v3/files/compression.go:40.21,43.4 2 0
github.com/SkyPanel/SkyPanel/v3/files/compression.go:44.3,44.23 1 0
github.com/SkyPanel/SkyPanel/v3/files/compression.go:44.23,46.4 1 0
github.com/SkyPanel/SkyPanel/v3/files/compression.go:47.3,47.13 1 0
github.com/SkyPanel/SkyPanel/v3/files/compression.go:50.2,50.16 1 0
github.com/SkyPanel/SkyPanel/v3/files/compression.go:50.16,52.3 1 0
github.com/SkyPanel/SkyPanel/v3/files/compression.go:54.2,54.26 1 0
github.com/SkyPanel/SkyPanel/v3/files/compression.go:57.108,58.15 1 0
github.com/SkyPanel/SkyPanel/v3/files/compression.go:58.15,60.3 1 0
github.com/SkyPanel/SkyPanel/v3/files/compression.go:62.2,62.14 1 0
github.com/SkyPanel/SkyPanel/v3/files/compression.go:62.14,65.17 3 0
github.com/SkyPanel/SkyPanel/v3/files/compression.go:65.17,67.4 1 0
github.com/SkyPanel/SkyPanel/v3/files/compression.go:70.2,70.23 1 0
github.com/SkyPanel/SkyPanel/v3/files/compression.go:70.23,72.3 1 0
github.com/SkyPanel/SkyPanel/v3/files/compression.go:74.2,74.76 1 0
github.com/SkyPanel/SkyPanel/v3/files/compression.go:77.71,78.21 1 0
github.com/SkyPanel/SkyPanel/v3/files/compression.go:78.21,80.3 1 0
github.com/SkyPanel/SkyPanel/v3/files/compression.go:82.2,82.15 1 0
github.com/SkyPanel/SkyPanel/v3/files/compression.go:82.15,88.27 4 0
github.com/SkyPanel/SkyPanel/v3/files/compression.go:88.27,90.32 2 0
github.com/SkyPanel/SkyPanel/v3/files/compression.go:90.32,92.35 2 0
github.com/SkyPanel/SkyPanel/v3/files/compression.go:92.35,94.29 1 0
github.com/SkyPanel/SkyPanel/v3/files/compression.go:94.29,96.7 1 0
github.com/SkyPanel/SkyPanel/v3/files/compression.go:98.10,98.37 1 0
github.com/SkyPanel/SkyPanel/v3/files/compression.go:98.37,100.5 1 0
github.com/SkyPanel/SkyPanel/v3/files/compression.go:102.3,102.24 1 0
github.com/SkyPanel/SkyPanel/v3/files/compression.go:105.2,105.44 1 0
github.com/SkyPanel/SkyPanel/v3/files/compression.go:108.88,109.46 1 0
github.com/SkyPanel/SkyPanel/v3/files/compression.go:109.46,112.50 2 0
github.com/SkyPanel/SkyPanel/v3/files/compression.go:112.50,114.4 1 0
github.com/SkyPanel/SkyPanel/v3/files/compression.go:116.3,116.15 1 0
github.com/SkyPanel/SkyPanel/v3/files/compression.go:116.15,118.4 1 0
github.com/SkyPanel/SkyPanel/v3/files/compression.go:120.3,123.10 3 0
github.com/SkyPanel/SkyPanel/v3/files/compression.go:124.28,125.17 1 0
github.com/SkyPanel/SkyPanel/v3/files/compression.go:125.17,126.50 1 0
github.com/SkyPanel/SkyPanel/v3/files/compression.go:126.50,128.6 1 0
github.com/SkyPanel/SkyPanel/v3/files/compression.go:129.10,130.50 1 0
github.com/SkyPanel/SkyPanel/v3/files/compression.go:130.50,132.6 1 0
github.com/SkyPanel/SkyPanel/v3/files/compression.go:134.32,135.17 1 0
github.com/SkyPanel/SkyPanel/v3/files/compression.go:135.17,136.52 1 0
github.com/SkyPanel/SkyPanel/v3/files/compression.go:136.52,138.6 1 0
github.com/SkyPanel/SkyPanel/v3/files/compression.go:139.10,140.52 1 0
github.com/SkyPanel/SkyPanel/v3/files/compression.go:140.52,142.6 1 0
github.com/SkyPanel/SkyPanel/v3/files/compression.go:144.4,145.17 2 0
github.com/SkyPanel/SkyPanel/v3/files/compression.go:145.17,147.5 1 0
github.com/SkyPanel/SkyPanel/v3/files/compression.go:147.10,149.5 1 0
github.com/SkyPanel/SkyPanel/v3/files/compression.go:151.4,151.18 1 0
github.com/SkyPanel/SkyPanel/v3/files/compression.go:151.18,153.5 1 0
github.com/SkyPanel/SkyPanel/v3/files/compression.go:154.4,155.46 2 0
github.com/SkyPanel/SkyPanel/v3/files/compression.go:156.40,158.18 2 0
github.com/SkyPanel/SkyPanel/v3/files/compression.go:158.18,160.5 1 0
github.com/SkyPanel/SkyPanel/v3/files/compression.go:162.4,162.17 1 0
github.com/SkyPanel/SkyPanel/v3/files/compression.go:162.17,163.52 1 0
github.com/SkyPanel/SkyPanel/v3/files/compression.go:163.52,165.6 1 0
github.com/SkyPanel/SkyPanel/v3/files/compression.go:166.5,166.51 1 0
github.com/SkyPanel/SkyPanel/v3/files/compression.go:166.51,168.6 1 0
github.com/SkyPanel/SkyPanel/v3/files/compression.go:169.10,170.52 1 0
github.com/SkyPanel/SkyPanel/v3/files/compression.go:170.52,172.6 1 0
github.com/SkyPanel/SkyPanel/v3/files/compression.go:173.5,173.51 1 0
github.com/SkyPanel/SkyPanel/v3/files/compression.go:173.51,175.6 1 0
github.com/SkyPanel/SkyPanel/v3/files/compression.go:179.3,179.9 1 0
github.com/SkyPanel/SkyPanel/v3/files/compression.go:184.55,188.33 1 0
github.com/SkyPanel/SkyPanel/v3/files/compression.go:189.22,190.16 1 0
github.com/SkyPanel/SkyPanel/v3/files/compression.go:191.19,192.16 1 0
github.com/SkyPanel/SkyPanel/v3/files/compression.go:193.10,194.21 1 0
github.com/SkyPanel/SkyPanel/v3/files/compression.go:198.56,199.33 1 0
github.com/SkyPanel/SkyPanel/v3/files/compression.go:200.19,201.25 1 0
github.com/SkyPanel/SkyPanel/v3/files/compression.go:202.22,205.17 3 0
github.com/SkyPanel/SkyPanel/v3/files/compression.go:205.17,207.4 1 0
github.com/SkyPanel/SkyPanel/v3/files/compression.go:208.3,208.36 1 0
github.com/SkyPanel/SkyPanel/v3/files/compression.go:209.10,210.45 1 0
github.com/SkyPanel/SkyPanel/v3/files/files.go:10.39,12.16 2 0
github.com/SkyPanel/SkyPanel/v3/files/files.go:12.16,14.3 1 0
github.com/SkyPanel/SkyPanel/v3/files/files.go:15.2,18.16 3 0
github.com/SkyPanel/SkyPanel/v3/files/files.go:18.16,20.3 1 0
github.com/SkyPanel/SkyPanel/v3/files/files.go:21.2,22.16 2 0
github.com/SkyPanel/SkyPanel/v3/files/files.go:22.16,24.3 1 0
github.com/SkyPanel/SkyPanel/v3/files/files.go:25.2,27.12 3 0
github.com/SkyPanel/SkyPanel/v3/files/files.go:30.50,32.16 2 0
github.com/SkyPanel/SkyPanel/v3/files/files.go:32.16,34.3 1 0
github.com/SkyPanel/SkyPanel/v3/files/files.go:35.2,37.12 3 0
github.com/SkyPanel/SkyPanel/v3/files/filesystem.go:42.69,46.16 4 0
github.com/SkyPanel/SkyPanel/v3/files/filesystem.go:46.16,48.3 1 0
github.com/SkyPanel/SkyPanel/v3/files/filesystem.go:49.2,49.15 1 0
github.com/SkyPanel/SkyPanel/v3/files/filesystem.go:52.40,54.2 1 0
github.com/SkyPanel/SkyPanel/v3/files/filesystem.go:56.59,58.2 1 0
github.com/SkyPanel/SkyPanel/v3/files/filesystem.go:60.63,62.16 2 0
github.com/SkyPanel/SkyPanel/v3/files/filesystem.go:62.16,64.3 1 0
github.com/SkyPanel/SkyPanel/v3/files/filesystem.go:65.2,66.17 2 0
github.com/SkyPanel/SkyPanel/v3/files/filesystem.go:69.63,71.2 1 0
github.com/SkyPanel/SkyPanel/v3/files/filesystem.go:73.68,75.16 2 0
github.com/SkyPanel/SkyPanel/v3/files/filesystem.go:75.16,77.3 1 0
github.com/SkyPanel/SkyPanel/v3/files/filesystem.go:78.2,80.26 2 0
github.com/SkyPanel/SkyPanel/v3/files/filesystem.go:83.63,85.23 2 0
github.com/SkyPanel/SkyPanel/v3/files/filesystem.go:85.23,87.3 1 0
github.com/SkyPanel/SkyPanel/v3/files/filesystem.go:89.2,91.16 2 0
github.com/SkyPanel/SkyPanel/v3/files/filesystem.go:91.16,93.3 1 0
github.com/SkyPanel/SkyPanel/v3/files/filesystem.go:95.2,96.26 2 0
github.com/SkyPanel/SkyPanel/v3/files/filesystem.go:96.26,97.63 1 0
github.com/SkyPanel/SkyPanel/v3/files/filesystem.go:97.63,99.4 1 0
github.com/SkyPanel/SkyPanel/v3/files/filesystem.go:101.2,101.21 1 0
github.com/SkyPanel/SkyPanel/v3/files/filesystem.go:104.38,106.2 1 0
github.com/SkyPanel/SkyPanel/v3/files/filesystem.go:108.93,111.16 2 0
github.com/SkyPanel/SkyPanel/v3/files/filesystem.go:111.16,113.3 1 0
github.com/SkyPanel/SkyPanel/v3/files/filesystem.go:116.2,116.28 1 0
github.com/SkyPanel/SkyPanel/v3/files/filesystem.go:116.28,118.3 1 0
github.com/SkyPanel/SkyPanel/v3/files/filesystem.go:120.2,122.24 3 0
github.com/SkyPanel/SkyPanel/v3/files/filesystem.go:122.24,129.17 2 0
github.com/SkyPanel/SkyPanel/v3/files/filesystem.go:129.17,131.4 1 0
github.com/SkyPanel/SkyPanel/v3/files/filesystem.go:132.8,139.42 4 0
github.com/SkyPanel/SkyPanel/v3/files/filesystem.go:139.42,141.28 2 0
github.com/SkyPanel/SkyPanel/v3/files/filesystem.go:141.28,143.5 1 0
github.com/SkyPanel/SkyPanel/v3/files/filesystem.go:144.4,144.18 1 0
github.com/SkyPanel/SkyPanel/v3/files/filesystem.go:144.18,146.5 1 0
github.com/SkyPanel/SkyPanel/v3/files/filesystem.go:147.4,147.19 1 0
github.com/SkyPanel/SkyPanel/v3/files/filesystem.go:150.3,151.27 2 0
github.com/SkyPanel/SkyPanel/v3/files/filesystem.go:151.27,153.4 1 0
github.com/SkyPanel/SkyPanel/v3/files/filesystem.go:154.3,154.17 1 0
github.com/SkyPanel/SkyPanel/v3/files/filesystem.go:154.17,156.4 1 0
github.com/SkyPanel/SkyPanel/v3/files/filesystem.go:159.2,160.45 2 0
github.com/SkyPanel/SkyPanel/v3/files/filesystem.go:160.45,162.3 1 0
github.com/SkyPanel/SkyPanel/v3/files/filesystem.go:163.2,163.18 1 0
github.com/SkyPanel/SkyPanel/v3/files/filesystem.go:166.70,174.21 3 0
github.com/SkyPanel/SkyPanel/v3/files/filesystem.go:174.21,176.3 1 0
github.com/SkyPanel/SkyPanel/v3/files/filesystem.go:178.2,179.23 2 0
github.com/SkyPanel/SkyPanel/v3/files/filesystem.go:179.23,181.49 2 0
github.com/SkyPanel/SkyPanel/v3/files/filesystem.go:181.49,183.4 1 0
github.com/SkyPanel/SkyPanel/v3/files/filesystem.go:186.2,186.12 1 0
github.com/SkyPanel/SkyPanel/v3/files/filesystem.go:189.60,200.16 8 0
github.com/SkyPanel/SkyPanel/v3/files/filesystem.go:200.16,202.3 1 0
github.com/SkyPanel/SkyPanel/v3/files/filesystem.go:203.2,206.16 3 0
github.com/SkyPanel/SkyPanel/v3/files/filesystem.go:206.16,208.3 1 0
github.com/SkyPanel/SkyPanel/v3/files/filesystem.go:209.2,212.12 3 0
github.com/SkyPanel/SkyPanel/v3/files/filesystem.go:215.67,220.18 4 0
github.com/SkyPanel/SkyPanel/v3/files/filesystem.go:220.18,222.17 2 0
github.com/SkyPanel/SkyPanel/v3/files/filesystem.go:222.17,224.4 1 0
github.com/SkyPanel/SkyPanel/v3/files/filesystem.go:225.3,225.20 1 0
github.com/SkyPanel/SkyPanel/v3/files/filesystem.go:225.20,227.4 1 0
github.com/SkyPanel/SkyPanel/v3/files/filesystem.go:229.3,229.13 1 0
github.com/SkyPanel/SkyPanel/v3/files/filesystem.go:232.2,233.16 2 0
github.com/SkyPanel/SkyPanel/v3/files/filesystem.go:233.16,235.3 1 0
github.com/SkyPanel/SkyPanel/v3/files/filesystem.go:236.2,238.16 3 0
github.com/SkyPanel/SkyPanel/v3/files/filesystem.go:238.16,240.3 1 0
github.com/SkyPanel/SkyPanel/v3/files/filesystem.go:241.2,241.19 1 0
github.com/SkyPanel/SkyPanel/v3/files/filesystem.go:241.19,243.3 1 0
github.com/SkyPanel/SkyPanel/v3/files/filesystem.go:244.2,244.12 1 0
github.com/SkyPanel/SkyPanel/v3/files/filesystem.go:247.50,253.16 5 0
github.com/SkyPanel/SkyPanel/v3/files/filesystem.go:253.16,255.3 1 0
github.com/SkyPanel/SkyPanel/v3/files/filesystem.go:256.2,259.16 3 0
github.com/SkyPanel/SkyPanel/v3/files/filesystem.go:259.16,261.3 1 0
github.com/SkyPanel/SkyPanel/v3/files/filesystem.go:262.2,264.16 3 0
github.com/SkyPanel/SkyPanel/v3/files/filesystem.go:264.16,266.3 1 0
github.com/SkyPanel/SkyPanel/v3/files/filesystem.go:268.2,268.18 1 0
github.com/SkyPanel/SkyPanel/v3/files/filesystem.go:268.18,270.3 1 0
github.com/SkyPanel/SkyPanel/v3/files/filesystem.go:272.2,272.43 1 0
github.com/SkyPanel/SkyPanel/v3/files/filesystem.go:275.53,279.16 3 0
github.com/SkyPanel/SkyPanel/v3/files/filesystem.go:279.16,281.3 1 0
github.com/SkyPanel/SkyPanel/v3/files/filesystem.go:282.2,285.16 3 0
github.com/SkyPanel/SkyPanel/v3/files/filesystem.go:285.16,287.3 1 0
github.com/SkyPanel/SkyPanel/v3/files/filesystem.go:290.2,290.26 1 0
github.com/SkyPanel/SkyPanel/v3/files/filesystem.go:290.26,291.48 1 0
github.com/SkyPanel/SkyPanel/v3/files/filesystem.go:291.48,294.18 2 0
github.com/SkyPanel/SkyPanel/v3/files/filesystem.go:294.18,296.5 1 0
github.com/SkyPanel/SkyPanel/v3/files/filesystem.go:297.9,299.18 2 0
github.com/SkyPanel/SkyPanel/v3/files/filesystem.go:299.18,301.5 1 0
github.com/SkyPanel/SkyPanel/v3/files/filesystem.go:305.2,306.12 2 0
github.com/SkyPanel/SkyPanel/v3/files/filesystem.go:309.28,311.2 1 0
github.com/SkyPanel/SkyPanel/v3/files/filesystem.go:313.35,317.32 3 0
github.com/SkyPanel/SkyPanel/v3/files/filesystem.go:317.32,319.3 1 0
github.com/SkyPanel/SkyPanel/v3/files/filesystem.go:321.2,321.13 1 0
github.com/SkyPanel/SkyPanel/v3/files/filesystem.go:324.58,326.2 1 0
github.com/SkyPanel/SkyPanel/v3/files/mergedfs.go:13.46,17.2 1 0
github.com/SkyPanel/SkyPanel/v3/files/mergedfs.go:25.55,28.36 3 0
github.com/SkyPanel/SkyPanel/v3/files/mergedfs.go:28.36,30.15 2 0
github.com/SkyPanel/SkyPanel/v3/files/mergedfs.go:30.15,32.4 1 0
github.com/SkyPanel/SkyPanel/v3/files/mergedfs.go:33.3,33.24 1 0
github.com/SkyPanel/SkyPanel/v3/files/mergedfs.go:33.24,35.4 1 0
github.com/SkyPanel/SkyPanel/v3/files/mergedfs.go:37.2,37.13 1 0
github.com/SkyPanel/SkyPanel/v3/files/mergedfs.go:40.64,43.36 2 0
github.com/SkyPanel/SkyPanel/v3/files/mergedfs.go:43.36,44.42 1 0
github.com/SkyPanel/SkyPanel/v3/files/mergedfs.go:44.42,46.41 2 0
github.com/SkyPanel/SkyPanel/v3/files/mergedfs.go:46.41,48.5 1 0
github.com/SkyPanel/SkyPanel/v3/files/mergedfs.go:50.4,50.32 1 0
github.com/SkyPanel/SkyPanel/v3/files/mergedfs.go:50.32,52.31 2 0
github.com/SkyPanel/SkyPanel/v3/files/mergedfs.go:52.31,53.30 1 0
github.com/SkyPanel/SkyPanel/v3/files/mergedfs.go:53.30,55.7 1 0
github.com/SkyPanel/SkyPanel/v3/files/mergedfs.go:57.5,57.19 1 0
github.com/SkyPanel/SkyPanel/v3/files/mergedfs.go:57.19,59.6 1 0
github.com/SkyPanel/SkyPanel/v3/files/mergedfs.go:64.2,64.21 1 0
github.com/SkyPanel/SkyPanel/v3/files/mergedfs.go:67.67,68.36 1 0
github.com/SkyPanel/SkyPanel/v3/files/mergedfs.go:68.36,69.44 1 0
github.com/SkyPanel/SkyPanel/v3/files/mergedfs.go:69.44,71.41 2 0
github.com/SkyPanel/SkyPanel/v3/files/mergedfs.go:71.41,73.5 1 0
github.com/SkyPanel/SkyPanel/v3/files/mergedfs.go:74.9,77.41 2 0
github.com/SkyPanel/SkyPanel/v3/files/mergedfs.go:77.41,79.5 1 0
github.com/SkyPanel/SkyPanel/v3/files/mergedfs.go:83.2,83.28 1 0
github.com/SkyPanel/SkyPanel/v3/files/mergedfs.go:86.51,90.39 3 0
github.com/SkyPanel/SkyPanel/v3/files/mergedfs.go:90.39,92.3 1 0
github.com/SkyPanel/SkyPanel/v3/files/mergedfs.go:95.2,97.16 3 0
github.com/SkyPanel/SkyPanel/v3/files/mergedfs.go:97.16,99.3 1 0
github.com/SkyPanel/SkyPanel/v3/files/mergedfs.go:100.2,102.18 3 0
github.com/SkyPanel/SkyPanel/v3/internal/middleware/api_key_auth.go:13.43,15.17 2 0
github.com/SkyPanel/SkyPanel/v3/internal/middleware/api_key_auth.go:15.17,17.47 2 0
github.com/SkyPanel/SkyPanel/v3/internal/middleware/api_key_auth.go:17.47,19.4 1 0
github.com/SkyPanel/SkyPanel/v3/internal/middleware/api_key_auth.go:22.2,22.53 1 0
github.com/SkyPanel/SkyPanel/v3/internal/middleware/api_key_auth.go:22.53,25.3 2 0
github.com/SkyPanel/SkyPanel/v3/internal/middleware/api_key_auth.go:27.2,28.66 2 0
github.com/SkyPanel/SkyPanel/v3/internal/middleware/api_key_auth.go:28.66,30.3 1 0
github.com/SkyPanel/SkyPanel/v3/internal/middleware/api_key_auth.go:32.2,34.16 3 0
github.com/SkyPanel/SkyPanel/v3/internal/middleware/api_key_auth.go:34.16,37.3 2 0
github.com/SkyPanel/SkyPanel/v3/internal/middleware/api_key_auth.go:40.2,41.10 2 0
github.com/SkyPanel/SkyPanel/v3/internal/middleware/auth.go:20.37,21.28 1 0
github.com/SkyPanel/SkyPanel/v3/internal/middleware/auth.go:21.28,22.47 1 0
github.com/SkyPanel/SkyPanel/v3/internal/middleware/auth.go:22.47,25.43 2 0
github.com/SkyPanel/SkyPanel/v3/internal/middleware/auth.go:25.43,26.32 1 0
github.com/SkyPanel/SkyPanel/v3/internal/middleware/auth.go:26.32,28.11 2 0
github.com/SkyPanel/SkyPanel/v3/internal/middleware/auth.go:31.4,31.13 1 0
github.com/SkyPanel/SkyPanel/v3/internal/middleware/auth.go:31.13,33.5 1 0
github.com/SkyPanel/SkyPanel/v3/internal/middleware/auth.go:37.2,38.66 2 0
github.com/SkyPanel/SkyPanel/v3/internal/middleware/auth.go:38.66,40.3 1 0
github.com/SkyPanel/SkyPanel/v3/internal/middleware/auth.go:42.2,51.22 5 0
github.com/SkyPanel/SkyPanel/v3/internal/middleware/auth.go:51.22,54.54 2 0
github.com/SkyPanel/SkyPanel/v3/internal/middleware/auth.go:54.54,58.4 3 0
github.com/SkyPanel/SkyPanel/v3/internal/middleware/auth.go:59.8,61.22 2 0
github.com/SkyPanel/SkyPanel/v3/internal/middleware/auth.go:61.22,65.4 3 0
github.com/SkyPanel/SkyPanel/v3/internal/middleware/auth.go:67.3,67.45 1 0
github.com/SkyPanel/SkyPanel/v3/internal/middleware/auth.go:67.45,71.4 3 0
github.com/SkyPanel/SkyPanel/v3/internal/middleware/auth.go:73.3,73.19 1 0
github.com/SkyPanel/SkyPanel/v3/internal/middleware/auth.go:76.2,76.66 1 0
github.com/SkyPanel/SkyPanel/v3/internal/middleware/auth.go:76.66,78.3 1 0
github.com/SkyPanel/SkyPanel/v3/internal/middleware/auth.go:81.2,83.44 2 0
github.com/SkyPanel/SkyPanel/v3/internal/middleware/auth.go:83.44,87.3 3 0
github.com/SkyPanel/SkyPanel/v3/internal/middleware/auth.go:87.8,87.73 1 0
github.com/SkyPanel/SkyPanel/v3/internal/middleware/auth.go:87.73,89.3 1 0
github.com/SkyPanel/SkyPanel/v3/internal/middleware/auth.go:91.2,91.24 1 0
github.com/SkyPanel/SkyPanel/v3/internal/middleware/auth.go:91.24,93.3 1 0
github.com/SkyPanel/SkyPanel/v3/internal/middleware/auth.go:94.2,94.26 1 0
github.com/SkyPanel/SkyPanel/v3/internal/middleware/auth.go:94.26,96.3 1 0
github.com/SkyPanel/SkyPanel/v3/internal/middleware/database.go:15.36,18.16 2 0
github.com/SkyPanel/SkyPanel/v3/internal/middleware/database.go:18.16,21.3 2 0
github.com/SkyPanel/SkyPanel/v3/internal/middleware/database.go:23.2,23.66 1 0
github.com/SkyPanel/SkyPanel/v3/internal/middleware/database.go:23.66,25.3 1 0
github.com/SkyPanel/SkyPanel/v3/internal/middleware/database.go:27.2,27.17 1 0
github.com/SkyPanel/SkyPanel/v3/internal/middleware/database.go:30.43,32.12 2 0
github.com/SkyPanel/SkyPanel/v3/internal/middleware/database.go:32.12,34.3 1 0
github.com/SkyPanel/SkyPanel/v3/internal/middleware/database.go:35.2,36.9 2 0
github.com/SkyPanel/SkyPanel/v3/internal/middleware/database.go:36.9,38.3 1 0
github.com/SkyPanel/SkyPanel/v3/internal/middleware/database.go:39.2,39.15 1 0
github.com/SkyPanel/SkyPanel/v3/internal/middleware/database.go:42.37,45.15 2 0
github.com/SkyPanel/SkyPanel/v3/internal/middleware/database.go:45.15,48.16 3 0
github.com/SkyPanel/SkyPanel/v3/internal/middleware/database.go:48.16,51.4 2 0
github.com/SkyPanel/SkyPanel/v3/internal/middleware/database.go:54.2,56.48 2 0
github.com/SkyPanel/SkyPanel/v3/internal/middleware/database.go:56.48,61.24 3 0
github.com/SkyPanel/SkyPanel/v3/internal/middleware/database.go:61.24,64.4 2 0
github.com/SkyPanel/SkyPanel/v3/internal/middleware/database.go:64.9,64.38 1 0
github.com/SkyPanel/SkyPanel/v3/internal/middleware/database.go:64.38,66.4 1 0
github.com/SkyPanel/SkyPanel/v3/internal/middleware/database.go:67.3,67.13 1 0
github.com/SkyPanel/SkyPanel/v3/internal/middleware/decrypt.go:12.34,14.66 2 0
github.com/SkyPanel/SkyPanel/v3/internal/middleware/decrypt.go:14.66,16.3 1 0
github.com/SkyPanel/SkyPanel/v3/internal/middleware/decrypt.go:18.2,21.45 3 0
github.com/SkyPanel/SkyPanel/v3/internal/middleware/decrypt.go:21.45,25.3 3 0
github.com/SkyPanel/SkyPanel/v3/internal/middleware/decrypt.go:26.2,30.57 3 0
github.com/SkyPanel/SkyPanel/v3/internal/middleware/decrypt.go:30.57,32.3 1 0
github.com/SkyPanel/SkyPanel/v3/internal/middleware/middleware.go:19.41,20.15 1 0
github.com/SkyPanel/SkyPanel/v3/internal/middleware/middleware.go:20.15,21.35 1 0
github.com/SkyPanel/SkyPanel/v3/internal/middleware/middleware.go:21.35,22.33 1 0
github.com/SkyPanel/SkyPanel/v3/internal/middleware/middleware.go:22.33,24.5 1 0
github.com/SkyPanel/SkyPanel/v3/internal/middleware/middleware.go:25.4,28.13 3 0
github.com/SkyPanel/SkyPanel/v3/internal/middleware/middleware.go:32.2,32.10 1 0
github.com/SkyPanel/SkyPanel/v3/internal/middleware/middleware.go:35.30,36.15 1 0
github.com/SkyPanel/SkyPanel/v3/internal/middleware/middleware.go:36.15,37.35 1 0
github.com/SkyPanel/SkyPanel/v3/internal/middleware/middleware.go:37.35,40.4 2 0
github.com/SkyPanel/SkyPanel/v3/internal/middleware/middleware.go:43.2,43.10 1 0
github.com/SkyPanel/SkyPanel/v3/internal/middleware/middleware.go:46.61,47.30 1 0
github.com/SkyPanel/SkyPanel/v3/internal/middleware/middleware.go:47.30,48.32 1 0
github.com/SkyPanel/SkyPanel/v3/internal/middleware/middleware.go:48.32,49.22 1 0
github.com/SkyPanel/SkyPanel/v3/internal/middleware/middleware.go:49.22,51.5 1 0
github.com/SkyPanel/SkyPanel/v3/internal/middleware/middleware.go:56.68,57.30 1 0
github.com/SkyPanel/SkyPanel/v3/internal/middleware/middleware.go:57.30,58.27 1 0
github.com/SkyPanel/SkyPanel/v3/internal/middleware/middleware.go:58.27,59.29 1 0
github.com/SkyPanel/SkyPanel/v3/internal/middleware/middleware.go:59.29,61.5 1 0
github.com/SkyPanel/SkyPanel/v3/internal/middleware/middleware.go:63.3,63.21 1 0
github.com/SkyPanel/SkyPanel/v3/internal/middleware/middleware.go:63.21,65.4 1 0
github.com/SkyPanel/SkyPanel/v3/internal/middleware/middleware.go:69.63,72.15 2 0
github.com/SkyPanel/SkyPanel/v3/internal/middleware/middleware.go:72.15,73.42 1 0
github.com/SkyPanel/SkyPanel/v3/internal/middleware/middleware.go:73.42,75.4 1 0
github.com/SkyPanel/SkyPanel/v3/internal/middleware/middleware.go:78.2,79.19 2 0
github.com/SkyPanel/SkyPanel/v3/internal/middleware/middleware.go:79.19,81.3 1 0
github.com/SkyPanel/SkyPanel/v3/internal/middleware/middleware.go:83.2,84.13 2 0
github.com/SkyPanel/SkyPanel/v3/internal/middleware/middleware.go:84.13,86.3 1 0
github.com/SkyPanel/SkyPanel/v3/internal/middleware/middleware.go:87.2,88.9 2 0
github.com/SkyPanel/SkyPanel/v3/internal/middleware/middleware.go:88.9,89.28 1 0
github.com/SkyPanel/SkyPanel/v3/internal/middleware/middleware.go:93.2,94.38 2 0
github.com/SkyPanel/SkyPanel/v3/internal/middleware/middleware.go:94.38,96.3 1 0
github.com/SkyPanel/SkyPanel/v3/internal/middleware/middleware.go:98.2,104.66 5 0
github.com/SkyPanel/SkyPanel/v3/internal/middleware/middleware.go:104.66,106.3 1 0
github.com/SkyPanel/SkyPanel/v3/internal/middleware/middleware.go:108.2,109.20 2 0
github.com/SkyPanel/SkyPanel/v3/internal/middleware/middleware.go:109.20,112.67 2 0
github.com/SkyPanel/SkyPanel/v3/internal/middleware/middleware.go:112.67,114.4 1 0
github.com/SkyPanel/SkyPanel/v3/internal/middleware/middleware.go:115.3,115.27 1 0
github.com/SkyPanel/SkyPanel/v3/internal/middleware/middleware.go:118.2,121.24 2 0
github.com/SkyPanel/SkyPanel/v3/internal/middleware/middleware.go:121.24,124.35 2 0
github.com/SkyPanel/SkyPanel/v3/internal/middleware/middleware.go:124.35,126.4 1 0
github.com/SkyPanel/SkyPanel/v3/internal/middleware/middleware.go:126.9,129.4 2 0
github.com/SkyPanel/SkyPanel/v3/internal/middleware/middleware.go:131.3,131.32 1 0
github.com/SkyPanel/SkyPanel/v3/internal/middleware/middleware.go:131.32,133.25 1 0
github.com/SkyPanel/SkyPanel/v3/internal/middleware/middleware.go:133.25,135.5 1 0
github.com/SkyPanel/SkyPanel/v3/internal/middleware/middleware.go:136.4,136.34 1 0
github.com/SkyPanel/SkyPanel/v3/internal/middleware/middleware.go:136.34,139.5 2 0
github.com/SkyPanel/SkyPanel/v3/internal/middleware/middleware.go:143.2,143.26 1 0
github.com/SkyPanel/SkyPanel/v3/internal/middleware/middleware.go:143.26,144.30 1 0
github.com/SkyPanel/SkyPanel/v3/internal/middleware/middleware.go:144.30,146.4 1 0
github.com/SkyPanel/SkyPanel/v3/internal/middleware/middleware.go:149.2,150.13 2 0
github.com/SkyPanel/SkyPanel/v3/internal/middleware/middleware.go:150.13,153.3 2 0
github.com/SkyPanel/SkyPanel/v3/internal/middleware/middleware.go:153.8,155.3 1 0
github.com/SkyPanel/SkyPanel/v3/internal/middleware/middleware.go:157.2,157.16 1 0
github.com/SkyPanel/SkyPanel/v3/internal/middleware/middleware.go:160.38,164.22 2 0
github.com/SkyPanel/SkyPanel/v3/internal/middleware/middleware.go:164.22,167.22 3 0
github.com/SkyPanel/SkyPanel/v3/internal/middleware/middleware.go:167.22,169.4 1 0
github.com/SkyPanel/SkyPanel/v3/internal/middleware/middleware.go:171.3,171.45 1 0
github.com/SkyPanel/SkyPanel/v3/internal/middleware/middleware.go:171.45,173.4 1 0
github.com/SkyPanel/SkyPanel/v3/internal/middleware/middleware.go:175.3,175.18 1 0
github.com/SkyPanel/SkyPanel/v3/internal/middleware/middleware.go:178.2,179.38 2 0
github.com/SkyPanel/SkyPanel/v3/internal/middleware/middleware.go:179.38,181.3 1 0
github.com/SkyPanel/SkyPanel/v3/internal/middleware/middleware.go:182.2,182.34 1 0
github.com/SkyPanel/SkyPanel/v3/internal/middleware/middleware.go:185.41,187.20 2 0
github.com/SkyPanel/SkyPanel/v3/internal/middleware/middleware.go:187.20,190.3 2 0
github.com/SkyPanel/SkyPanel/v3/internal/middleware/middleware.go:192.2,195.66 4 0
github.com/SkyPanel/SkyPanel/v3/internal/middleware/middleware.go:195.66,197.3 1 0
github.com/SkyPanel/SkyPanel/v3/internal/middleware/middleware.go:197.8,197.26 1 0
github.com/SkyPanel/SkyPanel/v3/internal/middleware/middleware.go:197.26,200.3 2 0
github.com/SkyPanel/SkyPanel/v3/internal/middleware/middleware.go:201.2,201.25 1 0
github.com/SkyPanel/SkyPanel/v3/internal/middleware/middleware.go:204.40,206.20 2 0
github.com/SkyPanel/SkyPanel/v3/internal/middleware/middleware.go:206.20,209.3 2 0
github.com/SkyPanel/SkyPanel/v3/internal/middleware/middleware.go:211.2,212.19 2 0
github.com/SkyPanel/SkyPanel/v3/internal/middleware/middleware.go:212.19,215.3 2 0
github.com/SkyPanel/SkyPanel/v3/internal/middleware/middleware.go:216.2,216.26 1 0
github.com/SkyPanel/SkyPanel/v3/internal/middleware/version.go:8.39,10.2 1 0
github.com/SkyPanel/SkyPanel/v3/internal/email/debug.go:11.13,13.2 1 0
github.com/SkyPanel/SkyPanel/v3/internal/email/debug.go:15.59,18.2 2 0
github.com/SkyPanel/SkyPanel/v3/internal/email/mailgun.go:14.13,16.2 1 0
github.com/SkyPanel/SkyPanel/v3/internal/email/mailgun.go:18.61,20.18 2 0
github.com/SkyPanel/SkyPanel/v3/internal/email/mailgun.go:20.18,22.3 1 0
github.com/SkyPanel/SkyPanel/v3/internal/email/mailgun.go:24.2,25.16 2 0
github.com/SkyPanel/SkyPanel/v3/internal/email/mailgun.go:25.16,27.3 1 0
github.com/SkyPanel/SkyPanel/v3/internal/email/mailgun.go:29.2,30.15 2 0
github.com/SkyPanel/SkyPanel/v3/internal/email/mailgun.go:30.15,32.3 1 0
github.com/SkyPanel/SkyPanel/v3/internal/email/mailgun.go:34.2,38.12 4 0
github.com/SkyPanel/SkyPanel/v3/internal/email/mailjet.go:13.13,15.2 1 0
github.com/SkyPanel/SkyPanel/v3/internal/email/mailjet.go:17.61,19.18 2 0
github.com/SkyPanel/SkyPanel/v3/internal/email/mailjet.go:19.18,21.3 1 0
github.com/SkyPanel/SkyPanel/v3/internal/email/mailjet.go:23.2,24.16 2 0
github.com/SkyPanel/SkyPanel/v3/internal/email/mailjet.go:24.16,26.3 1 0
github.com/SkyPanel/SkyPanel/v3/internal/email/mailjet.go:28.2,29.15 2 0
github.com/SkyPanel/SkyPanel/v3/internal/email/mailjet.go:29.15,31.3 1 0
github.com/SkyPanel/SkyPanel/v3/internal/email/mailjet.go:33.2,52.12 5 0
github.com/SkyPanel/SkyPanel/v3/internal/email/provider.go:11.44,13.2 1 0
github.com/SkyPanel/SkyPanel/v3/internal/email/sendgrid.go:14.13,16.2 1 0
github.com/SkyPanel/SkyPanel/v3/internal/email/sendgrid.go:18.62,20.16 2 0
github.com/SkyPanel/SkyPanel/v3/internal/email/sendgrid.go:20.16,22.3 1 0
github.com/SkyPanel/SkyPanel/v3/internal/email/sendgrid.go:24.2,25.15 2 0
github.com/SkyPanel/SkyPanel/v3/internal/email/sendgrid.go:25.15,27.3 1 0
github.com/SkyPanel/SkyPanel/v3/internal/email/sendgrid.go:29.2,35.12 6 0
github.com/SkyPanel/SkyPanel/v3/internal/email/smtp.go:16.13,18.2 1 0
github.com/SkyPanel/SkyPanel/v3/internal/email/smtp.go:20.58,22.16 2 0
github.com/SkyPanel/SkyPanel/v3/internal/email/smtp.go:22.16,24.3 1 0
github.com/SkyPanel/SkyPanel/v3/internal/email/smtp.go:26.2,27.16 2 0
github.com/SkyPanel/SkyPanel/v3/internal/email/smtp.go:27.16,29.3 1 0
github.com/SkyPanel/SkyPanel/v3/internal/email/smtp.go:31.2,37.16 2 0
github.com/SkyPanel/SkyPanel/v3/internal/email/smtp.go:37.16,39.3 1 0
github.com/SkyPanel/SkyPanel/v3/internal/email/smtp.go:40.2,45.38 5 0
github.com/SkyPanel/SkyPanel/v3/internal/email/smtp.go:45.38,47.3 1 0
github.com/SkyPanel/SkyPanel/v3/internal/email/smtp.go:48.2,48.34 1 0
github.com/SkyPanel/SkyPanel/v3/internal/email/smtp.go:48.34,50.3 1 0
github.com/SkyPanel/SkyPanel/v3/internal/email/smtp.go:52.2,56.32 4 0
github.com/SkyPanel/SkyPanel/v3/docs/docs.go:6529.13,6531.2 1 0
github.com/SkyPanel/SkyPanel/v3/internal/database/loader.go:25.35,31.19 3 0
github.com/SkyPanel/SkyPanel/v3/internal/database/loader.go:31.19,33.3 1 0
github.com/SkyPanel/SkyPanel/v3/internal/database/loader.go:35.2,39.17 4 0
github.com/SkyPanel/SkyPanel/v3/internal/database/loader.go:40.17,41.38 1 0
github.com/SkyPanel/SkyPanel/v3/internal/database/loader.go:42.15,43.37 1 0
github.com/SkyPanel/SkyPanel/v3/internal/database/loader.go:44.20,45.40 1 0
github.com/SkyPanel/SkyPanel/v3/internal/database/loader.go:46.19,47.41 1 0
github.com/SkyPanel/SkyPanel/v3/internal/database/loader.go:48.10,49.51 1 0
github.com/SkyPanel/SkyPanel/v3/internal/database/loader.go:52.2,60.43 3 0
github.com/SkyPanel/SkyPanel/v3/internal/database/loader.go:60.43,63.3 2 0
github.com/SkyPanel/SkyPanel/v3/internal/database/loader.go:66.2,70.16 3 0
github.com/SkyPanel/SkyPanel/v3/internal/database/loader.go:70.16,74.3 3 0
github.com/SkyPanel/SkyPanel/v3/internal/database/loader.go:76.2,76.26 1 0
github.com/SkyPanel/SkyPanel/v3/internal/database/loader.go:76.26,78.15 2 0
github.com/SkyPanel/SkyPanel/v3/internal/database/loader.go:78.15,80.4 1 0
github.com/SkyPanel/SkyPanel/v3/internal/database/loader.go:81.3,81.23 1 0
github.com/SkyPanel/SkyPanel/v3/internal/database/loader.go:84.2,84.12 1 0
github.com/SkyPanel/SkyPanel/v3/internal/database/loader.go:87.40,89.19 2 0
github.com/SkyPanel/SkyPanel/v3/internal/database/loader.go:89.19,91.3 1 0
github.com/SkyPanel/SkyPanel/v3/internal/database/loader.go:93.2,93.20 1 0
github.com/SkyPanel/SkyPanel/v3/internal/database/loader.go:96.14,97.19 1 0
github.com/SkyPanel/SkyPanel/v3/internal/database/loader.go:97.19,100.3 2 0
github.com/SkyPanel/SkyPanel/v3/internal/database/loader.go:103.26,105.19 2 0
github.com/SkyPanel/SkyPanel/v3/internal/database/loader.go:105.19,107.3 1 0
github.com/SkyPanel/SkyPanel/v3/internal/database/loader.go:108.2,108.16 1 0
github.com/SkyPanel/SkyPanel/v3/internal/database/loader.go:111.35,115.22 3 0
github.com/SkyPanel/SkyPanel/v3/internal/database/loader.go:115.22,116.18 1 0
github.com/SkyPanel/SkyPanel/v3/internal/database/loader.go:117.16,118.46 1 0
github.com/SkyPanel/SkyPanel/v3/internal/database/loader.go:119.18,120.35 1 0
github.com/SkyPanel/SkyPanel/v3/internal/database/loader.go:124.2,124.24 1 0
github.com/SkyPanel/SkyPanel/v3/internal/database/loader.go:124.24,127.3 2 0
github.com/SkyPanel/SkyPanel/v3/internal/database/loader.go:127.8,127.33 1 0
github.com/SkyPanel/SkyPanel/v3/internal/database/loader.go:127.33,134.3 6 0
github.com/SkyPanel/SkyPanel/v3/internal/database/loader.go:135.2,135.19 1 0
github.com/SkyPanel/SkyPanel/v3/internal/database/loader.go:138.62,139.43 1 0
github.com/SkyPanel/SkyPanel/v3/internal/database/loader.go:139.43,141.3 1 0
github.com/SkyPanel/SkyPanel/v3/internal/database/loader.go:143.2,143.39 1 0
github.com/SkyPanel/SkyPanel/v3/internal/database/loader.go:143.39,145.3 1 0
github.com/SkyPanel/SkyPanel/v3/internal/database/loader.go:145.8,147.3 1 0
github.com/SkyPanel/SkyPanel/v3/internal/database/loader.go:148.2,150.19 2 0
github.com/SkyPanel/SkyPanel/v3/internal/database/upgrade.go:43.55,48.17 4 0
github.com/SkyPanel/SkyPanel/v3/internal/database/upgrade.go:48.17,50.32 2 0
github.com/SkyPanel/SkyPanel/v3/internal/database/upgrade.go:50.32,52.4 1 0
github.com/SkyPanel/SkyPanel/v3/internal/database/upgrade.go:54.3,56.16 2 0
github.com/SkyPanel/SkyPanel/v3/internal/database/upgrade.go:56.16,58.4 1 0
github.com/SkyPanel/SkyPanel/v3/internal/database/upgrade.go:61.2,63.31 2 0
github.com/SkyPanel/SkyPanel/v3/internal/database/upgrade.go:63.31,64.23 1 0
github.com/SkyPanel/SkyPanel/v3/internal/database/upgrade.go:64.23,65.22 1 0
github.com/SkyPanel/SkyPanel/v3/internal/database/upgrade.go:65.22,67.5 1 0
github.com/SkyPanel/SkyPanel/v3/internal/database/upgrade.go:69.4,71.97 2 0
github.com/SkyPanel/SkyPanel/v3/internal/database/upgrade.go:71.97,73.5 1 0
github.com/SkyPanel/SkyPanel/v3/internal/database/upgrade.go:74.4,74.22 1 0
github.com/SkyPanel/SkyPanel/v3/internal/database/upgrade.go:74.22,76.43 2 0
github.com/SkyPanel/SkyPanel/v3/internal/database/upgrade.go:76.43,78.6 1 0
github.com/SkyPanel/SkyPanel/v3/internal/database/upgrade.go:79.5,79.28 1 0
github.com/SkyPanel/SkyPanel/v3/internal/database/upgrade.go:85.3,85.13 1 0
github.com/SkyPanel/SkyPanel/v3/internal/database/upgrade.go:85.13,86.22 1 0
github.com/SkyPanel/SkyPanel/v3/internal/database/upgrade.go:86.22,88.5 1 0
github.com/SkyPanel/SkyPanel/v3/internal/database/upgrade.go:89.4,89.61 1 0
github.com/SkyPanel/SkyPanel/v3/internal/database/upgrade.go:89.61,91.5 1 0
github.com/SkyPanel/SkyPanel/v3/internal/database/upgrade.go:92.4,92.22 1 0
github.com/SkyPanel/SkyPanel/v3/internal/database/upgrade.go:92.22,95.5 2 0
github.com/SkyPanel/SkyPanel/v3/internal/database/upgrade.go:99.2,99.20 1 0
github.com/SkyPanel/SkyPanel/v3/internal/database/upgrade.go:99.20,102.3 2 0
github.com/SkyPanel/SkyPanel/v3/internal/database/upgrade.go:104.2,105.12 2 0
github.com/SkyPanel/SkyPanel/v3/internal/database/upgrade.go:108.53,111.16 2 0
github.com/SkyPanel/SkyPanel/v3/internal/database/upgrade.go:111.16,113.3 1 0
github.com/SkyPanel/SkyPanel/v3/internal/database/upgrade.go:114.2,115.16 2 0
github.com/SkyPanel/SkyPanel/v3/internal/database/upgrade.go:115.16,117.3 1 0
github.com/SkyPanel/SkyPanel/v3/internal/database/upgrade.go:118.2,120.12 3 0
github.com/SkyPanel/SkyPanel/v3/internal/database/upgrade.go:127.37,128.50 1 0
github.com/SkyPanel/SkyPanel/v3/internal/database/upgrade.go:128.50,130.6 1 0
github.com/SkyPanel/SkyPanel/v3/internal/database/upgrade.go:133.5,139.19 4 0
github.com/SkyPanel/SkyPanel/v3/internal/database/upgrade.go:139.19,141.6 1 0
github.com/SkyPanel/SkyPanel/v3/internal/database/upgrade.go:143.5,143.31 1 0
github.com/SkyPanel/SkyPanel/v3/internal/database/upgrade.go:143.31,144.99 1 0
github.com/SkyPanel/SkyPanel/v3/internal/database/upgrade.go:144.99,146.7 1 0
github.com/SkyPanel/SkyPanel/v3/internal/database/upgrade.go:148.5,148.15 1 0
github.com/SkyPanel/SkyPanel/v3/internal/database/upgrade.go:153.37,154.33 1 0
github.com/SkyPanel/SkyPanel/v3/internal/database/upgrade.go:154.33,157.20 3 0
github.com/SkyPanel/SkyPanel/v3/internal/database/upgrade.go:157.20,159.7 1 0
github.com/SkyPanel/SkyPanel/v3/internal/database/upgrade.go:161.6,161.32 1 0
github.com/SkyPanel/SkyPanel/v3/internal/database/upgrade.go:161.32,162.53 1 0
github.com/SkyPanel/SkyPanel/v3/internal/database/upgrade.go:162.53,163.16 1 0
github.com/SkyPanel/SkyPanel/v3/internal/database/upgrade.go:166.7,166.53 1 0
github.com/SkyPanel/SkyPanel/v3/internal/database/upgrade.go:166.53,168.8 1 0
github.com/SkyPanel/SkyPanel/v3/internal/database/upgrade.go:172.5,172.15 1 0
github.com/SkyPanel/SkyPanel/v3/internal/database/upgrade.go:177.37,193.50 3 0
github.com/SkyPanel/SkyPanel/v3/internal/database/upgrade.go:193.50,208.29 4 0
github.com/SkyPanel/SkyPanel/v3/internal/database/upgrade.go:208.29,211.7 2 0
github.com/SkyPanel/SkyPanel/v3/internal/database/upgrade.go:214.6,214.32 1 0
github.com/SkyPanel/SkyPanel/v3/internal/database/upgrade.go:214.32,223.37 3 0
github.com/SkyPanel/SkyPanel/v3/internal/database/upgrade.go:223.37,225.8 1 0
github.com/SkyPanel/SkyPanel/v3/internal/database/upgrade.go:231.5,231.15 1 0
github.com/SkyPanel/SkyPanel/v3/internal/database/upgrade.go:238.36,247.5 1 0
github.com/SkyPanel/SkyPanel/v3/internal/database/upgrade.go:251.37,254.19 3 0
github.com/SkyPanel/SkyPanel/v3/internal/database/upgrade.go:254.19,256.6 1 0
github.com/SkyPanel/SkyPanel/v3/internal/database/upgrade.go:258.5,258.33 1 0
github.com/SkyPanel/SkyPanel/v3/internal/database/upgrade.go:258.33,261.20 3 0
github.com/SkyPanel/SkyPanel/v3/internal/database/upgrade.go:261.20,264.21 3 0
github.com/SkyPanel/SkyPanel/v3/internal/database/upgrade.go:264.21,266.8 1 0
github.com/SkyPanel/SkyPanel/v3/internal/database/upgrade.go:268.7,269.21 2 0
github.com/SkyPanel/SkyPanel/v3/internal/database/upgrade.go:269.21,271.8 1 0
github.com/SkyPanel/SkyPanel/v3/internal/database/upgrade.go:273.6,273.59 1 0
github.com/SkyPanel/SkyPanel/v3/internal/database/upgrade.go:273.59,277.21 4 0
github.com/SkyPanel/SkyPanel/v3/internal/database/upgrade.go:277.21,279.8 1 0
github.com/SkyPanel/SkyPanel/v3/internal/database/upgrade.go:283.5,283.15 1 0
github.com/SkyPanel/SkyPanel/v3/internal/database/upgrade.go:288.37,292.19 2 0
github.com/SkyPanel/SkyPanel/v3/internal/database/upgrade.go:292.19,294.6 1 0
github.com/SkyPanel/SkyPanel/v3/internal/database/upgrade.go:296.5,296.65 1 0
github.com/SkyPanel/SkyPanel/v3/internal/database/upgrade.go:296.65,299.6 2 0
github.com/SkyPanel/SkyPanel/v3/internal/database/upgrade.go:301.5,344.19 4 0
github.com/SkyPanel/SkyPanel/v3/internal/database/upgrade.go:344.19,346.6 1 0
github.com/SkyPanel/SkyPanel/v3/internal/database/upgrade.go:348.5,348.32 1 0
github.com/SkyPanel/SkyPanel/v3/internal/database/upgrade.go:348.32,362.17 2 0
github.com/SkyPanel/SkyPanel/v3/internal/database/upgrade.go:362.17,364.7 1 0
github.com/SkyPanel/SkyPanel/v3/internal/database/upgrade.go:366.6,366.24 1 0
github.com/SkyPanel/SkyPanel/v3/internal/database/upgrade.go:366.24,368.7 1 0
github.com/SkyPanel/SkyPanel/v3/internal/database/upgrade.go:370.6,370.21 1 0
github.com/SkyPanel/SkyPanel/v3/internal/database/upgrade.go:370.21,372.7 1 0
github.com/SkyPanel/SkyPanel/v3/internal/database/upgrade.go:373.6,373.21 1 0
github.com/SkyPanel/SkyPanel/v3/internal/database/upgrade.go:373.21,377.7 3 0
github.com/SkyPanel/SkyPanel/v3/internal/database/upgrade.go:378.6,378.23 1 0
github.com/SkyPanel/SkyPanel/v3/internal/database/upgrade.go:378.23,380.7 1 0
github.com/SkyPanel/SkyPanel/v3/internal/database/upgrade.go:382.6,382.25 1 0
github.com/SkyPanel/SkyPanel/v3/internal/database/upgrade.go:382.25,384.7 1 0
github.com/SkyPanel/SkyPanel/v3/internal/database/upgrade.go:385.6,385.25 1 0
github.com/SkyPanel/SkyPanel/v3/internal/database/upgrade.go:385.25,389.7 3 0
github.com/SkyPanel/SkyPanel/v3/internal/database/upgrade.go:391.6,391.21 1 0
github.com/SkyPanel/SkyPanel/v3/internal/database/upgrade.go:391.21,394.7 2 0
github.com/SkyPanel/SkyPanel/v3/internal/database/upgrade.go:395.6,395.21 1 0
github.com/SkyPanel/SkyPanel/v3/internal/database/upgrade.go:395.21,399.7 3 0
github.com/SkyPanel/SkyPanel/v3/internal/database/upgrade.go:401.6,401.25 1 0
github.com/SkyPanel/SkyPanel/v3/internal/database/upgrade.go:401.25,403.7 1 0
github.com/SkyPanel/SkyPanel/v3/internal/database/upgrade.go:405.6,405.64 1 0
github.com/SkyPanel/SkyPanel/v3/internal/database/upgrade.go:405.64,412.27 6 0
github.com/SkyPanel/SkyPanel/v3/internal/database/upgrade.go:412.27,414.8 1 0
github.com/SkyPanel/SkyPanel/v3/internal/database/upgrade.go:415.7,415.28 1 0
github.com/SkyPanel/SkyPanel/v3/internal/database/upgrade.go:415.28,420.8 4 0
github.com/SkyPanel/SkyPanel/v3/internal/database/upgrade.go:422.7,422.26 1 0
github.com/SkyPanel/SkyPanel/v3/internal/database/upgrade.go:422.26,424.8 1 0
github.com/SkyPanel/SkyPanel/v3/internal/database/upgrade.go:425.7,425.30 1 0
github.com/SkyPanel/SkyPanel/v3/internal/database/upgrade.go:425.30,427.8 1 0
github.com/SkyPanel/SkyPanel/v3/internal/database/upgrade.go:428.7,428.30 1 0
github.com/SkyPanel/SkyPanel/v3/internal/database/upgrade.go:428.30,430.8 1 0
github.com/SkyPanel/SkyPanel/v3/internal/database/upgrade.go:432.7,432.24 1 0
github.com/SkyPanel/SkyPanel/v3/internal/database/upgrade.go:432.24,434.8 1 0
github.com/SkyPanel/SkyPanel/v3/internal/database/upgrade.go:435.7,435.23 1 0
github.com/SkyPanel/SkyPanel/v3/internal/database/upgrade.go:435.23,438.8 2 0
github.com/SkyPanel/SkyPanel/v3/internal/database/upgrade.go:440.7,440.28 1 0
github.com/SkyPanel/SkyPanel/v3/internal/database/upgrade.go:440.28,442.8 1 0
github.com/SkyPanel/SkyPanel/v3/internal/database/upgrade.go:444.7,444.23 1 0
github.com/SkyPanel/SkyPanel/v3/internal/database/upgrade.go:444.23,446.8 1 0
github.com/SkyPanel/SkyPanel/v3/internal/database/upgrade.go:447.7,447.28 1 0
github.com/SkyPanel/SkyPanel/v3/internal/database/upgrade.go:447.28,449.8 1 0
github.com/SkyPanel/SkyPanel/v3/internal/database/upgrade.go:450.7,450.27 1 0
github.com/SkyPanel/SkyPanel/v3/internal/database/upgrade.go:450.27,452.8 1 0
github.com/SkyPanel/SkyPanel/v3/internal/database/upgrade.go:455.6,456.20 2 0
github.com/SkyPanel/SkyPanel/v3/internal/database/upgrade.go:456.20,458.7 1 0
github.com/SkyPanel/SkyPanel/v3/internal/database/upgrade.go:462.5,468.7 2 0
github.com/SkyPanel/SkyPanel/v3/internal/database/upgrade.go:468.7,470.20 2 0
github.com/SkyPanel/SkyPanel/v3/internal/database/upgrade.go:470.20,472.7 1 0
github.com/SkyPanel/SkyPanel/v3/internal/database/upgrade.go:475.5,475.15 1 0
github.com/SkyPanel/SkyPanel/v3/internal/database/upgrade.go:482.37,493.28 4 0
github.com/SkyPanel/SkyPanel/v3/internal/database/upgrade.go:493.28,495.6 1 0
github.com/SkyPanel/SkyPanel/v3/internal/database/upgrade.go:498.5,538.24 4 0
github.com/SkyPanel/SkyPanel/v3/internal/database/upgrade.go:543.37,547.19 3 0
github.com/SkyPanel/SkyPanel/v3/internal/database/upgrade.go:547.19,549.6 1 0
github.com/SkyPanel/SkyPanel/v3/internal/database/upgrade.go:551.5,553.71 3 0
github.com/SkyPanel/SkyPanel/v3/internal/database/upgrade.go:553.71,555.33 2 0
github.com/SkyPanel/SkyPanel/v3/internal/database/upgrade.go:555.33,556.42 1 0
github.com/SkyPanel/SkyPanel/v3/internal/database/upgrade.go:556.42,558.13 2 0
github.com/SkyPanel/SkyPanel/v3/internal/database/upgrade.go:561.6,561.16 1 0
github.com/SkyPanel/SkyPanel/v3/internal/database/upgrade.go:561.16,564.7 2 0
github.com/SkyPanel/SkyPanel/v3/internal/database/upgrade.go:567.5,567.20 1 0
github.com/SkyPanel/SkyPanel/v3/internal/database/upgrade.go:567.20,569.83 2 0
github.com/SkyPanel/SkyPanel/v3/internal/database/upgrade.go:569.83,571.7 1 0
github.com/SkyPanel/SkyPanel/v3/internal/database/upgrade.go:576.5,579.12 1 0
github.com/SkyPanel/SkyPanel/v3/internal/database/upgrade.go:584.37,588.78 2 0
github.com/SkyPanel/SkyPanel/v3/internal/database/upgrade.go:588.78,590.6 1 0
github.com/SkyPanel/SkyPanel/v3/internal/database/upgrade.go:591.5,594.12 1 0
github.com/SkyPanel/SkyPanel/v3/internal/database/upgrade.go:599.37,602.78 2 0
github.com/SkyPanel/SkyPanel/v3/internal/database/upgrade.go:602.78,604.6 1 0
github.com/SkyPanel/SkyPanel/v3/internal/database/upgrade.go:605.5,606.32 2 0
github.com/SkyPanel/SkyPanel/v3/internal/database/upgrade.go:606.32,607.49 1 0
github.com/SkyPanel/SkyPanel/v3/internal/database/upgrade.go:607.49,609.7 1 0
github.com/SkyPanel/SkyPanel/v3/internal/database/upgrade.go:611.5,612.66 2 0
github.com/SkyPanel/SkyPanel/v3/internal/groups/groups.go:8.38,13.16 3 0
github.com/SkyPanel/SkyPanel/v3/internal/groups/groups.go:13.16,16.3 2 0
github.com/SkyPanel/SkyPanel/v3/internal/groups/groups.go:18.2,19.27 2 0
github.com/SkyPanel/SkyPanel/v3/internal/groups/groups.go:19.27,21.17 2 0
github.com/SkyPanel/SkyPanel/v3/internal/groups/groups.go:21.17,23.4 1 0
github.com/SkyPanel/SkyPanel/v3/internal/groups/groups.go:23.9,25.4 1 0
github.com/SkyPanel/SkyPanel/v3/internal/groups/groups.go:28.2,29.16 2 0
github.com/SkyPanel/SkyPanel/v3/internal/groups/groups.go:29.16,32.3 2 0
github.com/SkyPanel/SkyPanel/v3/internal/groups/groups.go:34.2,34.22 1 0
github.com/SkyPanel/SkyPanel/v3/internal/groups/groups.go:34.22,35.32 1 0
github.com/SkyPanel/SkyPanel/v3/internal/groups/groups.go:35.32,36.14 1 0
github.com/SkyPanel/SkyPanel/v3/internal/groups/groups.go:36.14,38.5 1 0
github.com/SkyPanel/SkyPanel/v3/internal/groups/groups.go:42.2,42.14 1 0
github.com/SkyPanel/SkyPanel/v3/internal/config/config.go:11.13,15.2 3 0
github.com/SkyPanel/SkyPanel/v3/internal/config/config.go:17.46,18.22 1 0
github.com/SkyPanel/SkyPanel/v3/internal/config/config.go:18.22,21.34 3 0
github.com/SkyPanel/SkyPanel/v3/internal/config/config.go:21.34,23.67 1 0
github.com/SkyPanel/SkyPanel/v3/internal/config/config.go:23.67,25.5 1 0
github.com/SkyPanel/SkyPanel/v3/internal/config/config.go:27.4,27.24 1 0
github.com/SkyPanel/SkyPanel/v3/internal/config/config.go:27.24,29.5 1 0
github.com/SkyPanel/SkyPanel/v3/internal/config/config.go:33.2,35.45 2 0
github.com/SkyPanel/SkyPanel/v3/internal/config/config.go:35.45,36.48 1 0
github.com/SkyPanel/SkyPanel/v3/internal/config/config.go:36.48,38.4 1 0
github.com/SkyPanel/SkyPanel/v3/internal/config/config.go:41.2,41.34 1 0
github.com/SkyPanel/SkyPanel/v3/internal/config/config.go:41.34,45.17 3 0
github.com/SkyPanel/SkyPanel/v3/internal/config/config.go:45.17,47.4 1 0
github.com/SkyPanel/SkyPanel/v3/internal/config/config.go:50.2,50.12 1 0
github.com/SkyPanel/SkyPanel/v3/internal/config/entries.go:110.38,112.2 1 0
github.com/SkyPanel/SkyPanel/v3/internal/config/entries.go:114.37,116.23 2 0
github.com/SkyPanel/SkyPanel/v3/internal/config/entries.go:116.23,118.3 1 0
github.com/SkyPanel/SkyPanel/v3/internal/config/entries.go:120.2,120.49 1 0
github.com/SkyPanel/SkyPanel/v3/internal/config/entries.go:123.34,125.2 1 0
github.com/SkyPanel/SkyPanel/v3/internal/config/entries.go:126.32,128.2 1 0
github.com/SkyPanel/SkyPanel/v3/internal/config/entries.go:129.45,131.2 1 0
github.com/SkyPanel/SkyPanel/v3/internal/config/entries.go:133.33,135.2 1 0
github.com/SkyPanel/SkyPanel/v3/internal/config/entries.go:137.50,140.10 2 0
github.com/SkyPanel/SkyPanel/v3/internal/config/entries.go:140.10,142.3 1 0
github.com/SkyPanel/SkyPanel/v3/internal/config/entries.go:143.2,143.12 1 0
github.com/SkyPanel/SkyPanel/v3/internal/config/entries.go:146.54,148.2 1 0
github.com/SkyPanel/SkyPanel/v3/internal/config/entries.go:149.51,151.2 1 0
github.com/SkyPanel/SkyPanel/v3/internal/config/entries.go:152.45,154.2 1 0
github.com/SkyPanel/SkyPanel/v3/internal/config/entries.go:155.42,157.2 1 0
github.com/SkyPanel/SkyPanel/v3/internal/config/entries.go:158.63,160.2 1 0
github.com/SkyPanel/SkyPanel/v3/internal/config/entries.go:162.50,169.2 2 0
github.com/SkyPanel/SkyPanel/v3/internal/config/entries.go:171.38,173.16 2 0
github.com/SkyPanel/SkyPanel/v3/internal/config/entries.go:173.16,175.3 1 0
github.com/SkyPanel/SkyPanel/v3/internal/config/entries.go:177.2,177.12 1 0
github.com/SkyPanel/SkyPanel/v3/cmd/panel/db.go:10.13,12.2 1 0
github.com/SkyPanel/SkyPanel/v3/cmd/panel/dbupgrade.go:24.53,28.34 3 0
github.com/SkyPanel/SkyPanel/v3/cmd/panel/dbupgrade.go:28.34,31.3 2 0
github.com/SkyPanel/SkyPanel/v3/cmd/panel/dbupgrade.go:33.2,33.40 1 0
github.com/SkyPanel/SkyPanel/v3/cmd/panel/dbupgrade.go:33.40,37.56 3 0
github.com/SkyPanel/SkyPanel/v3/cmd/panel/dbupgrade.go:37.56,39.4 1 0
github.com/SkyPanel/SkyPanel/v3/cmd/panel/dbupgrade.go:40.3,41.24 2 0
github.com/SkyPanel/SkyPanel/v3/cmd/panel/dbupgrade.go:41.24,43.4 1 0
github.com/SkyPanel/SkyPanel/v3/cmd/panel/dbupgrade.go:44.3,45.17 2 0
github.com/SkyPanel/SkyPanel/v3/cmd/panel/dbupgrade.go:45.17,47.4 1 0
github.com/SkyPanel/SkyPanel/v3/cmd/panel/dbupgrade.go:50.3,52.7 3 0
github.com/SkyPanel/SkyPanel/v3/cmd/panel/dbupgrade.go:52.7,55.39 3 0
github.com/SkyPanel/SkyPanel/v3/cmd/panel/dbupgrade.go:55.39,56.10 1 0
github.com/SkyPanel/SkyPanel/v3/cmd/panel/dbupgrade.go:58.4,58.9 1 0
github.com/SkyPanel/SkyPanel/v3/cmd/panel/dbupgrade.go:61.3,62.17 2 0
github.com/SkyPanel/SkyPanel/v3/cmd/panel/dbupgrade.go:62.17,66.4 3 0
github.com/SkyPanel/SkyPanel/v3/cmd/panel/dbupgrade.go:69.2,70.16 2 0
github.com/SkyPanel/SkyPanel/v3/cmd/panel/dbupgrade.go:70.16,75.3 4 0
github.com/SkyPanel/SkyPanel/v3/cmd/panel/dbupgrade.go:77.2,79.16 3 0
github.com/SkyPanel/SkyPanel/v3/cmd/panel/dbupgrade.go:79.16,84.3 4 0
github.com/SkyPanel/SkyPanel/v3/cmd/panel/dbupgrade.go:87.42,88.38 1 0
github.com/SkyPanel/SkyPanel/v3/cmd/panel/dbupgrade.go:88.38,90.3 1 0
github.com/SkyPanel/SkyPanel/v3/cmd/panel/dbupgrade.go:91.2,92.16 2 0
github.com/SkyPanel/SkyPanel/v3/cmd/panel/dbupgrade.go:92.16,95.3 2 0
github.com/SkyPanel/SkyPanel/v3/cmd/panel/dbupgrade.go:98.47,100.16 2 0
github.com/SkyPanel/SkyPanel/v3/cmd/panel/dbupgrade.go:100.16,102.3 1 0
github.com/SkyPanel/SkyPanel/v3/cmd/panel/dbupgrade.go:103.2,106.16 3 0
github.com/SkyPanel/SkyPanel/v3/cmd/panel/dbupgrade.go:106.16,108.3 1 0
github.com/SkyPanel/SkyPanel/v3/cmd/panel/dbupgrade.go:109.2,110.16 2 0
github.com/SkyPanel/SkyPanel/v3/cmd/panel/dbupgrade.go:110.16,112.3 1 0
github.com/SkyPanel/SkyPanel/v3/cmd/panel/dbupgrade.go:113.2,115.12 3 0
github.com/SkyPanel/SkyPanel/v3/cmd/panel/main.go:13.13,21.15 2 0
github.com/SkyPanel/SkyPanel/v3/cmd/panel/main.go:21.15,22.35 1 0
github.com/SkyPanel/SkyPanel/v3/cmd/panel/main.go:22.35,27.4 3 0
github.com/SkyPanel/SkyPanel/v3/cmd/panel/main.go:30.2,30.11 1 0
github.com/SkyPanel/SkyPanel/v3/cmd/panel/main.go:44.13,57.2 4 0
github.com/SkyPanel/SkyPanel/v3/cmd/panel/main.go:59.19,60.19 1 0
github.com/SkyPanel/SkyPanel/v3/cmd/panel/main.go:60.19,62.17 2 0
github.com/SkyPanel/SkyPanel/v3/cmd/panel/main.go:62.17,63.14 1 0
github.com/SkyPanel/SkyPanel/v3/cmd/panel/main.go:68.19,70.16 2 0
github.com/SkyPanel/SkyPanel/v3/cmd/panel/main.go:70.16,72.3 1 0
github.com/SkyPanel/SkyPanel/v3/cmd/panel/main.go:75.16,78.42 2 0
github.com/SkyPanel/SkyPanel/v3/cmd/panel/main.go:78.42,80.3 1 0
github.com/SkyPanel/SkyPanel/v3/cmd/panel/run.go:43.47,47.2 3 0
github.com/SkyPanel/SkyPanel/v3/cmd/panel/run.go:49.56,55.12 4 0
github.com/SkyPanel/SkyPanel/v3/cmd/panel/run.go:55.12,64.3 5 0
github.com/SkyPanel/SkyPanel/v3/cmd/panel/run.go:66.2,72.70 5 0
github.com/SkyPanel/SkyPanel/v3/cmd/panel/run.go:72.70,74.17 2 0
github.com/SkyPanel/SkyPanel/v3/cmd/panel/run.go:74.17,76.4 1 0
github.com/SkyPanel/SkyPanel/v3/cmd/panel/run.go:78.2,78.71 1 0
github.com/SkyPanel/SkyPanel/v3/cmd/panel/run.go:78.71,80.3 1 0
github.com/SkyPanel/SkyPanel/v3/cmd/panel/run.go:82.2,86.33 4 0
github.com/SkyPanel/SkyPanel/v3/cmd/panel/run.go:86.33,90.17 3 0
github.com/SkyPanel/SkyPanel/v3/cmd/panel/run.go:90.17,94.4 3 0
github.com/SkyPanel/SkyPanel/v3/cmd/panel/run.go:96.3,97.17 2 0
github.com/SkyPanel/SkyPanel/v3/cmd/panel/run.go:97.17,101.4 3 0
github.com/SkyPanel/SkyPanel/v3/cmd/panel/run.go:103.3,103.38 1 0
github.com/SkyPanel/SkyPanel/v3/cmd/panel/run.go:103.38,105.77 2 0
github.com/SkyPanel/SkyPanel/v3/cmd/panel/run.go:105.77,109.5 3 0
github.com/SkyPanel/SkyPanel/v3/cmd/panel/run.go:112.3,113.17 2 0
github.com/SkyPanel/SkyPanel/v3/cmd/panel/run.go:113.17,117.4 3 0
github.com/SkyPanel/SkyPanel/v3/cmd/panel/run.go:119.3,122.19 3 0
github.com/SkyPanel/SkyPanel/v3/cmd/panel/run.go:123.17,124.40 1 0
github.com/SkyPanel/SkyPanel/v3/cmd/panel/run.go:125.15,126.38 1 0
github.com/SkyPanel/SkyPanel/v3/cmd/panel/run.go:127.14,128.37 1 0
github.com/SkyPanel/SkyPanel/v3/cmd/panel/run.go:129.11,130.40 1 0
github.com/SkyPanel/SkyPanel/v3/cmd/panel/run.go:133.3,144.35 4 0
github.com/SkyPanel/SkyPanel/v3/cmd/panel/run.go:144.35,146.4 1 0
github.com/SkyPanel/SkyPanel/v3/cmd/panel/run.go:149.2,149.34 1 0
github.com/SkyPanel/SkyPanel/v3/cmd/panel/run.go:149.34,151.17 2 0
github.com/SkyPanel/SkyPanel/v3/cmd/panel/run.go:151.17,155.48 2 0
github.com/SkyPanel/SkyPanel/v3/cmd/panel/run.go:155.48,157.5 1 0
github.com/SkyPanel/SkyPanel/v3/cmd/panel/run.go:157.10,160.5 2 0
github.com/SkyPanel/SkyPanel/v3/cmd/panel/run.go:164.2,167.16 3 0
github.com/SkyPanel/SkyPanel/v3/cmd/panel/run.go:167.16,171.3 3 0
github.com/SkyPanel/SkyPanel/v3/cmd/panel/run.go:173.2,179.12 3 0
github.com/SkyPanel/SkyPanel/v3/cmd/panel/run.go:179.12,181.58 2 0
github.com/SkyPanel/SkyPanel/v3/cmd/panel/run.go:181.58,184.4 2 0
github.com/SkyPanel/SkyPanel/v3/cmd/panel/run.go:187.2,188.8 2 0
github.com/SkyPanel/SkyPanel/v3/cmd/panel/run.go:191.19,196.23 2 0
github.com/SkyPanel/SkyPanel/v3/cmd/panel/run.go:196.23,198.3 1 0
github.com/SkyPanel/SkyPanel/v3/cmd/panel/run.go:200.2,205.37 5 0
github.com/SkyPanel/SkyPanel/v3/cmd/panel/run.go:205.37,208.17 3 0
github.com/SkyPanel/SkyPanel/v3/cmd/panel/run.go:208.17,210.4 1 0
github.com/SkyPanel/SkyPanel/v3/cmd/panel/run.go:213.2,214.18 2 0
github.com/SkyPanel/SkyPanel/v3/cmd/panel/run.go:217.14,222.2 2 0
github.com/SkyPanel/SkyPanel/v3/cmd/panel/run.go:224.21,232.16 5 0
github.com/SkyPanel/SkyPanel/v3/cmd/panel/run.go:232.16,234.3 1 0
github.com/SkyPanel/SkyPanel/v3/cmd/panel/run.go:236.2,236.72 1 0
github.com/SkyPanel/SkyPanel/v3/cmd/panel/run.go:236.72,239.37 3 0
github.com/SkyPanel/SkyPanel/v3/cmd/panel/run.go:239.37,241.4 1 0
github.com/SkyPanel/SkyPanel/v3/cmd/panel/run.go:244.2,245.16 2 0
github.com/SkyPanel/SkyPanel/v3/cmd/panel/run.go:245.16,247.3 1 0
github.com/SkyPanel/SkyPanel/v3/cmd/panel/run.go:249.2,250.16 2 0
github.com/SkyPanel/SkyPanel/v3/cmd/panel/run.go:250.16,252.3 1 0
github.com/SkyPanel/SkyPanel/v3/cmd/panel/run.go:255.2,257.42 3 0
github.com/SkyPanel/SkyPanel/v3/cmd/panel/run.go:257.42,259.3 1 0
github.com/SkyPanel/SkyPanel/v3/cmd/panel/run.go:260.2,266.43 4 0
github.com/SkyPanel/SkyPanel/v3/cmd/panel/run.go:266.43,268.28 2 0
github.com/SkyPanel/SkyPanel/v3/cmd/panel/run.go:268.28,272.4 3 0
github.com/SkyPanel/SkyPanel/v3/cmd/panel/run.go:274.2,274.12 1 0
github.com/SkyPanel/SkyPanel/v3/cmd/panel/runservice.go:19.54,22.29 2 0
github.com/SkyPanel/SkyPanel/v3/cmd/panel/runservice.go:22.29,24.3 1 0
github.com/SkyPanel/SkyPanel/v3/cmd/panel/runservice.go:26.2,30.14 4 0
github.com/SkyPanel/SkyPanel/v3/cmd/panel/runservice.go:33.32,41.27 2 0
github.com/SkyPanel/SkyPanel/v3/cmd/panel/runservice.go:41.27,44.3 2 0
github.com/SkyPanel/SkyPanel/v3/cmd/panel/runservice.go:46.2,48.16 2 0
github.com/SkyPanel/SkyPanel/v3/cmd/panel/runservice.go:48.16,51.3 2 0
github.com/SkyPanel/SkyPanel/v3/cmd/panel/runservice.go:52.2,54.50 2 0
github.com/SkyPanel/SkyPanel/v3/cmd/panel/runservice.go:54.50,57.3 2 0
github.com/SkyPanel/SkyPanel/v3/cmd/panel/user.go:43.13,50.2 5 0
github.com/SkyPanel/SkyPanel/v3/cmd/panel/user.go:52.57,55.17 3 0
github.com/SkyPanel/SkyPanel/v3/cmd/panel/user.go:55.17,56.19 1 0
github.com/SkyPanel/SkyPanel/v3/cmd/panel/user.go:56.19,58.16 2 0
github.com/SkyPanel/SkyPanel/v3/cmd/panel/user.go:58.16,60.5 1 0
github.com/SkyPanel/SkyPanel/v3/cmd/panel/user.go:62.3,64.36 3 0
github.com/SkyPanel/SkyPanel/v3/cmd/panel/user.go:68.51,71.17 3 0
github.com/SkyPanel/SkyPanel/v3/cmd/panel/user.go:71.17,72.19 1 0
github.com/SkyPanel/SkyPanel/v3/cmd/panel/user.go:72.19,74.16 2 0
github.com/SkyPanel/SkyPanel/v3/cmd/panel/user.go:74.16,76.5 1 0
github.com/SkyPanel/SkyPanel/v3/cmd/panel/user.go:78.3,80.30 3 0
github.com/SkyPanel/SkyPanel/v3/cmd/panel/user.go:84.57,87.17 3 0
github.com/SkyPanel/SkyPanel/v3/cmd/panel/user.go:87.17,88.19 1 0
github.com/SkyPanel/SkyPanel/v3/cmd/panel/user.go:88.19,90.16 2 0
github.com/SkyPanel/SkyPanel/v3/cmd/panel/user.go:90.16,92.5 1 0
github.com/SkyPanel/SkyPanel/v3/cmd/panel/user.go:94.3,97.17 4 0
github.com/SkyPanel/SkyPanel/v3/cmd/panel/user.go:97.17,98.12 1 0
github.com/SkyPanel/SkyPanel/v3/cmd/panel/user.go:101.3,102.27 2 0
github.com/SkyPanel/SkyPanel/v3/cmd/panel/user.go:102.27,104.4 1 0
github.com/SkyPanel/SkyPanel/v3/cmd/panel/user.go:108.44,117.77 3 0
github.com/SkyPanel/SkyPanel/v3/cmd/panel/user.go:117.77,119.3 1 0
github.com/SkyPanel/SkyPanel/v3/cmd/panel/user.go:121.2,125.15 4 0
github.com/SkyPanel/SkyPanel/v3/cmd/panel/user.go:125.15,127.3 1 0
github.com/SkyPanel/SkyPanel/v3/cmd/panel/user.go:129.2,130.16 2 0
github.com/SkyPanel/SkyPanel/v3/cmd/panel/user.go:130.16,133.3 2 0
github.com/SkyPanel/SkyPanel/v3/cmd/panel/user.go:134.2,136.51 2 0
github.com/SkyPanel/SkyPanel/v3/cmd/panel/user.go:136.51,143.17 3 0
github.com/SkyPanel/SkyPanel/v3/cmd/panel/user.go:143.17,146.4 2 0
github.com/SkyPanel/SkyPanel/v3/cmd/panel/user.go:148.3,150.17 3 0
github.com/SkyPanel/SkyPanel/v3/cmd/panel/user.go:150.17,153.4 2 0
github.com/SkyPanel/SkyPanel/v3/cmd/panel/user.go:155.3,157.17 3 0
github.com/SkyPanel/SkyPanel/v3/cmd/panel/user.go:157.17,160.4 2 0
github.com/SkyPanel/SkyPanel/v3/cmd/panel/user.go:163.3,165.20 2 0
github.com/SkyPanel/SkyPanel/v3/cmd/panel/user.go:165.20,167.4 1 0
github.com/SkyPanel/SkyPanel/v3/cmd/panel/user.go:169.3,170.17 2 0
github.com/SkyPanel/SkyPanel/v3/cmd/panel/user.go:170.17,173.4 2 0
github.com/SkyPanel/SkyPanel/v3/cmd/panel/user.go:175.3,175.13 1 0
github.com/SkyPanel/SkyPanel/v3/cmd/panel/user.go:176.17,178.3 1 0
github.com/SkyPanel/SkyPanel/v3/cmd/panel/user.go:180.2,180.35 1 0
github.com/SkyPanel/SkyPanel/v3/cmd/panel/user.go:183.43,188.2 4 0
github.com/SkyPanel/SkyPanel/v3/cmd/panel/user.go:190.46,195.2 4 0
github.com/SkyPanel/SkyPanel/v3/cmd/panel/user.go:197.46,199.9 2 0
github.com/SkyPanel/SkyPanel/v3/cmd/panel/user.go:199.9,201.3 1 0
github.com/SkyPanel/SkyPanel/v3/cmd/panel/user.go:202.2,203.32 2 0
github.com/SkyPanel/SkyPanel/v3/cmd/panel/user.go:213.63,218.16 4 0
github.com/SkyPanel/SkyPanel/v3/cmd/panel/user.go:218.16,220.3 1 0
github.com/SkyPanel/SkyPanel/v3/cmd/panel/user.go:220.8,222.3 1 0
github.com/SkyPanel/SkyPanel/v3/cmd/panel/user.go:225.60,230.16 4 0
github.com/SkyPanel/SkyPanel/v3/cmd/panel/user.go:230.16,232.3 1 0
github.com/SkyPanel/SkyPanel/v3/cmd/panel/user.go:232.8,234.3 1 0
github.com/SkyPanel/SkyPanel/v3/cmd/panel/user.go:237.63,241.16 3 0
github.com/SkyPanel/SkyPanel/v3/cmd/panel/user.go:241.16,244.3 2 0
github.com/SkyPanel/SkyPanel/v3/cmd/panel/user.go:245.2,246.16 2 0
github.com/SkyPanel/SkyPanel/v3/cmd/panel/user.go:246.16,248.3 1 0
github.com/SkyPanel/SkyPanel/v3/cmd/panel/user.go:248.8,250.3 1 0
github.com/SkyPanel/SkyPanel/v3/cmd/panel/user.go:253.60,256.24 2 0
github.com/SkyPanel/SkyPanel/v3/cmd/panel/user.go:256.24,258.3 1 0
github.com/SkyPanel/SkyPanel/v3/cmd/panel/user.go:260.2,262.16 3 0
github.com/SkyPanel/SkyPanel/v3/cmd/panel/user.go:262.16,265.3 2 0
github.com/SkyPanel/SkyPanel/v3/cmd/panel/user.go:268.2,271.9 3 0
github.com/SkyPanel/SkyPanel/v3/cmd/panel/user.go:272.40,273.66 1 0
github.com/SkyPanel/SkyPanel/v3/cmd/panel/user.go:274.39,275.69 1 0
github.com/SkyPanel/SkyPanel/v3/cmd/panel/user.go:276.10,277.9 1 0
github.com/SkyPanel/SkyPanel/v3/cmd/panel/user.go:280.2,281.16 2 0
github.com/SkyPanel/SkyPanel/v3/cmd/panel/user.go:281.16,284.3 2 0
github.com/SkyPanel/SkyPanel/v3/cmd/panel/user.go:286.2,286.59 1 0
github.com/SkyPanel/SkyPanel/v3/cmd/panel/user.go:286.59,288.3 1 0
github.com/SkyPanel/SkyPanel/v3/cmd/panel/user.go:288.8,290.3 1 0
github.com/SkyPanel/SkyPanel/v3/cmd/panel/user.go:293.54,295.12 2 0
github.com/SkyPanel/SkyPanel/v3/cmd/panel/user.go:295.12,298.17 3 0
github.com/SkyPanel/SkyPanel/v3/cmd/panel/user.go:298.17,300.4 1 0
github.com/SkyPanel/SkyPanel/v3/cmd/panel/user.go:300.9,302.4 1 0
github.com/SkyPanel/SkyPanel/v3/cmd/panel/user.go:306.45,307.44 1 0
github.com/SkyPanel/SkyPanel/v3/cmd/panel/user.go:307.44,310.3 2 0
github.com/SkyPanel/SkyPanel/v3/cmd/panel/user.go:312.2,313.16 2 0
github.com/SkyPanel/SkyPanel/v3/cmd/panel/user.go:313.16,316.3 2 0
github.com/SkyPanel/SkyPanel/v3/cmd/panel/user.go:317.2,324.44 5 0
github.com/SkyPanel/SkyPanel/v3/cmd/panel/user.go:324.44,327.3 2 0
github.com/SkyPanel/SkyPanel/v3/cmd/panel/user.go:327.8,327.23 1 0
github.com/SkyPanel/SkyPanel/v3/cmd/panel/user.go:327.23,330.3 2 0
github.com/SkyPanel/SkyPanel/v3/cmd/panel/user.go:332.2,341.34 8 0
github.com/SkyPanel/SkyPanel/v3/cmd/panel/user.go:341.34,351.24 2 0
github.com/SkyPanel/SkyPanel/v3/cmd/panel/user.go:352.23,353.32 1 0
github.com/SkyPanel/SkyPanel/v3/cmd/panel/user.go:354.20,355.29 1 0
github.com/SkyPanel/SkyPanel/v3/cmd/panel/user.go:356.23,357.32 1 0
github.com/SkyPanel/SkyPanel/v3/cmd/panel/user.go:358.20,359.35 1 0
github.com/SkyPanel/SkyPanel/v3/cmd/panel/user.go:360.24,361.29 1 0
github.com/SkyPanel/SkyPanel/v3/cmd/panel/version.go:15.51,17.2 1 0
github.com/SkyPanel/SkyPanel/v3/internal/connections/rcon.go:24.62,25.15 1 0
github.com/SkyPanel/SkyPanel/v3/internal/connections/rcon.go:25.15,27.16 2 0
github.com/SkyPanel/SkyPanel/v3/internal/connections/rcon.go:27.16,29.4 1 0
github.com/SkyPanel/SkyPanel/v3/internal/connections/rcon.go:31.2,31.26 1 0
github.com/SkyPanel/SkyPanel/v3/internal/connections/rcon.go:31.26,34.17 3 0
github.com/SkyPanel/SkyPanel/v3/internal/connections/rcon.go:34.17,36.4 1 0
github.com/SkyPanel/SkyPanel/v3/internal/connections/rcon.go:37.3,38.21 2 0
github.com/SkyPanel/SkyPanel/v3/internal/connections/rcon.go:40.2,40.44 1 0
github.com/SkyPanel/SkyPanel/v3/internal/connections/rcon.go:43.35,45.17 2 0
github.com/SkyPanel/SkyPanel/v3/internal/connections/rcon.go:45.17,47.3 1 0
github.com/SkyPanel/SkyPanel/v3/internal/connections/rcon.go:49.2,49.21 1 0
github.com/SkyPanel/SkyPanel/v3/internal/connections/rcon.go:52.41,54.26 2 0
github.com/SkyPanel/SkyPanel/v3/internal/connections/rcon.go:54.26,56.3 1 0
github.com/SkyPanel/SkyPanel/v3/internal/connections/rcon.go:57.2,57.30 1 0
github.com/SkyPanel/SkyPanel/v3/internal/connections/rcon.go:60.41,62.19 2 0
github.com/SkyPanel/SkyPanel/v3/internal/connections/rcon.go:62.19,64.11 2 0
github.com/SkyPanel/SkyPanel/v3/internal/connections/rcon.go:64.11,66.4 1 0
github.com/SkyPanel/SkyPanel/v3/internal/connections/rcon.go:70.44,72.11 2 0
github.com/SkyPanel/SkyPanel/v3/internal/connections/rcon.go:72.11,74.3 1 0
github.com/SkyPanel/SkyPanel/v3/internal/connections/rcon.go:76.2,78.16 3 0
github.com/SkyPanel/SkyPanel/v3/internal/connections/rcon.go:78.16,81.3 2 0
github.com/SkyPanel/SkyPanel/v3/internal/connections/rcon.go:82.2,85.18 4 0
github.com/SkyPanel/SkyPanel/v3/internal/connections/rconws.go:34.64,35.15 1 0
github.com/SkyPanel/SkyPanel/v3/internal/connections/rconws.go:35.15,37.16 2 0
github.com/SkyPanel/SkyPanel/v3/internal/connections/rconws.go:37.16,39.4 1 0
github.com/SkyPanel/SkyPanel/v3/internal/connections/rconws.go:41.2,41.26 1 0
github.com/SkyPanel/SkyPanel/v3/internal/connections/rconws.go:41.26,49.3 4 0
github.com/SkyPanel/SkyPanel/v3/internal/connections/rconws.go:50.2,50.46 1 0
github.com/SkyPanel/SkyPanel/v3/internal/connections/rconws.go:53.37,55.17 2 0
github.com/SkyPanel/SkyPanel/v3/internal/connections/rconws.go:55.17,57.3 1 0
github.com/SkyPanel/SkyPanel/v3/internal/connections/rconws.go:59.2,59.21 1 0
github.com/SkyPanel/SkyPanel/v3/internal/connections/rconws.go:62.43,64.26 2 0
github.com/SkyPanel/SkyPanel/v3/internal/connections/rconws.go:64.26,66.3 1 0
github.com/SkyPanel/SkyPanel/v3/internal/connections/rconws.go:67.2,67.30 1 0
github.com/SkyPanel/SkyPanel/v3/internal/connections/rconws.go:70.43,72.19 2 0
github.com/SkyPanel/SkyPanel/v3/internal/connections/rconws.go:72.19,74.12 2 0
github.com/SkyPanel/SkyPanel/v3/internal/connections/rconws.go:74.12,76.4 1 0
github.com/SkyPanel/SkyPanel/v3/internal/connections/rconws.go:76.9,78.4 1 0
github.com/SkyPanel/SkyPanel/v3/internal/connections/rconws.go:80.3,86.17 3 0
github.com/SkyPanel/SkyPanel/v3/internal/connections/rconws.go:86.17,88.12 2 0
github.com/SkyPanel/SkyPanel/v3/internal/connections/rconws.go:91.3,94.17 4 0
github.com/SkyPanel/SkyPanel/v3/internal/connections/rconws.go:94.17,96.18 2 0
github.com/SkyPanel/SkyPanel/v3/internal/connections/rconws.go:96.18,98.5 1 0
github.com/SkyPanel/SkyPanel/v3/internal/connections/telnet.go:22.64,23.15 1 0
github.com/SkyPanel/SkyPanel/v3/internal/connections/telnet.go:23.15,25.16 2 0
github.com/SkyPanel/SkyPanel/v3/internal/connections/telnet.go:25.16,27.4 1 0
github.com/SkyPanel/SkyPanel/v3/internal/connections/telnet.go:29.2,29.26 1 0
github.com/SkyPanel/SkyPanel/v3/internal/connections/telnet.go:29.26,31.3 1 0
github.com/SkyPanel/SkyPanel/v3/internal/connections/telnet.go:32.2,32.46 1 0
github.com/SkyPanel/SkyPanel/v3/internal/connections/telnet.go:35.37,37.17 2 0
github.com/SkyPanel/SkyPanel/v3/internal/connections/telnet.go:37.17,39.3 1 0
github.com/SkyPanel/SkyPanel/v3/internal/connections/telnet.go:41.2,41.21 1 0
github.com/SkyPanel/SkyPanel/v3/internal/connections/telnet.go:44.43,46.26 2 0
github.com/SkyPanel/SkyPanel/v3/internal/connections/telnet.go:46.26,48.3 1 0
github.com/SkyPanel/SkyPanel/v3/internal/connections/telnet.go:49.2,49.30 1 0
github.com/SkyPanel/SkyPanel/v3/internal/connections/telnet.go:52.43,54.19 2 0
github.com/SkyPanel/SkyPanel/v3/internal/connections/telnet.go:54.19,56.12 2 0
github.com/SkyPanel/SkyPanel/v3/internal/connections/telnet.go:56.12,58.4 1 0
github.com/SkyPanel/SkyPanel/v3/internal/connections/telnet.go:58.9,60.4 1 0
github.com/SkyPanel/SkyPanel/v3/internal/connections/telnet.go:62.3,67.17 3 0
github.com/SkyPanel/SkyPanel/v3/internal/connections/telnet.go:67.17,69.12 2 0
github.com/SkyPanel/SkyPanel/v3/internal/connections/telnet.go:71.3,76.24 3 0
github.com/SkyPanel/SkyPanel/v3/internal/connections/telnet.go:76.24,78.18 2 0
github.com/SkyPanel/SkyPanel/v3/internal/connections/telnet.go:78.18,80.13 2 0
github.com/SkyPanel/SkyPanel/v3/internal/connections/telnet.go:83.3,86.17 4 0
github.com/SkyPanel/SkyPanel/v3/internal/connections/telnet.go:86.17,89.18 3 0
github.com/SkyPanel/SkyPanel/v3/internal/connections/telnet.go:89.18,91.5 1 0
github.com/SkyPanel/SkyPanel/v3/internal/oauth2/info.go:10.68,14.16 3 0
github.com/SkyPanel/SkyPanel/v3/internal/oauth2/info.go:14.16,16.3 1 0
github.com/SkyPanel/SkyPanel/v3/internal/oauth2/info.go:18.2,23.16 5 0
github.com/SkyPanel/SkyPanel/v3/internal/oauth2/info.go:23.16,25.3 1 0
github.com/SkyPanel/SkyPanel/v3/internal/oauth2/info.go:27.2,28.18 2 0
github.com/SkyPanel/SkyPanel/v3/internal/oauth2/shared.go:11.61,18.2 5 0
github.com/SkyPanel/SkyPanel/v3/internal/oauth2/ssh.go:20.101,22.2 1 0
github.com/SkyPanel/SkyPanel/v3/internal/oauth2/ssh.go:24.86,35.16 9 0
github.com/SkyPanel/SkyPanel/v3/internal/oauth2/ssh.go:35.16,38.3 2 0
github.com/SkyPanel/SkyPanel/v3/internal/oauth2/ssh.go:41.2,41.42 1 0
github.com/SkyPanel/SkyPanel/v3/internal/oauth2/ssh.go:41.42,46.3 3 0
github.com/SkyPanel/SkyPanel/v3/internal/oauth2/ssh.go:48.2,50.16 3 0
github.com/SkyPanel/SkyPanel/v3/internal/oauth2/ssh.go:50.16,52.3 1 0
github.com/SkyPanel/SkyPanel/v3/internal/oauth2/ssh.go:53.2,53.29 1 0
github.com/SkyPanel/SkyPanel/v3/internal/oauth2/ssh.go:53.29,55.3 1 0
github.com/SkyPanel/SkyPanel/v3/internal/oauth2/ssh.go:56.2,58.34 3 0
github.com/SkyPanel/SkyPanel/v3/internal/oauth2/ssh.go:58.34,60.18 2 0
github.com/SkyPanel/SkyPanel/v3/internal/oauth2/ssh.go:60.18,61.12 1 0
github.com/SkyPanel/SkyPanel/v3/internal/oauth2/ssh.go:63.3,66.39 3 0
github.com/SkyPanel/SkyPanel/v3/internal/oauth2/ssh.go:66.39,70.4 3 0
github.com/SkyPanel/SkyPanel/v3/internal/oauth2/ssh.go:72.2,72.58 1 0
github.com/SkyPanel/SkyPanel/v3/internal/operations/console/console.go:9.78,14.2 3 0
github.com/SkyPanel/SkyPanel/v3/internal/operations/console/factory.go:12.92,15.2 2 0
github.com/SkyPanel/SkyPanel/v3/internal/operations/console/factory.go:17.41,19.2 1 0
github.com/SkyPanel/SkyPanel/v3/internal/operations/alterfile/alterfile.go:19.80,26.16 6 0
github.com/SkyPanel/SkyPanel/v3/internal/operations/alterfile/alterfile.go:26.16,28.3 1 0
github.com/SkyPanel/SkyPanel/v3/internal/operations/alterfile/alterfile.go:30.2,31.13 2 0
github.com/SkyPanel/SkyPanel/v3/internal/operations/alterfile/alterfile.go:31.13,33.17 2 0
github.com/SkyPanel/SkyPanel/v3/internal/operations/alterfile/alterfile.go:33.17,35.4 1 0
github.com/SkyPanel/SkyPanel/v3/internal/operations/alterfile/alterfile.go:36.3,36.57 1 0
github.com/SkyPanel/SkyPanel/v3/internal/operations/alterfile/alterfile.go:37.8,39.3 1 0
github.com/SkyPanel/SkyPanel/v3/internal/operations/alterfile/alterfile.go:41.2,42.45 2 0
github.com/SkyPanel/SkyPanel/v3/internal/operations/alterfile/factory.go:12.92,18.2 5 0
github.com/SkyPanel/SkyPanel/v3/internal/operations/alterfile/factory.go:20.41,22.2 1 0
github.com/SkyPanel/SkyPanel/v3/internal/operations/download/download.go:13.79,16.31 2 0
github.com/SkyPanel/SkyPanel/v3/internal/operations/download/download.go:16.31,20.17 4 0
github.com/SkyPanel/SkyPanel/v3/internal/operations/download/download.go:20.17,22.4 1 0
github.com/SkyPanel/SkyPanel/v3/internal/operations/download/download.go:24.2,24.45 1 0
github.com/SkyPanel/SkyPanel/v3/internal/operations/download/factory.go:12.92,15.2 2 0
github.com/SkyPanel/SkyPanel/v3/internal/operations/download/factory.go:17.41,19.2 1 0
github.com/SkyPanel/SkyPanel/v3/internal/operations/fabricdl/fabricdl.go:21.80,26.16 4 0
github.com/SkyPanel/SkyPanel/v3/internal/operations/fabricdl/fabricdl.go:26.16,28.3 1 0
github.com/SkyPanel/SkyPanel/v3/internal/operations/fabricdl/fabricdl.go:29.2,33.16 4 0
github.com/SkyPanel/SkyPanel/v3/internal/operations/fabricdl/fabricdl.go:33.16,35.3 1 0
github.com/SkyPanel/SkyPanel/v3/internal/operations/fabricdl/fabricdl.go:36.2,36.24 1 0
github.com/SkyPanel/SkyPanel/v3/internal/operations/fabricdl/fabricdl.go:36.24,39.3 2 0
github.com/SkyPanel/SkyPanel/v3/internal/operations/fabricdl/fabricdl.go:41.2,43.16 3 0
github.com/SkyPanel/SkyPanel/v3/internal/operations/fabricdl/fabricdl.go:43.16,45.3 1 0
github.com/SkyPanel/SkyPanel/v3/internal/operations/fabricdl/fabricdl.go:47.2,48.16 2 0
github.com/SkyPanel/SkyPanel/v3/internal/operations/fabricdl/fabricdl.go:48.16,50.3 1 0
github.com/SkyPanel/SkyPanel/v3/internal/operations/fabricdl/fabricdl.go:52.2,52.45 1 0
github.com/SkyPanel/SkyPanel/v3/internal/operations/fabricdl/factory.go:9.91,11.2 1 0
github.com/SkyPanel/SkyPanel/v3/internal/operations/fabricdl/factory.go:13.41,15.2 1 0
github.com/SkyPanel/SkyPanel/v3/internal/operations/forgedl/factory.go:13.92,19.45 5 0
github.com/SkyPanel/SkyPanel/v3/internal/operations/forgedl/factory.go:19.45,21.3 1 0
github.com/SkyPanel/SkyPanel/v3/internal/operations/forgedl/factory.go:23.2,23.26 1 0
github.com/SkyPanel/SkyPanel/v3/internal/operations/forgedl/factory.go:23.26,25.3 1 0
github.com/SkyPanel/SkyPanel/v3/internal/operations/forgedl/factory.go:27.2,27.127 1 0
github.com/SkyPanel/SkyPanel/v3/internal/operations/forgedl/factory.go:30.41,32.2 1 0
github.com/SkyPanel/SkyPanel/v3/internal/operations/forgedl/forgedl.go:39.79,42.22 2 0
github.com/SkyPanel/SkyPanel/v3/internal/operations/forgedl/forgedl.go:42.22,44.17 2 0
github.com/SkyPanel/SkyPanel/v3/internal/operations/forgedl/forgedl.go:44.17,46.4 1 0
github.com/SkyPanel/SkyPanel/v3/internal/operations/forgedl/forgedl.go:47.3,47.51 1 0
github.com/SkyPanel/SkyPanel/v3/internal/operations/forgedl/forgedl.go:50.2,54.16 4 0
github.com/SkyPanel/SkyPanel/v3/internal/operations/forgedl/forgedl.go:54.16,56.3 1 0
github.com/SkyPanel/SkyPanel/v3/internal/operations/forgedl/forgedl.go:59.2,60.16 2 0
github.com/SkyPanel/SkyPanel/v3/internal/operations/forgedl/forgedl.go:60.16,62.3 1 0
github.com/SkyPanel/SkyPanel/v3/internal/operations/forgedl/forgedl.go:64.2,66.4 1 0
github.com/SkyPanel/SkyPanel/v3/internal/operations/forgedl/forgedl.go:69.69,72.16 3 0
github.com/SkyPanel/SkyPanel/v3/internal/operations/forgedl/forgedl.go:72.16,74.3 1 0
github.com/SkyPanel/SkyPanel/v3/internal/operations/forgedl/forgedl.go:76.2,78.16 3 0
github.com/SkyPanel/SkyPanel/v3/internal/operations/forgedl/forgedl.go:78.16,80.3 1 0
github.com/SkyPanel/SkyPanel/v3/internal/operations/forgedl/forgedl.go:81.2,82.19 2 0
github.com/SkyPanel/SkyPanel/v3/internal/operations/forgedl/forgedl.go:82.19,84.3 1 0
github.com/SkyPanel/SkyPanel/v3/internal/operations/forgedl/forgedl.go:85.2,85.21 1 0
github.com/SkyPanel/SkyPanel/v3/internal/operations/javadl/factory.go:13.41,15.2 1 0
github.com/SkyPanel/SkyPanel/v3/internal/operations/javadl/factory.go:16.92,20.16 3 0
github.com/SkyPanel/SkyPanel/v3/internal/operations/javadl/factory.go:20.16,22.3 1 0
github.com/SkyPanel/SkyPanel/v3/internal/operations/javadl/factory.go:24.2,24.52 1 0
github.com/SkyPanel/SkyPanel/v3/internal/operations/javadl/javadl.go:26.78,40.38 9 0
github.com/SkyPanel/SkyPanel/v3/internal/operations/javadl/javadl.go:40.38,43.17 3 0
github.com/SkyPanel/SkyPanel/v3/internal/operations/javadl/javadl.go:43.17,45.4 1 0
github.com/SkyPanel/SkyPanel/v3/internal/operations/javadl/javadl.go:48.3,49.17 2 0
github.com/SkyPanel/SkyPanel/v3/internal/operations/javadl/javadl.go:49.17,51.4 1 0
github.com/SkyPanel/SkyPanel/v3/internal/operations/javadl/javadl.go:53.3,58.17 4 0
github.com/SkyPanel/SkyPanel/v3/internal/operations/javadl/javadl.go:58.17,60.4 1 0
github.com/SkyPanel/SkyPanel/v3/internal/operations/javadl/javadl.go:62.3,67.17 5 0
github.com/SkyPanel/SkyPanel/v3/internal/operations/javadl/javadl.go:67.17,69.4 1 0
github.com/SkyPanel/SkyPanel/v3/internal/operations/javadl/javadl.go:71.3,73.17 3 0
github.com/SkyPanel/SkyPanel/v3/internal/operations/javadl/javadl.go:73.17,75.4 1 0
github.com/SkyPanel/SkyPanel/v3/internal/operations/javadl/javadl.go:78.2,78.45 1 0
github.com/SkyPanel/SkyPanel/v3/internal/operations/javadl/javadl.go:81.50,85.31 2 0
github.com/SkyPanel/SkyPanel/v3/internal/operations/javadl/javadl.go:85.31,87.3 1 0
github.com/SkyPanel/SkyPanel/v3/internal/operations/javadl/javadl.go:87.8,89.3 1 0
github.com/SkyPanel/SkyPanel/v3/internal/operations/javadl/javadl.go:91.2,91.24 1 0
github.com/SkyPanel/SkyPanel/v3/internal/operations/javadl/javadl.go:92.15,93.3 1 0
github.com/SkyPanel/SkyPanel/v3/internal/operations/javadl/javadl.go:93.3,95.4 1 0
github.com/SkyPanel/SkyPanel/v3/internal/operations/javadl/javadl.go:96.13,97.3 1 0
github.com/SkyPanel/SkyPanel/v3/internal/operations/javadl/javadl.go:97.3,99.4 1 0
github.com/SkyPanel/SkyPanel/v3/internal/operations/javadl/javadl.go:100.10,101.3 1 0
github.com/SkyPanel/SkyPanel/v3/internal/operations/javadl/javadl.go:101.3,103.4 1 0
github.com/SkyPanel/SkyPanel/v3/internal/operations/javadl/javadl.go:106.2,111.16 5 0
github.com/SkyPanel/SkyPanel/v3/internal/operations/javadl/javadl.go:111.16,113.3 1 0
github.com/SkyPanel/SkyPanel/v3/internal/operations/javadl/javadl.go:115.2,117.16 3 0
github.com/SkyPanel/SkyPanel/v3/internal/operations/javadl/javadl.go:117.16,119.3 1 0
github.com/SkyPanel/SkyPanel/v3/internal/operations/javadl/javadl.go:121.2,121.20 1 0
github.com/SkyPanel/SkyPanel/v3/internal/operations/javadl/javadl.go:121.20,123.3 1 0
github.com/SkyPanel/SkyPanel/v3/internal/operations/javadl/javadl.go:125.2,125.32 1 0
github.com/SkyPanel/SkyPanel/v3/internal/operations/javadl/javadl.go:125.32,127.3 1 0
github.com/SkyPanel/SkyPanel/v3/internal/operations/javadl/javadl.go:128.2,128.21 1 0
github.com/SkyPanel/SkyPanel/v3/internal/operations/extract/extract.go:12.79,15.2 2 0
github.com/SkyPanel/SkyPanel/v3/internal/operations/extract/factory.go:12.41,14.2 1 0
github.com/SkyPanel/SkyPanel/v3/internal/operations/extract/factory.go:15.92,23.2 3 0
github.com/SkyPanel/SkyPanel/v3/internal/operations/curseforge/client.go:16.58,20.16 3 0
github.com/SkyPanel/SkyPanel/v3/internal/operations/curseforge/client.go:20.16,22.3 1 0
github.com/SkyPanel/SkyPanel/v3/internal/operations/curseforge/client.go:23.2,25.48 2 0
github.com/SkyPanel/SkyPanel/v3/internal/operations/curseforge/client.go:25.48,27.3 1 0
github.com/SkyPanel/SkyPanel/v3/internal/operations/curseforge/client.go:29.2,29.42 1 0
github.com/SkyPanel/SkyPanel/v3/internal/operations/curseforge/client.go:29.42,31.3 1 0
github.com/SkyPanel/SkyPanel/v3/internal/operations/curseforge/client.go:33.2,34.16 2 0
github.com/SkyPanel/SkyPanel/v3/internal/operations/curseforge/client.go:34.16,36.3 1 0
github.com/SkyPanel/SkyPanel/v3/internal/operations/curseforge/client.go:38.2,40.16 3 0
github.com/SkyPanel/SkyPanel/v3/internal/operations/curseforge/client.go:40.16,42.3 1 0
github.com/SkyPanel/SkyPanel/v3/internal/operations/curseforge/client.go:43.2,43.19 1 0
github.com/SkyPanel/SkyPanel/v3/internal/operations/curseforge/client.go:46.74,50.16 3 0
github.com/SkyPanel/SkyPanel/v3/internal/operations/curseforge/client.go:50.16,52.3 1 0
github.com/SkyPanel/SkyPanel/v3/internal/operations/curseforge/client.go:53.2,55.48 2 0
github.com/SkyPanel/SkyPanel/v3/internal/operations/curseforge/client.go:55.48,57.3 1 0
github.com/SkyPanel/SkyPanel/v3/internal/operations/curseforge/client.go:59.2,59.42 1 0
github.com/SkyPanel/SkyPanel/v3/internal/operations/curseforge/client.go:59.42,61.3 1 0
github.com/SkyPanel/SkyPanel/v3/internal/operations/curseforge/client.go:63.2,65.16 3 0
github.com/SkyPanel/SkyPanel/v3/internal/operations/curseforge/client.go:65.16,67.3 1 0
github.com/SkyPanel/SkyPanel/v3/internal/operations/curseforge/client.go:68.2,68.17 1 0
github.com/SkyPanel/SkyPanel/v3/internal/operations/curseforge/client.go:71.53,73.16 2 0
github.com/SkyPanel/SkyPanel/v3/internal/operations/curseforge/client.go:73.16,75.3 1 0
github.com/SkyPanel/SkyPanel/v3/internal/operations/curseforge/client.go:77.2,77.38 1 0
github.com/SkyPanel/SkyPanel/v3/internal/operations/curseforge/client.go:77.38,79.3 1 0
github.com/SkyPanel/SkyPanel/v3/internal/operations/curseforge/client.go:81.2,81.36 1 0
github.com/SkyPanel/SkyPanel/v3/internal/operations/curseforge/client.go:84.61,87.21 2 0
github.com/SkyPanel/SkyPanel/v3/internal/operations/curseforge/client.go:87.21,89.3 1 0
github.com/SkyPanel/SkyPanel/v3/internal/operations/curseforge/client.go:91.2,91.38 1 0
github.com/SkyPanel/SkyPanel/v3/internal/operations/curseforge/client.go:91.38,93.3 1 0
github.com/SkyPanel/SkyPanel/v3/internal/operations/curseforge/client.go:95.2,97.20 2 0
github.com/SkyPanel/SkyPanel/v3/internal/operations/curseforge/client.go:97.20,99.3 1 0
github.com/SkyPanel/SkyPanel/v3/internal/operations/curseforge/client.go:101.2,101.23 1 0
github.com/SkyPanel/SkyPanel/v3/internal/operations/curseforge/client.go:104.55,106.16 2 0
github.com/SkyPanel/SkyPanel/v3/internal/operations/curseforge/client.go:106.16,108.3 1 0
github.com/SkyPanel/SkyPanel/v3/internal/operations/curseforge/client.go:110.2,119.22 5 0
github.com/SkyPanel/SkyPanel/v3/internal/operations/curseforge/curseforge.go:53.81,58.19 4 0
github.com/SkyPanel/SkyPanel/v3/internal/operations/curseforge/curseforge.go:58.19,61.17 2 0
github.com/SkyPanel/SkyPanel/v3/internal/operations/curseforge/curseforge.go:61.17,63.4 1 0
github.com/SkyPanel/SkyPanel/v3/internal/operations/curseforge/curseforge.go:65.3,65.27 1 0
github.com/SkyPanel/SkyPanel/v3/internal/operations/curseforge/curseforge.go:65.27,66.36 1 0
github.com/SkyPanel/SkyPanel/v3/internal/operations/curseforge/curseforge.go:66.36,67.13 1 0
github.com/SkyPanel/SkyPanel/v3/internal/operations/curseforge/curseforge.go:69.4,69.40 1 0
github.com/SkyPanel/SkyPanel/v3/internal/operations/curseforge/curseforge.go:69.40,70.13 1 0
github.com/SkyPanel/SkyPanel/v3/internal/operations/curseforge/curseforge.go:72.4,72.46 1 0
github.com/SkyPanel/SkyPanel/v3/internal/operations/curseforge/curseforge.go:72.46,74.13 2 0
github.com/SkyPanel/SkyPanel/v3/internal/operations/curseforge/curseforge.go:78.3,78.25 1 0
github.com/SkyPanel/SkyPanel/v3/internal/operations/curseforge/curseforge.go:78.25,81.4 2 0
github.com/SkyPanel/SkyPanel/v3/internal/operations/curseforge/curseforge.go:82.8,84.17 2 0
github.com/SkyPanel/SkyPanel/v3/internal/operations/curseforge/curseforge.go:84.17,86.4 1 0
github.com/SkyPanel/SkyPanel/v3/internal/operations/curseforge/curseforge.go:89.2,89.66 1 0
github.com/SkyPanel/SkyPanel/v3/internal/operations/curseforge/curseforge.go:89.66,92.17 3 0
github.com/SkyPanel/SkyPanel/v3/internal/operations/curseforge/curseforge.go:92.17,94.4 1 0
github.com/SkyPanel/SkyPanel/v3/internal/operations/curseforge/curseforge.go:97.2,97.63 1 0
github.com/SkyPanel/SkyPanel/v3/internal/operations/curseforge/curseforge.go:97.63,99.17 2 0
github.com/SkyPanel/SkyPanel/v3/internal/operations/curseforge/curseforge.go:99.17,101.4 1 0
github.com/SkyPanel/SkyPanel/v3/internal/operations/curseforge/curseforge.go:104.2,104.30 1 0
github.com/SkyPanel/SkyPanel/v3/internal/operations/curseforge/curseforge.go:104.30,108.3 3 0
github.com/SkyPanel/SkyPanel/v3/internal/operations/curseforge/curseforge.go:110.2,113.16 4 0
github.com/SkyPanel/SkyPanel/v3/internal/operations/curseforge/curseforge.go:113.16,115.3 1 0
github.com/SkyPanel/SkyPanel/v3/internal/operations/curseforge/curseforge.go:126.2,133.16 6 0
github.com/SkyPanel/SkyPanel/v3/internal/operations/curseforge/curseforge.go:133.16,135.3 1 0
github.com/SkyPanel/SkyPanel/v3/internal/operations/curseforge/curseforge.go:142.2,147.50 6 0
github.com/SkyPanel/SkyPanel/v3/internal/operations/curseforge/curseforge.go:147.50,149.43 2 0
github.com/SkyPanel/SkyPanel/v3/internal/operations/curseforge/curseforge.go:149.43,151.4 1 0
github.com/SkyPanel/SkyPanel/v3/internal/operations/curseforge/curseforge.go:151.9,153.4 1 0
github.com/SkyPanel/SkyPanel/v3/internal/operations/curseforge/curseforge.go:154.3,154.20 1 0
github.com/SkyPanel/SkyPanel/v3/internal/operations/curseforge/curseforge.go:155.8,155.65 1 0
github.com/SkyPanel/SkyPanel/v3/internal/operations/curseforge/curseforge.go:155.65,162.3 6 0
github.com/SkyPanel/SkyPanel/v3/internal/operations/curseforge/curseforge.go:162.8,162.64 1 0
github.com/SkyPanel/SkyPanel/v3/internal/operations/curseforge/curseforge.go:162.64,166.51 4 0
github.com/SkyPanel/SkyPanel/v3/internal/operations/curseforge/curseforge.go:166.51,167.17 1 0
github.com/SkyPanel/SkyPanel/v3/internal/operations/curseforge/curseforge.go:167.17,169.10 2 0
github.com/SkyPanel/SkyPanel/v3/internal/operations/curseforge/curseforge.go:172.3,176.47 5 0
github.com/SkyPanel/SkyPanel/v3/internal/operations/curseforge/curseforge.go:177.8,181.3 2 0
github.com/SkyPanel/SkyPanel/v3/internal/operations/curseforge/curseforge.go:184.2,184.19 1 0
github.com/SkyPanel/SkyPanel/v3/internal/operations/curseforge/curseforge.go:185.16,186.3 1 0
github.com/SkyPanel/SkyPanel/v3/internal/operations/curseforge/curseforge.go:186.3,188.18 2 0
github.com/SkyPanel/SkyPanel/v3/internal/operations/curseforge/curseforge.go:188.18,190.5 1 0
github.com/SkyPanel/SkyPanel/v3/internal/operations/curseforge/curseforge.go:192.15,193.14 1 0
github.com/SkyPanel/SkyPanel/v3/internal/operations/curseforge/curseforge.go:194.18,195.3 1 0
github.com/SkyPanel/SkyPanel/v3/internal/operations/curseforge/curseforge.go:195.3,197.21 2 0
github.com/SkyPanel/SkyPanel/v3/internal/operations/curseforge/curseforge.go:197.21,202.32 4 0
github.com/SkyPanel/SkyPanel/v3/internal/operations/curseforge/curseforge.go:202.32,204.6 1 0
github.com/SkyPanel/SkyPanel/v3/internal/operations/curseforge/curseforge.go:204.11,207.48 2 0
github.com/SkyPanel/SkyPanel/v3/internal/operations/curseforge/curseforge.go:207.48,209.7 1 0
github.com/SkyPanel/SkyPanel/v3/internal/operations/curseforge/curseforge.go:210.6,210.94 1 0
github.com/SkyPanel/SkyPanel/v3/internal/operations/curseforge/curseforge.go:213.5,215.19 3 0
github.com/SkyPanel/SkyPanel/v3/internal/operations/curseforge/curseforge.go:215.19,217.6 1 0
github.com/SkyPanel/SkyPanel/v3/internal/operations/curseforge/curseforge.go:219.5,220.19 2 0
github.com/SkyPanel/SkyPanel/v3/internal/operations/curseforge/curseforge.go:220.19,222.6 1 0
github.com/SkyPanel/SkyPanel/v3/internal/operations/curseforge/curseforge.go:223.5,223.27 1 0
github.com/SkyPanel/SkyPanel/v3/internal/operations/curseforge/curseforge.go:226.4,227.18 2 0
github.com/SkyPanel/SkyPanel/v3/internal/operations/curseforge/curseforge.go:227.18,229.5 1 0
github.com/SkyPanel/SkyPanel/v3/internal/operations/curseforge/curseforge.go:233.4,234.56 2 0
github.com/SkyPanel/SkyPanel/v3/internal/operations/curseforge/curseforge.go:234.56,237.56 3 0
github.com/SkyPanel/SkyPanel/v3/internal/operations/curseforge/curseforge.go:237.56,240.20 3 0
github.com/SkyPanel/SkyPanel/v3/internal/operations/curseforge/curseforge.go:240.20,242.7 1 0
github.com/SkyPanel/SkyPanel/v3/internal/operations/curseforge/curseforge.go:244.5,245.19 2 0
github.com/SkyPanel/SkyPanel/v3/internal/operations/curseforge/curseforge.go:245.19,247.6 1 0
github.com/SkyPanel/SkyPanel/v3/internal/operations/curseforge/curseforge.go:250.10,251.3 1 0
github.com/SkyPanel/SkyPanel/v3/internal/operations/curseforge/curseforge.go:251.3,254.4 2 0
github.com/SkyPanel/SkyPanel/v3/internal/operations/curseforge/curseforge.go:258.2,259.45 2 0
github.com/SkyPanel/SkyPanel/v3/internal/operations/curseforge/curseforge.go:262.66,264.16 2 0
github.com/SkyPanel/SkyPanel/v3/internal/operations/curseforge/curseforge.go:264.16,266.3 1 0
github.com/SkyPanel/SkyPanel/v3/internal/operations/curseforge/curseforge.go:268.2,268.28 1 0
github.com/SkyPanel/SkyPanel/v3/internal/operations/curseforge/curseforge.go:268.28,269.16 1 0
github.com/SkyPanel/SkyPanel/v3/internal/operations/curseforge/curseforge.go:269.16,270.12 1 0
github.com/SkyPanel/SkyPanel/v3/internal/operations/curseforge/curseforge.go:272.3,272.43 1 0
github.com/SkyPanel/SkyPanel/v3/internal/operations/curseforge/curseforge.go:272.43,274.4 1 0
github.com/SkyPanel/SkyPanel/v3/internal/operations/curseforge/curseforge.go:276.2,276.27 1 0
github.com/SkyPanel/SkyPanel/v3/internal/operations/curseforge/curseforge.go:279.118,284.32 2 0
github.com/SkyPanel/SkyPanel/v3/internal/operations/curseforge/curseforge.go:284.32,287.4 2 0
github.com/SkyPanel/SkyPanel/v3/internal/operations/curseforge/curseforge.go:290.2,290.16 1 0
github.com/SkyPanel/SkyPanel/v3/internal/operations/curseforge/curseforge.go:290.16,292.3 1 0
github.com/SkyPanel/SkyPanel/v3/internal/operations/curseforge/curseforge.go:293.2,293.19 1 0
github.com/SkyPanel/SkyPanel/v3/internal/operations/curseforge/curseforge.go:293.19,295.3 1 0
github.com/SkyPanel/SkyPanel/v3/internal/operations/curseforge/curseforge.go:298.2,299.16 2 0
github.com/SkyPanel/SkyPanel/v3/internal/operations/curseforge/curseforge.go:299.16,301.3 1 0
github.com/SkyPanel/SkyPanel/v3/internal/operations/curseforge/curseforge.go:302.2,303.16 2 0
github.com/SkyPanel/SkyPanel/v3/internal/operations/curseforge/curseforge.go:303.16,305.3 1 0
github.com/SkyPanel/SkyPanel/v3/internal/operations/curseforge/curseforge.go:309.2,315.36 3 0
github.com/SkyPanel/SkyPanel/v3/internal/operations/curseforge/curseforge.go:315.36,316.94 1 0
github.com/SkyPanel/SkyPanel/v3/internal/operations/curseforge/curseforge.go:316.94,318.18 2 0
github.com/SkyPanel/SkyPanel/v3/internal/operations/curseforge/curseforge.go:318.18,320.5 1 0
github.com/SkyPanel/SkyPanel/v3/internal/operations/curseforge/curseforge.go:321.9,321.101 1 0
github.com/SkyPanel/SkyPanel/v3/internal/operations/curseforge/curseforge.go:321.101,323.18 2 0
github.com/SkyPanel/SkyPanel/v3/internal/operations/curseforge/curseforge.go:323.18,325.5 1 0
github.com/SkyPanel/SkyPanel/v3/internal/operations/curseforge/curseforge.go:328.2,328.12 1 0
github.com/SkyPanel/SkyPanel/v3/internal/operations/curseforge/curseforge.go:331.96,343.16 5 0
github.com/SkyPanel/SkyPanel/v3/internal/operations/curseforge/curseforge.go:343.16,346.3 1 0
github.com/SkyPanel/SkyPanel/v3/internal/operations/curseforge/curseforge.go:348.2,348.32 1 0
github.com/SkyPanel/SkyPanel/v3/internal/operations/curseforge/curseforge.go:348.32,355.17 5 0
github.com/SkyPanel/SkyPanel/v3/internal/operations/curseforge/curseforge.go:355.17,357.4 1 0
github.com/SkyPanel/SkyPanel/v3/internal/operations/curseforge/curseforge.go:360.3,363.33 2 0
github.com/SkyPanel/SkyPanel/v3/internal/operations/curseforge/curseforge.go:363.33,366.5 2 0
github.com/SkyPanel/SkyPanel/v3/internal/operations/curseforge/curseforge.go:368.3,368.17 1 0
github.com/SkyPanel/SkyPanel/v3/internal/operations/curseforge/curseforge.go:368.17,370.4 1 0
github.com/SkyPanel/SkyPanel/v3/internal/operations/curseforge/curseforge.go:371.3,371.20 1 0
github.com/SkyPanel/SkyPanel/v3/internal/operations/curseforge/curseforge.go:371.20,373.4 1 0
github.com/SkyPanel/SkyPanel/v3/internal/operations/curseforge/curseforge.go:376.3,377.17 2 0
github.com/SkyPanel/SkyPanel/v3/internal/operations/curseforge/curseforge.go:377.17,379.4 1 0
github.com/SkyPanel/SkyPanel/v3/internal/operations/curseforge/curseforge.go:382.3,384.13 3 0
github.com/SkyPanel/SkyPanel/v3/internal/operations/curseforge/curseforge.go:387.2,387.12 1 0
github.com/SkyPanel/SkyPanel/v3/internal/operations/curseforge/curseforge.go:390.45,392.16 2 0
github.com/SkyPanel/SkyPanel/v3/internal/operations/curseforge/curseforge.go:392.16,394.3 1 0
github.com/SkyPanel/SkyPanel/v3/internal/operations/curseforge/curseforge.go:395.2,398.16 4 0
github.com/SkyPanel/SkyPanel/v3/internal/operations/curseforge/curseforge.go:398.16,400.3 1 0
github.com/SkyPanel/SkyPanel/v3/internal/operations/curseforge/curseforge.go:401.2,401.48 1 0
github.com/SkyPanel/SkyPanel/v3/internal/operations/curseforge/curseforge.go:401.48,403.3 1 0
github.com/SkyPanel/SkyPanel/v3/internal/operations/curseforge/curseforge.go:404.2,405.12 2 0
github.com/SkyPanel/SkyPanel/v3/internal/operations/curseforge/curseforge.go:408.63,410.25 2 0
github.com/SkyPanel/SkyPanel/v3/internal/operations/curseforge/curseforge.go:410.25,412.3 1 0
github.com/SkyPanel/SkyPanel/v3/internal/operations/curseforge/curseforge.go:413.2,413.15 1 0
github.com/SkyPanel/SkyPanel/v3/internal/operations/curseforge/factory.go:14.92,15.40 1 0
github.com/SkyPanel/SkyPanel/v3/internal/operations/curseforge/factory.go:15.40,17.3 1 0
github.com/SkyPanel/SkyPanel/v3/internal/operations/curseforge/factory.go:19.2,20.16 2 0
github.com/SkyPanel/SkyPanel/v3/internal/operations/curseforge/factory.go:20.16,22.3 1 0
github.com/SkyPanel/SkyPanel/v3/internal/operations/curseforge/factory.go:23.2,24.52 2 0
github.com/SkyPanel/SkyPanel/v3/internal/operations/curseforge/factory.go:24.52,26.3 1 0
github.com/SkyPanel/SkyPanel/v3/internal/operations/curseforge/factory.go:26.8,26.45 1 0
github.com/SkyPanel/SkyPanel/v3/internal/operations/curseforge/factory.go:26.45,28.3 1 0
github.com/SkyPanel/SkyPanel/v3/internal/operations/curseforge/factory.go:30.2,31.22 2 0
github.com/SkyPanel/SkyPanel/v3/internal/operations/curseforge/factory.go:31.22,33.3 1 0
github.com/SkyPanel/SkyPanel/v3/internal/operations/curseforge/factory.go:35.2,35.87 1 0
github.com/SkyPanel/SkyPanel/v3/internal/operations/curseforge/factory.go:38.41,40.2 1 0
github.com/SkyPanel/SkyPanel/v3/internal/operations/curseforge/models.go:54.32,55.11 1 0
github.com/SkyPanel/SkyPanel/v3/internal/operations/curseforge/models.go:56.9,57.14 1 0
github.com/SkyPanel/SkyPanel/v3/internal/operations/curseforge/models.go:58.10,59.14 1 0
github.com/SkyPanel/SkyPanel/v3/internal/operations/curseforge/models.go:60.10,61.15 1 0
github.com/SkyPanel/SkyPanel/v3/internal/operations/curseforge/modpack.go:18.39,23.91 3 0
github.com/SkyPanel/SkyPanel/v3/internal/operations/curseforge/modpack.go:23.91,25.3 1 0
github.com/SkyPanel/SkyPanel/v3/internal/operations/curseforge/modpack.go:27.2,28.36 2 0
github.com/SkyPanel/SkyPanel/v3/internal/operations/curseforge/modpack.go:28.36,30.3 1 0
github.com/SkyPanel/SkyPanel/v3/internal/operations/curseforge/modpack.go:31.2,32.16 2 0
github.com/SkyPanel/SkyPanel/v3/internal/operations/curseforge/modpack.go:32.16,34.3 1 0
github.com/SkyPanel/SkyPanel/v3/internal/operations/curseforge/modpack.go:35.2,39.16 4 0
github.com/SkyPanel/SkyPanel/v3/internal/operations/curseforge/modpack.go:39.16,41.3 1 0
github.com/SkyPanel/SkyPanel/v3/internal/operations/curseforge/modpack.go:42.2,42.48 1 0
github.com/SkyPanel/SkyPanel/v3/internal/operations/curseforge/modpack.go:42.48,44.3 1 0
github.com/SkyPanel/SkyPanel/v3/internal/operations/curseforge/modpack.go:45.2,46.16 2 0
github.com/SkyPanel/SkyPanel/v3/internal/operations/curseforge/modpack.go:46.16,48.3 1 0
github.com/SkyPanel/SkyPanel/v3/internal/operations/curseforge/modpack.go:49.2,53.16 4 0
github.com/SkyPanel/SkyPanel/v3/internal/operations/curseforge/modpack.go:53.16,55.3 1 0
github.com/SkyPanel/SkyPanel/v3/internal/operations/curseforge/modpack.go:57.2,57.12 1 0
github.com/SkyPanel/SkyPanel/v3/internal/operations/curseforge/modpack.go:60.46,62.2 1 0
github.com/SkyPanel/SkyPanel/v3/internal/operations/curseforge/modpack.go:64.41,66.2 1 0
github.com/SkyPanel/SkyPanel/v3/internal/operations/curseforge/modpack.go:68.53,69.24 1 0
github.com/SkyPanel/SkyPanel/v3/internal/operations/curseforge/modpack.go:69.24,71.3 1 0
github.com/SkyPanel/SkyPanel/v3/internal/operations/curseforge/modpack.go:72.2,75.16 3 0
github.com/SkyPanel/SkyPanel/v3/internal/operations/curseforge/modpack.go:75.16,77.3 1 0
github.com/SkyPanel/SkyPanel/v3/internal/operations/curseforge/modpack.go:79.2,81.22 3 0
github.com/SkyPanel/SkyPanel/v3/internal/operations/curseforge/modpack.go:84.62,88.38 3 0
github.com/SkyPanel/SkyPanel/v3/internal/operations/curseforge/modpack.go:88.38,90.17 2 0
github.com/SkyPanel/SkyPanel/v3/internal/operations/curseforge/modpack.go:90.17,92.4 1 0
github.com/SkyPanel/SkyPanel/v3/internal/operations/curseforge/modpack.go:94.3,94.55 1 0
github.com/SkyPanel/SkyPanel/v3/internal/operations/curseforge/modpack.go:96.2,96.18 1 0
github.com/SkyPanel/SkyPanel/v3/internal/operations/curseforge/modpack.go:99.67,103.16 3 0
github.com/SkyPanel/SkyPanel/v3/internal/operations/curseforge/modpack.go:103.16,105.3 1 0
github.com/SkyPanel/SkyPanel/v3/internal/operations/curseforge/modpack.go:107.2,111.21 4 0
github.com/SkyPanel/SkyPanel/v3/internal/operations/curseforge/modpack.go:111.21,113.34 2 0
github.com/SkyPanel/SkyPanel/v3/internal/operations/curseforge/modpack.go:113.34,114.12 1 0
github.com/SkyPanel/SkyPanel/v3/internal/operations/curseforge/modpack.go:116.3,117.22 2 0
github.com/SkyPanel/SkyPanel/v3/internal/operations/curseforge/modpack.go:117.22,118.12 1 0
github.com/SkyPanel/SkyPanel/v3/internal/operations/curseforge/modpack.go:120.3,120.48 1 0
github.com/SkyPanel/SkyPanel/v3/internal/operations/curseforge/modpack.go:122.2,122.28 1 0
github.com/SkyPanel/SkyPanel/v3/internal/operations/archive/archive.go:12.79,15.2 2 0
github.com/SkyPanel/SkyPanel/v3/internal/operations/archive/factory.go:12.41,14.2 1 0
github.com/SkyPanel/SkyPanel/v3/internal/operations/archive/factory.go:15.92,23.2 3 0
github.com/SkyPanel/SkyPanel/v3/internal/operations/dockerpull/dockerpull.go:13.81,17.9 3 0
github.com/SkyPanel/SkyPanel/v3/internal/operations/dockerpull/dockerpull.go:17.9,19.3 1 0
github.com/SkyPanel/SkyPanel/v3/internal/operations/dockerpull/dockerpull.go:21.2,22.45 2 0
github.com/SkyPanel/SkyPanel/v3/internal/operations/dockerpull/factory.go:12.92,15.2 2 0
github.com/SkyPanel/SkyPanel/v3/internal/operations/dockerpull/factory.go:17.41,19.2 1 0
github.com/SkyPanel/SkyPanel/v3/internal/operations/command/command.go:17.78,20.33 2 0
github.com/SkyPanel/SkyPanel/v3/internal/operations/command/command.go:20.33,27.33 4 0
github.com/SkyPanel/SkyPanel/v3/internal/operations/command/command.go:27.33,28.22 1 0
github.com/SkyPanel/SkyPanel/v3/internal/operations/command/command.go:28.22,30.6 1 0
github.com/SkyPanel/SkyPanel/v3/internal/operations/command/command.go:31.5,31.14 1 0
github.com/SkyPanel/SkyPanel/v3/internal/operations/command/command.go:37.3,37.17 1 0
github.com/SkyPanel/SkyPanel/v3/internal/operations/command/command.go:37.17,39.4 1 0
github.com/SkyPanel/SkyPanel/v3/internal/operations/command/command.go:40.3,41.17 2 0
github.com/SkyPanel/SkyPanel/v3/internal/operations/command/command.go:41.17,43.4 1 0
github.com/SkyPanel/SkyPanel/v3/internal/operations/command/command.go:46.2,46.45 1 0
github.com/SkyPanel/SkyPanel/v3/internal/operations/command/factory.go:13.92,17.56 3 0
github.com/SkyPanel/SkyPanel/v3/internal/operations/command/factory.go:17.56,19.17 2 0
github.com/SkyPanel/SkyPanel/v3/internal/operations/command/factory.go:19.17,21.4 1 0
github.com/SkyPanel/SkyPanel/v3/internal/operations/command/factory.go:24.2,24.104 1 0
github.com/SkyPanel/SkyPanel/v3/internal/operations/command/factory.go:27.41,29.2 1 0
github.com/SkyPanel/SkyPanel/v3/internal/operations/neoforgedl/factory.go:13.92,19.45 5 0
github.com/SkyPanel/SkyPanel/v3/internal/operations/neoforgedl/factory.go:19.45,21.3 1 0
github.com/SkyPanel/SkyPanel/v3/internal/operations/neoforgedl/factory.go:23.2,23.26 1 0
github.com/SkyPanel/SkyPanel/v3/internal/operations/neoforgedl/factory.go:23.26,25.3 1 0
github.com/SkyPanel/SkyPanel/v3/internal/operations/neoforgedl/factory.go:27.2,27.130 1 0
github.com/SkyPanel/SkyPanel/v3/internal/operations/neoforgedl/factory.go:30.41,32.2 1 0
github.com/SkyPanel/SkyPanel/v3/internal/operations/neoforgedl/neoforgedl.go:25.82,27.22 2 0
github.com/SkyPanel/SkyPanel/v3/internal/operations/neoforgedl/neoforgedl.go:27.22,29.17 2 0
github.com/SkyPanel/SkyPanel/v3/internal/operations/neoforgedl/neoforgedl.go:29.17,31.4 1 0
github.com/SkyPanel/SkyPanel/v3/internal/operations/neoforgedl/neoforgedl.go:32.3,32.26 1 0
github.com/SkyPanel/SkyPanel/v3/internal/operations/neoforgedl/neoforgedl.go:35.2,39.16 4 0
github.com/SkyPanel/SkyPanel/v3/internal/operations/neoforgedl/neoforgedl.go:39.16,41.3 1 0
github.com/SkyPanel/SkyPanel/v3/internal/operations/neoforgedl/neoforgedl.go:44.2,45.16 2 0
github.com/SkyPanel/SkyPanel/v3/internal/operations/neoforgedl/neoforgedl.go:45.16,47.3 1 0
github.com/SkyPanel/SkyPanel/v3/internal/operations/neoforgedl/neoforgedl.go:49.2,51.4 1 0
github.com/SkyPanel/SkyPanel/v3/internal/operations/neoforgedl/neoforgedl.go:54.69,57.16 3 2
github.com/SkyPanel/SkyPanel/v3/internal/operations/neoforgedl/neoforgedl.go:57.16,59.3 1 0
github.com/SkyPanel/SkyPanel/v3/internal/operations/neoforgedl/neoforgedl.go:61.2,63.16 3 2
github.com/SkyPanel/SkyPanel/v3/internal/operations/neoforgedl/neoforgedl.go:63.16,65.3 1 0
github.com/SkyPanel/SkyPanel/v3/internal/operations/neoforgedl/neoforgedl.go:66.2,70.38 3 2
github.com/SkyPanel/SkyPanel/v3/internal/operations/neoforgedl/neoforgedl.go:70.38,71.41 1 3168
github.com/SkyPanel/SkyPanel/v3/internal/operations/neoforgedl/neoforgedl.go:71.41,73.18 2 244
github.com/SkyPanel/SkyPanel/v3/internal/operations/neoforgedl/neoforgedl.go:73.18,75.13 2 0
github.com/SkyPanel/SkyPanel/v3/internal/operations/neoforgedl/neoforgedl.go:77.4,77.25 1 244
github.com/SkyPanel/SkyPanel/v3/internal/operations/neoforgedl/neoforgedl.go:77.25,79.5 1 1
github.com/SkyPanel/SkyPanel/v3/internal/operations/neoforgedl/neoforgedl.go:79.10,79.49 1 243
github.com/SkyPanel/SkyPanel/v3/internal/operations/neoforgedl/neoforgedl.go:79.49,81.5 1 151
github.com/SkyPanel/SkyPanel/v3/internal/operations/neoforgedl/neoforgedl.go:85.2,85.23 1 2
github.com/SkyPanel/SkyPanel/v3/internal/operations/neoforgedl/neoforgedl.go:85.23,87.3 1 1
github.com/SkyPanel/SkyPanel/v3/internal/operations/neoforgedl/neoforgedl.go:89.2,89.35 1 1
github.com/SkyPanel/SkyPanel/v3/internal/operations/mkdir/factory.go:12.92,15.2 2 0
github.com/SkyPanel/SkyPanel/v3/internal/operations/mkdir/factory.go:17.41,19.2 1 0
github.com/SkyPanel/SkyPanel/v3/internal/operations/mkdir/mkdir.go:14.77,21.2 6 0
github.com/SkyPanel/SkyPanel/v3/internal/operations/steamgamedl/depotdownloader.go:21.64,26.33 4 0
github.com/SkyPanel/SkyPanel/v3/internal/operations/steamgamedl/depotdownloader.go:26.33,28.3 1 0
github.com/SkyPanel/SkyPanel/v3/internal/operations/steamgamedl/depotdownloader.go:30.2,32.42 2 0
github.com/SkyPanel/SkyPanel/v3/internal/operations/steamgamedl/depotdownloader.go:32.42,34.17 2 0
github.com/SkyPanel/SkyPanel/v3/internal/operations/steamgamedl/depotdownloader.go:34.17,36.4 1 0
github.com/SkyPanel/SkyPanel/v3/internal/operations/steamgamedl/depotdownloader.go:37.8,40.30 3 0
github.com/SkyPanel/SkyPanel/v3/internal/operations/steamgamedl/depotdownloader.go:40.30,42.4 1 0
github.com/SkyPanel/SkyPanel/v3/internal/operations/steamgamedl/depotdownloader.go:43.3,43.51 1 0
github.com/SkyPanel/SkyPanel/v3/internal/operations/steamgamedl/depotdownloader.go:46.2,47.16 2 0
github.com/SkyPanel/SkyPanel/v3/internal/operations/steamgamedl/depotdownloader.go:47.16,49.3 1 0
github.com/SkyPanel/SkyPanel/v3/internal/operations/steamgamedl/depotdownloader.go:51.2,52.12 2 0
github.com/SkyPanel/SkyPanel/v3/internal/operations/steamgamedl/depotdownloader.go:55.41,61.16 5 1
github.com/SkyPanel/SkyPanel/v3/internal/operations/steamgamedl/depotdownloader.go:61.16,63.3 1 0
github.com/SkyPanel/SkyPanel/v3/internal/operations/steamgamedl/depotdownloader.go:65.2,70.16 5 1
github.com/SkyPanel/SkyPanel/v3/internal/operations/steamgamedl/depotdownloader.go:70.16,72.3 1 0
github.com/SkyPanel/SkyPanel/v3/internal/operations/steamgamedl/depotdownloader.go:74.2,74.32 1 1
github.com/SkyPanel/SkyPanel/v3/internal/operations/steamgamedl/depotdownloader.go:74.32,76.3 1 0
github.com/SkyPanel/SkyPanel/v3/internal/operations/steamgamedl/depotdownloader.go:78.2,80.16 3 1
github.com/SkyPanel/SkyPanel/v3/internal/operations/steamgamedl/depotdownloader.go:80.16,82.3 1 0
github.com/SkyPanel/SkyPanel/v3/internal/operations/steamgamedl/depotdownloader.go:84.2,84.31 1 1
github.com/SkyPanel/SkyPanel/v3/internal/operations/steamgamedl/depotdownloader.go:84.31,85.40 1 1
github.com/SkyPanel/SkyPanel/v3/internal/operations/steamgamedl/depotdownloader.go:85.40,87.66 2 4
github.com/SkyPanel/SkyPanel/v3/internal/operations/steamgamedl/depotdownloader.go:87.66,88.34 1 3
github.com/SkyPanel/SkyPanel/v3/internal/operations/steamgamedl/depotdownloader.go:88.34,89.44 1 3
github.com/SkyPanel/SkyPanel/v3/internal/operations/steamgamedl/depotdownloader.go:89.44,91.7 1 1
github.com/SkyPanel/SkyPanel/v3/internal/operations/steamgamedl/depotdownloader.go:92.11,92.76 1 0
github.com/SkyPanel/SkyPanel/v3/internal/operations/steamgamedl/depotdownloader.go:92.76,94.6 1 0
github.com/SkyPanel/SkyPanel/v3/internal/operations/steamgamedl/depotdownloader.go:98.2,98.76 1 0
github.com/SkyPanel/SkyPanel/v3/internal/operations/steamgamedl/factory.go:12.92,20.2 2 0
github.com/SkyPanel/SkyPanel/v3/internal/operations/steamgamedl/factory.go:22.41,24.2 1 0
github.com/SkyPanel/SkyPanel/v3/internal/operations/steamgamedl/steamgamedl.go:24.14,25.2 0 1
github.com/SkyPanel/SkyPanel/v3/internal/operations/steamgamedl/steamgamedl.go:34.82,42.16 5 0
github.com/SkyPanel/SkyPanel/v3/internal/operations/steamgamedl/steamgamedl.go:42.16,44.3 1 0
github.com/SkyPanel/SkyPanel/v3/internal/operations/steamgamedl/steamgamedl.go:46.2,47.16 2 0
github.com/SkyPanel/SkyPanel/v3/internal/operations/steamgamedl/steamgamedl.go:47.16,49.3 1 0
github.com/SkyPanel/SkyPanel/v3/internal/operations/steamgamedl/steamgamedl.go:55.2,62.22 6 0
github.com/SkyPanel/SkyPanel/v3/internal/operations/steamgamedl/steamgamedl.go:62.22,64.23 2 0
github.com/SkyPanel/SkyPanel/v3/internal/operations/steamgamedl/steamgamedl.go:64.23,66.4 1 0
github.com/SkyPanel/SkyPanel/v3/internal/operations/steamgamedl/steamgamedl.go:68.2,68.52 1 0
github.com/SkyPanel/SkyPanel/v3/internal/operations/steamgamedl/steamgamedl.go:68.52,70.3 1 0
github.com/SkyPanel/SkyPanel/v3/internal/operations/steamgamedl/steamgamedl.go:71.2,76.32 3 0
github.com/SkyPanel/SkyPanel/v3/internal/operations/steamgamedl/steamgamedl.go:76.32,78.4 1 0
github.com/SkyPanel/SkyPanel/v3/internal/operations/steamgamedl/steamgamedl.go:80.2,81.16 2 0
github.com/SkyPanel/SkyPanel/v3/internal/operations/steamgamedl/steamgamedl.go:81.16,83.3 1 0
github.com/SkyPanel/SkyPanel/v3/internal/operations/steamgamedl/steamgamedl.go:84.2,85.19 2 0
github.com/SkyPanel/SkyPanel/v3/internal/operations/steamgamedl/steamgamedl.go:85.19,88.3 2 0
github.com/SkyPanel/SkyPanel/v3/internal/operations/steamgamedl/steamgamedl.go:91.2,92.22 2 0
github.com/SkyPanel/SkyPanel/v3/internal/operations/steamgamedl/steamgamedl.go:92.22,94.23 2 0
github.com/SkyPanel/SkyPanel/v3/internal/operations/steamgamedl/steamgamedl.go:94.23,96.4 1 0
github.com/SkyPanel/SkyPanel/v3/internal/operations/steamgamedl/steamgamedl.go:99.2,99.52 1 0
github.com/SkyPanel/SkyPanel/v3/internal/operations/steamgamedl/steamgamedl.go:99.52,101.3 1 0
github.com/SkyPanel/SkyPanel/v3/internal/operations/steamgamedl/steamgamedl.go:103.2,103.26 1 0
github.com/SkyPanel/SkyPanel/v3/internal/operations/steamgamedl/steamgamedl.go:103.26,105.3 1 0
github.com/SkyPanel/SkyPanel/v3/internal/operations/steamgamedl/steamgamedl.go:107.2,109.32 1 0
github.com/SkyPanel/SkyPanel/v3/internal/operations/steamgamedl/steamgamedl.go:109.32,111.4 1 0
github.com/SkyPanel/SkyPanel/v3/internal/operations/steamgamedl/steamgamedl.go:116.2,117.16 2 0
github.com/SkyPanel/SkyPanel/v3/internal/operations/steamgamedl/steamgamedl.go:117.16,119.3 1 0
github.com/SkyPanel/SkyPanel/v3/internal/operations/steamgamedl/steamgamedl.go:120.2,121.19 2 0
github.com/SkyPanel/SkyPanel/v3/internal/operations/steamgamedl/steamgamedl.go:121.19,124.3 2 0
github.com/SkyPanel/SkyPanel/v3/internal/operations/steamgamedl/steamgamedl.go:128.2,129.16 2 0
github.com/SkyPanel/SkyPanel/v3/internal/operations/steamgamedl/steamgamedl.go:129.16,131.3 1 0
github.com/SkyPanel/SkyPanel/v3/internal/operations/steamgamedl/steamgamedl.go:132.2,132.37 1 0
github.com/SkyPanel/SkyPanel/v3/internal/operations/steamgamedl/steamgamedl.go:132.37,133.77 1 0
github.com/SkyPanel/SkyPanel/v3/internal/operations/steamgamedl/steamgamedl.go:133.77,134.12 1 0
github.com/SkyPanel/SkyPanel/v3/internal/operations/steamgamedl/steamgamedl.go:136.3,137.17 2 0
github.com/SkyPanel/SkyPanel/v3/internal/operations/steamgamedl/steamgamedl.go:137.17,139.4 1 0
github.com/SkyPanel/SkyPanel/v3/internal/operations/steamgamedl/steamgamedl.go:142.2,142.45 1 0
github.com/SkyPanel/SkyPanel/v3/internal/operations/steamgamedl/steamgamedl.go:145.56,148.16 3 0
github.com/SkyPanel/SkyPanel/v3/internal/operations/steamgamedl/steamgamedl.go:148.16,150.3 1 0
github.com/SkyPanel/SkyPanel/v3/internal/operations/steamgamedl/steamgamedl.go:152.2,155.16 3 0
github.com/SkyPanel/SkyPanel/v3/internal/operations/steamgamedl/steamgamedl.go:155.16,157.3 1 0
github.com/SkyPanel/SkyPanel/v3/internal/operations/steamgamedl/steamgamedl.go:159.2,160.16 2 0
github.com/SkyPanel/SkyPanel/v3/internal/operations/steamgamedl/steamgamedl.go:160.16,162.3 1 0
github.com/SkyPanel/SkyPanel/v3/internal/operations/steamgamedl/steamgamedl.go:164.2,165.16 2 0
github.com/SkyPanel/SkyPanel/v3/internal/operations/steamgamedl/steamgamedl.go:165.16,167.3 1 0
github.com/SkyPanel/SkyPanel/v3/internal/operations/steamgamedl/steamgamedl.go:169.2,169.12 1 0
github.com/SkyPanel/SkyPanel/v3/internal/operations/steamgamedl/steamgamedl.go:172.50,175.16 3 0
github.com/SkyPanel/SkyPanel/v3/internal/operations/steamgamedl/steamgamedl.go:175.16,177.3 1 0
github.com/SkyPanel/SkyPanel/v3/internal/operations/steamgamedl/steamgamedl.go:178.2,180.18 3 0
github.com/SkyPanel/SkyPanel/v3/internal/operations/steamgamedl/steamgamedl.go:180.18,182.22 2 0
github.com/SkyPanel/SkyPanel/v3/internal/operations/steamgamedl/steamgamedl.go:182.22,184.12 2 0
github.com/SkyPanel/SkyPanel/v3/internal/operations/steamgamedl/steamgamedl.go:186.3,187.43 2 0
github.com/SkyPanel/SkyPanel/v3/internal/operations/steamgamedl/steamgamedl.go:187.43,188.12 1 0
github.com/SkyPanel/SkyPanel/v3/internal/operations/steamgamedl/steamgamedl.go:190.3,190.21 1 0
github.com/SkyPanel/SkyPanel/v3/internal/operations/steamgamedl/steamgamedl.go:190.21,194.4 2 0
github.com/SkyPanel/SkyPanel/v3/internal/operations/steamgamedl/steamgamedl.go:197.3,197.22 1 0
github.com/SkyPanel/SkyPanel/v3/internal/operations/steamgamedl/steamgamedl.go:197.22,200.4 2 0
github.com/SkyPanel/SkyPanel/v3/internal/operations/steamgamedl/steamgamedl.go:203.2,203.12 1 0
github.com/SkyPanel/SkyPanel/v3/internal/operations/steamgamedl/steamparser.go:24.55,26.16 2 2
github.com/SkyPanel/SkyPanel/v3/internal/operations/steamgamedl/steamparser.go:26.16,28.3 1 0
github.com/SkyPanel/SkyPanel/v3/internal/operations/steamgamedl/steamparser.go:30.2,35.25 4 2
github.com/SkyPanel/SkyPanel/v3/internal/operations/steamgamedl/steamparser.go:35.25,38.24 3 24
github.com/SkyPanel/SkyPanel/v3/internal/operations/steamgamedl/steamparser.go:38.24,40.4 1 2
github.com/SkyPanel/SkyPanel/v3/internal/operations/steamgamedl/steamparser.go:43.2,43.16 1 0
github.com/SkyPanel/SkyPanel/v3/internal/operations/mojangdl/factory.go:12.92,17.2 3 0
github.com/SkyPanel/SkyPanel/v3/internal/operations/mojangdl/factory.go:19.41,21.2 1 0
github.com/SkyPanel/SkyPanel/v3/internal/operations/mojangdl/mojangdl.go:19.80,23.16 3 0
github.com/SkyPanel/SkyPanel/v3/internal/operations/mojangdl/mojangdl.go:23.16,25.3 1 0
github.com/SkyPanel/SkyPanel/v3/internal/operations/mojangdl/mojangdl.go:27.2,29.16 3 0
github.com/SkyPanel/SkyPanel/v3/internal/operations/mojangdl/mojangdl.go:29.16,31.3 1 0
github.com/SkyPanel/SkyPanel/v3/internal/operations/mojangdl/mojangdl.go:32.2,33.16 2 0
github.com/SkyPanel/SkyPanel/v3/internal/operations/mojangdl/mojangdl.go:33.16,35.3 1 0
github.com/SkyPanel/SkyPanel/v3/internal/operations/mojangdl/mojangdl.go:37.2,38.20 2 0
github.com/SkyPanel/SkyPanel/v3/internal/operations/mojangdl/mojangdl.go:39.17,40.38 1 0
github.com/SkyPanel/SkyPanel/v3/internal/operations/mojangdl/mojangdl.go:41.16,42.38 1 0
github.com/SkyPanel/SkyPanel/v3/internal/operations/mojangdl/mojangdl.go:43.18,44.39 1 0
github.com/SkyPanel/SkyPanel/v3/internal/operations/mojangdl/mojangdl.go:45.10,46.29 1 0
github.com/SkyPanel/SkyPanel/v3/internal/operations/mojangdl/mojangdl.go:49.2,49.40 1 0
github.com/SkyPanel/SkyPanel/v3/internal/operations/mojangdl/mojangdl.go:49.40,50.34 1 0
github.com/SkyPanel/SkyPanel/v3/internal/operations/mojangdl/mojangdl.go:50.34,56.4 4 0
github.com/SkyPanel/SkyPanel/v3/internal/operations/mojangdl/mojangdl.go:59.2,61.45 3 0
github.com/SkyPanel/SkyPanel/v3/internal/operations/mojangdl/mojangdl.go:64.82,67.16 3 0
github.com/SkyPanel/SkyPanel/v3/internal/operations/mojangdl/mojangdl.go:67.16,69.3 1 0
github.com/SkyPanel/SkyPanel/v3/internal/operations/mojangdl/mojangdl.go:71.2,73.16 3 0
github.com/SkyPanel/SkyPanel/v3/internal/operations/mojangdl/mojangdl.go:73.16,75.3 1 0
github.com/SkyPanel/SkyPanel/v3/internal/operations/mojangdl/mojangdl.go:76.2,77.16 2 0
github.com/SkyPanel/SkyPanel/v3/internal/operations/mojangdl/mojangdl.go:77.16,79.3 1 0
github.com/SkyPanel/SkyPanel/v3/internal/operations/mojangdl/mojangdl.go:81.2,86.60 4 0
github.com/SkyPanel/SkyPanel/v3/internal/operations/move/factory.go:12.92,16.2 3 0
github.com/SkyPanel/SkyPanel/v3/internal/operations/move/factory.go:18.41,20.2 1 0
github.com/SkyPanel/SkyPanel/v3/internal/operations/move/move.go:16.75,21.12 4 0
github.com/SkyPanel/SkyPanel/v3/internal/operations/move/move.go:21.12,23.3 1 0
github.com/SkyPanel/SkyPanel/v3/internal/operations/move/move.go:25.2,25.27 1 0
github.com/SkyPanel/SkyPanel/v3/internal/operations/move/move.go:25.27,29.17 4 0
github.com/SkyPanel/SkyPanel/v3/internal/operations/move/move.go:29.17,31.4 1 0
github.com/SkyPanel/SkyPanel/v3/internal/operations/move/move.go:33.2,33.45 1 0
github.com/SkyPanel/SkyPanel/v3/internal/operations/move/move.go:36.104,41.16 4 0
github.com/SkyPanel/SkyPanel/v3/internal/operations/move/move.go:41.16,42.49 1 0
github.com/SkyPanel/SkyPanel/v3/internal/operations/move/move.go:42.49,46.4 3 0
github.com/SkyPanel/SkyPanel/v3/internal/operations/move/move.go:46.9,46.33 1 0
github.com/SkyPanel/SkyPanel/v3/internal/operations/move/move.go:46.33,50.4 3 0
github.com/SkyPanel/SkyPanel/v3/internal/operations/move/move.go:51.8,51.49 1 0
github.com/SkyPanel/SkyPanel/v3/internal/operations/move/move.go:51.49,55.3 3 0
github.com/SkyPanel/SkyPanel/v3/internal/operations/move/move.go:57.2,57.33 1 0
github.com/SkyPanel/SkyPanel/v3/internal/operations/move/move.go:57.33,58.33 1 0
github.com/SkyPanel/SkyPanel/v3/internal/operations/move/move.go:58.33,61.4 2 0
github.com/SkyPanel/SkyPanel/v3/internal/operations/move/move.go:62.8,63.33 1 0
github.com/SkyPanel/SkyPanel/v3/internal/operations/move/move.go:63.33,65.4 1 0
github.com/SkyPanel/SkyPanel/v3/internal/operations/move/move.go:67.2,68.8 2 0
github.com/SkyPanel/SkyPanel/v3/internal/scopes/scopes.go:94.33,96.2 1 0
github.com/SkyPanel/SkyPanel/v3/internal/scopes/scopes.go:98.32,99.23 1 3137
github.com/SkyPanel/SkyPanel/v3/internal/scopes/scopes.go:100.14,101.22 1 397
github.com/SkyPanel/SkyPanel/v3/internal/scopes/scopes.go:102.14,103.28 1 2740
github.com/SkyPanel/SkyPanel/v3/internal/scopes/scopes.go:104.10,105.15 1 0
github.com/SkyPanel/SkyPanel/v3/internal/scopes/scopes.go:109.47,111.2 1 0
github.com/SkyPanel/SkyPanel/v3/internal/scopes/scopes.go:113.50,116.16 3 0
github.com/SkyPanel/SkyPanel/v3/internal/scopes/scopes.go:116.16,118.3 1 0
github.com/SkyPanel/SkyPanel/v3/internal/scopes/scopes.go:119.2,122.12 4 0
github.com/SkyPanel/SkyPanel/v3/internal/scopes/scopes.go:127.37,130.2 2 72
github.com/SkyPanel/SkyPanel/v3/internal/scopes/scopes.go:131.46,133.2 1 23
github.com/SkyPanel/SkyPanel/v3/internal/scopes/scopes.go:134.43,136.2 1 49
github.com/SkyPanel/SkyPanel/v3/internal/scopes/scopes.go:138.34,139.30 1 0
github.com/SkyPanel/SkyPanel/v3/internal/scopes/scopes.go:139.30,140.16 1 0
github.com/SkyPanel/SkyPanel/v3/internal/scopes/scopes.go:140.16,142.4 1 0
github.com/SkyPanel/SkyPanel/v3/internal/scopes/scopes.go:144.2,144.27 1 0
github.com/SkyPanel/SkyPanel/v3/internal/scopes/scopes.go:147.53,149.33 2 233
github.com/SkyPanel/SkyPanel/v3/internal/scopes/scopes.go:149.33,151.3 1 230
github.com/SkyPanel/SkyPanel/v3/internal/scopes/scopes.go:152.2,152.58 1 233
github.com/SkyPanel/SkyPanel/v3/internal/scopes/scopes.go:152.58,154.3 1 160
github.com/SkyPanel/SkyPanel/v3/internal/scopes/scopes.go:156.2,156.24 1 233
github.com/SkyPanel/SkyPanel/v3/internal/scopes/scopes.go:156.24,157.29 1 90
github.com/SkyPanel/SkyPanel/v3/internal/scopes/scopes.go:157.29,158.15 1 181
github.com/SkyPanel/SkyPanel/v3/internal/scopes/scopes.go:158.15,160.5 1 81
github.com/SkyPanel/SkyPanel/v3/internal/scopes/scopes.go:164.2,164.14 1 152
github.com/SkyPanel/SkyPanel/v3/internal/scopes/scopes.go:167.58,168.27 1 0
github.com/SkyPanel/SkyPanel/v3/internal/scopes/scopes.go:168.27,169.21 1 0
github.com/SkyPanel/SkyPanel/v3/internal/scopes/scopes.go:169.21,171.4 1 0
github.com/SkyPanel/SkyPanel/v3/internal/scopes/scopes.go:173.2,173.33 1 0
github.com/SkyPanel/SkyPanel/v3/internal/scopes/scopes.go:176.60,178.27 2 0
github.com/SkyPanel/SkyPanel/v3/internal/scopes/scopes.go:178.27,179.21 1 0
github.com/SkyPanel/SkyPanel/v3/internal/scopes/scopes.go:179.21,181.4 1 0
github.com/SkyPanel/SkyPanel/v3/internal/scopes/scopes.go:183.2,183.20 1 0
github.com/SkyPanel/SkyPanel/v3/internal/scopes/scopes.go:186.75,188.27 2 7
github.com/SkyPanel/SkyPanel/v3/internal/scopes/scopes.go:188.27,191.32 1 80
github.com/SkyPanel/SkyPanel/v3/internal/scopes/scopes.go:191.32,192.33 1 4
github.com/SkyPanel/SkyPanel/v3/internal/scopes/scopes.go:192.33,194.5 1 1
github.com/SkyPanel/SkyPanel/v3/internal/scopes/scopes.go:195.9,198.4 1 76
github.com/SkyPanel/SkyPanel/v3/internal/scopes/scopes.go:200.2,200.28 1 7
github.com/SkyPanel/SkyPanel/v3/internal/scopes/scopes.go:200.28,201.33 1 149
github.com/SkyPanel/SkyPanel/v3/internal/scopes/scopes.go:201.33,202.12 1 73
github.com/SkyPanel/SkyPanel/v3/internal/scopes/scopes.go:204.3,205.33 2 76
github.com/SkyPanel/SkyPanel/v3/internal/scopes/scopes.go:205.33,206.15 1 2559
github.com/SkyPanel/SkyPanel/v3/internal/scopes/scopes.go:206.15,208.10 2 1
github.com/SkyPanel/SkyPanel/v3/internal/scopes/scopes.go:211.3,211.18 1 76
github.com/SkyPanel/SkyPanel/v3/internal/scopes/scopes.go:211.18,213.4 1 75
github.com/SkyPanel/SkyPanel/v3/internal/scopes/scopes.go:215.2,215.20 1 7
github.com/SkyPanel/SkyPanel/v3/internal/servers/env_loader.go:15.13,20.2 4 1
github.com/SkyPanel/SkyPanel/v3/internal/servers/env_loader.go:22.132,25.20 2 1
github.com/SkyPanel/SkyPanel/v3/internal/servers/env_loader.go:25.20,27.3 1 0
github.com/SkyPanel/SkyPanel/v3/internal/servers/env_loader.go:29.2,42.16 4 1
github.com/SkyPanel/SkyPanel/v3/internal/servers/env_loader.go:42.16,44.3 1 0
github.com/SkyPanel/SkyPanel/v3/internal/servers/env_loader.go:46.2,47.16 2 1
github.com/SkyPanel/SkyPanel/v3/internal/servers/env_loader.go:47.16,49.3 1 0
github.com/SkyPanel/SkyPanel/v3/internal/servers/env_loader.go:51.2,51.30 1 1
github.com/SkyPanel/SkyPanel/v3/internal/servers/env_loader.go:51.30,53.3 1 1
github.com/SkyPanel/SkyPanel/v3/internal/servers/env_loader.go:55.2,57.18 2 1
github.com/SkyPanel/SkyPanel/v3/internal/servers/env_loader.go:60.42,63.28 2 0
github.com/SkyPanel/SkyPanel/v3/internal/servers/env_loader.go:63.28,65.3 1 0
github.com/SkyPanel/SkyPanel/v3/internal/servers/env_loader.go:67.2,69.25 3 0
github.com/SkyPanel/SkyPanel/v3/internal/servers/env_loader.go:69.25,72.3 2 0
github.com/SkyPanel/SkyPanel/v3/internal/servers/env_loader.go:74.2,74.15 1 0
github.com/SkyPanel/SkyPanel/v3/internal/servers/operation_functions.go:15.65,35.2 1 0
github.com/SkyPanel/SkyPanel/v3/internal/servers/operation_functions.go:37.65,38.40 1 0
github.com/SkyPanel/SkyPanel/v3/internal/servers/operation_functions.go:38.40,42.3 3 0
github.com/SkyPanel/SkyPanel/v3/internal/servers/operation_functions.go:45.59,46.40 1 0
github.com/SkyPanel/SkyPanel/v3/internal/servers/operation_functions.go:46.40,49.3 2 0
github.com/SkyPanel/SkyPanel/v3/internal/servers/operation_functions.go:52.73,53.36 1 0
github.com/SkyPanel/SkyPanel/v3/internal/servers/operation_functions.go:53.36,56.3 2 0
github.com/SkyPanel/SkyPanel/v3/internal/servers/operation_process.go:63.13,64.30 1 1
github.com/SkyPanel/SkyPanel/v3/internal/servers/operation_process.go:64.30,66.3 1 24
github.com/SkyPanel/SkyPanel/v3/internal/servers/operation_process.go:69.189,71.32 2 0
github.com/SkyPanel/SkyPanel/v3/internal/servers/operation_process.go:71.32,73.3 1 0
github.com/SkyPanel/SkyPanel/v3/internal/servers/operation_process.go:75.2,77.37 3 0
github.com/SkyPanel/SkyPanel/v3/internal/servers/operation_process.go:77.37,81.38 2 0
github.com/SkyPanel/SkyPanel/v3/internal/servers/operation_process.go:81.38,82.25 1 0
github.com/SkyPanel/SkyPanel/v3/internal/servers/operation_process.go:83.16,84.5 1 0
github.com/SkyPanel/SkyPanel/v3/internal/servers/operation_process.go:84.5,86.6 1 0
github.com/SkyPanel/SkyPanel/v3/internal/servers/operation_process.go:87.18,88.5 1 0
github.com/SkyPanel/SkyPanel/v3/internal/servers/operation_process.go:88.5,90.6 1 0
github.com/SkyPanel/SkyPanel/v3/internal/servers/operation_process.go:91.27,92.5 1 0
github.com/SkyPanel/SkyPanel/v3/internal/servers/operation_process.go:92.5,94.6 1 0
github.com/SkyPanel/SkyPanel/v3/internal/servers/operation_process.go:95.23,96.5 1 0
github.com/SkyPanel/SkyPanel/v3/internal/servers/operation_process.go:96.5,99.29 2 0
github.com/SkyPanel/SkyPanel/v3/internal/servers/operation_process.go:99.29,101.7 1 0
github.com/SkyPanel/SkyPanel/v3/internal/servers/operation_process.go:101.12,103.7 1 0
github.com/SkyPanel/SkyPanel/v3/internal/servers/operation_process.go:105.12,106.19 1 0
github.com/SkyPanel/SkyPanel/v3/internal/servers/operation_process.go:110.3,119.46 4 0
github.com/SkyPanel/SkyPanel/v3/internal/servers/operation_process.go:121.2,121.27 1 0
github.com/SkyPanel/SkyPanel/v3/internal/servers/operation_process.go:132.54,133.18 1 0
github.com/SkyPanel/SkyPanel/v3/internal/servers/operation_process.go:133.18,135.3 1 0
github.com/SkyPanel/SkyPanel/v3/internal/servers/operation_process.go:137.2,142.23 3 0
github.com/SkyPanel/SkyPanel/v3/internal/servers/operation_process.go:142.23,144.17 2 0
github.com/SkyPanel/SkyPanel/v3/internal/servers/operation_process.go:144.17,146.4 1 0
github.com/SkyPanel/SkyPanel/v3/internal/servers/operation_process.go:148.3,148.16 1 0
github.com/SkyPanel/SkyPanel/v3/internal/servers/operation_process.go:148.16,150.22 2 0
github.com/SkyPanel/SkyPanel/v3/internal/servers/operation_process.go:150.22,152.5 1 0
github.com/SkyPanel/SkyPanel/v3/internal/servers/operation_process.go:153.4,154.18 2 0
github.com/SkyPanel/SkyPanel/v3/internal/servers/operation_process.go:154.18,156.5 1 0
github.com/SkyPanel/SkyPanel/v3/internal/servers/operation_process.go:158.4,163.27 2 0
github.com/SkyPanel/SkyPanel/v3/internal/servers/operation_process.go:163.27,173.5 2 0
github.com/SkyPanel/SkyPanel/v3/internal/servers/operation_process.go:174.4,176.39 2 0
github.com/SkyPanel/SkyPanel/v3/internal/servers/operation_process.go:176.39,177.50 1 0
github.com/SkyPanel/SkyPanel/v3/internal/servers/operation_process.go:177.50,181.6 3 0
github.com/SkyPanel/SkyPanel/v3/internal/servers/operation_process.go:185.2,185.19 1 0
github.com/SkyPanel/SkyPanel/v3/internal/servers/scheduler.go:27.57,29.39 2 1
github.com/SkyPanel/SkyPanel/v3/internal/servers/scheduler.go:29.39,31.3 1 0
github.com/SkyPanel/SkyPanel/v3/internal/servers/scheduler.go:32.2,35.17 3 1
github.com/SkyPanel/SkyPanel/v3/internal/servers/scheduler.go:35.17,37.17 2 0
github.com/SkyPanel/SkyPanel/v3/internal/servers/scheduler.go:37.17,39.4 1 0
github.com/SkyPanel/SkyPanel/v3/internal/servers/scheduler.go:42.2,43.23 2 1
github.com/SkyPanel/SkyPanel/v3/internal/servers/scheduler.go:46.54,54.2 1 1
github.com/SkyPanel/SkyPanel/v3/internal/servers/scheduler.go:56.34,58.16 2 0
github.com/SkyPanel/SkyPanel/v3/internal/servers/scheduler.go:58.16,60.3 1 0
github.com/SkyPanel/SkyPanel/v3/internal/servers/scheduler.go:61.2,64.12 3 0
github.com/SkyPanel/SkyPanel/v3/internal/servers/scheduler.go:67.34,68.24 1 1
github.com/SkyPanel/SkyPanel/v3/internal/servers/scheduler.go:68.24,70.17 2 0
github.com/SkyPanel/SkyPanel/v3/internal/servers/scheduler.go:70.17,72.4 1 0
github.com/SkyPanel/SkyPanel/v3/internal/servers/scheduler.go:75.2,77.22 3 1
github.com/SkyPanel/SkyPanel/v3/internal/servers/scheduler.go:77.22,79.17 2 1
github.com/SkyPanel/SkyPanel/v3/internal/servers/scheduler.go:79.17,81.4 1 0
github.com/SkyPanel/SkyPanel/v3/internal/servers/scheduler.go:82.8,84.3 1 0
github.com/SkyPanel/SkyPanel/v3/internal/servers/scheduler.go:86.2,90.27 2 1
github.com/SkyPanel/SkyPanel/v3/internal/servers/scheduler.go:90.27,91.34 1 1
github.com/SkyPanel/SkyPanel/v3/internal/servers/scheduler.go:91.34,93.4 1 0
github.com/SkyPanel/SkyPanel/v3/internal/servers/scheduler.go:93.9,95.4 1 1
github.com/SkyPanel/SkyPanel/v3/internal/servers/scheduler.go:98.2,99.16 2 1
github.com/SkyPanel/SkyPanel/v3/internal/servers/scheduler.go:99.16,101.3 1 0
github.com/SkyPanel/SkyPanel/v3/internal/servers/scheduler.go:103.2,105.28 2 1
github.com/SkyPanel/SkyPanel/v3/internal/servers/scheduler.go:105.28,107.17 2 0
github.com/SkyPanel/SkyPanel/v3/internal/servers/scheduler.go:107.17,109.4 1 0
github.com/SkyPanel/SkyPanel/v3/internal/servers/scheduler.go:112.2,112.12 1 1
github.com/SkyPanel/SkyPanel/v3/internal/servers/scheduler.go:115.28,116.35 1 0
github.com/SkyPanel/SkyPanel/v3/internal/servers/scheduler.go:116.35,118.3 1 0
github.com/SkyPanel/SkyPanel/v3/internal/servers/scheduler.go:121.29,123.2 1 1
github.com/SkyPanel/SkyPanel/v3/internal/servers/scheduler.go:125.38,127.2 1 0
github.com/SkyPanel/SkyPanel/v3/internal/servers/scheduler.go:129.66,130.44 1 0
github.com/SkyPanel/SkyPanel/v3/internal/servers/scheduler.go:130.44,132.3 1 0
github.com/SkyPanel/SkyPanel/v3/internal/servers/scheduler.go:133.2,133.17 1 0
github.com/SkyPanel/SkyPanel/v3/internal/servers/scheduler.go:136.66,139.29 2 0
github.com/SkyPanel/SkyPanel/v3/internal/servers/scheduler.go:139.29,141.3 1 0
github.com/SkyPanel/SkyPanel/v3/internal/servers/scheduler.go:141.8,143.3 1 0
github.com/SkyPanel/SkyPanel/v3/internal/servers/scheduler.go:145.2,146.16 2 0
github.com/SkyPanel/SkyPanel/v3/internal/servers/scheduler.go:146.16,148.3 1 0
github.com/SkyPanel/SkyPanel/v3/internal/servers/scheduler.go:150.2,151.12 2 0
github.com/SkyPanel/SkyPanel/v3/internal/servers/scheduler.go:154.49,155.39 1 0
github.com/SkyPanel/SkyPanel/v3/internal/servers/scheduler.go:155.39,156.21 1 0
github.com/SkyPanel/SkyPanel/v3/internal/servers/scheduler.go:156.21,158.4 1 0
github.com/SkyPanel/SkyPanel/v3/internal/servers/scheduler.go:160.2,161.17 2 0
github.com/SkyPanel/SkyPanel/v3/internal/servers/scheduler.go:164.46,166.25 2 0
github.com/SkyPanel/SkyPanel/v3/internal/servers/scheduler.go:166.25,167.21 1 0
github.com/SkyPanel/SkyPanel/v3/internal/servers/scheduler.go:167.21,169.4 1 0
github.com/SkyPanel/SkyPanel/v3/internal/servers/scheduler.go:171.2,171.30 1 0
github.com/SkyPanel/SkyPanel/v3/internal/servers/scheduler.go:174.57,176.2 1 0
github.com/SkyPanel/SkyPanel/v3/internal/servers/scheduler.go:178.47,185.18 5 0
github.com/SkyPanel/SkyPanel/v3/internal/servers/scheduler.go:185.18,189.17 4 0
github.com/SkyPanel/SkyPanel/v3/internal/servers/scheduler.go:189.17,194.4 4 0
github.com/SkyPanel/SkyPanel/v3/internal/servers/scheduler.go:196.3,197.17 2 0
github.com/SkyPanel/SkyPanel/v3/internal/servers/scheduler.go:197.17,202.4 4 0
github.com/SkyPanel/SkyPanel/v3/internal/servers/scheduler.go:203.3,203.79 1 0
github.com/SkyPanel/SkyPanel/v3/internal/servers/scheduler.go:207.52,209.2 1 0
github.com/SkyPanel/SkyPanel/v3/internal/servers/server.go:68.13,71.2 2 1
github.com/SkyPanel/SkyPanel/v3/internal/servers/server.go:73.20,81.2 6 0
github.com/SkyPanel/SkyPanel/v3/internal/servers/server.go:83.33,85.15 2 0
github.com/SkyPanel/SkyPanel/v3/internal/servers/server.go:85.15,87.3 1 0
github.com/SkyPanel/SkyPanel/v3/internal/servers/server.go:89.2,89.13 1 0
github.com/SkyPanel/SkyPanel/v3/internal/servers/server.go:89.13,91.3 1 0
github.com/SkyPanel/SkyPanel/v3/internal/servers/server.go:94.24,95.14 1 0
github.com/SkyPanel/SkyPanel/v3/internal/servers/server.go:95.14,97.3 1 0
github.com/SkyPanel/SkyPanel/v3/internal/servers/server.go:99.2,100.15 2 0
github.com/SkyPanel/SkyPanel/v3/internal/servers/server.go:100.15,102.3 1 0
github.com/SkyPanel/SkyPanel/v3/internal/servers/server.go:104.2,107.31 4 0
github.com/SkyPanel/SkyPanel/v3/internal/servers/server.go:107.31,109.3 1 0
github.com/SkyPanel/SkyPanel/v3/internal/servers/server.go:112.21,114.31 2 0
github.com/SkyPanel/SkyPanel/v3/internal/servers/server.go:114.31,117.18 3 0
github.com/SkyPanel/SkyPanel/v3/internal/servers/server.go:117.18,119.4 1 0
github.com/SkyPanel/SkyPanel/v3/internal/servers/server.go:120.3,121.18 2 0
github.com/SkyPanel/SkyPanel/v3/internal/servers/server.go:121.18,122.12 1 0
github.com/SkyPanel/SkyPanel/v3/internal/servers/server.go:124.3,125.42 2 0
github.com/SkyPanel/SkyPanel/v3/internal/servers/server.go:125.42,127.18 2 0
github.com/SkyPanel/SkyPanel/v3/internal/servers/server.go:127.18,129.5 1 0
github.com/SkyPanel/SkyPanel/v3/internal/servers/server.go:134.21,136.25 2 0
github.com/SkyPanel/SkyPanel/v3/internal/servers/server.go:136.25,140.3 2 0
github.com/SkyPanel/SkyPanel/v3/internal/servers/server.go:143.33,145.36 2 0
github.com/SkyPanel/SkyPanel/v3/internal/servers/server.go:145.36,147.3 1 0
github.com/SkyPanel/SkyPanel/v3/internal/servers/server.go:150.28,152.33 2 0
github.com/SkyPanel/SkyPanel/v3/internal/servers/server.go:152.33,154.3 1 0
github.com/SkyPanel/SkyPanel/v3/internal/servers/server.go:157.34,158.14 1 0
github.com/SkyPanel/SkyPanel/v3/internal/servers/server.go:158.14,160.3 1 0
github.com/SkyPanel/SkyPanel/v3/internal/servers/server.go:162.2,163.15 2 0
github.com/SkyPanel/SkyPanel/v3/internal/servers/server.go:163.15,165.3 1 0
github.com/SkyPanel/SkyPanel/v3/internal/servers/server.go:167.2,168.26 2 0
github.com/SkyPanel/SkyPanel/v3/internal/servers/server.go:168.26,170.3 1 0
github.com/SkyPanel/SkyPanel/v3/internal/servers/server.go:173.2,174.16 2 0
github.com/SkyPanel/SkyPanel/v3/internal/servers/server.go:174.16,177.3 2 0
github.com/SkyPanel/SkyPanel/v3/internal/servers/server.go:179.2,182.16 4 0
github.com/SkyPanel/SkyPanel/v3/internal/servers/server.go:182.16,185.3 2 0
github.com/SkyPanel/SkyPanel/v3/internal/servers/server.go:188.2,189.36 2 0
github.com/SkyPanel/SkyPanel/v3/internal/servers/server.go:189.36,191.17 2 0
github.com/SkyPanel/SkyPanel/v3/internal/servers/server.go:191.17,194.12 2 0
github.com/SkyPanel/SkyPanel/v3/internal/servers/server.go:196.3,197.50 2 0
github.com/SkyPanel/SkyPanel/v3/internal/servers/server.go:197.50,199.4 1 0
github.com/SkyPanel/SkyPanel/v3/internal/servers/server.go:200.3,200.38 1 0
github.com/SkyPanel/SkyPanel/v3/internal/servers/server.go:203.2,206.36 3 0
github.com/SkyPanel/SkyPanel/v3/internal/servers/server.go:206.36,208.17 2 0
github.com/SkyPanel/SkyPanel/v3/internal/servers/server.go:208.17,211.4 2 0
github.com/SkyPanel/SkyPanel/v3/internal/servers/server.go:213.3,214.23 2 0
github.com/SkyPanel/SkyPanel/v3/internal/servers/server.go:214.23,216.4 1 0
github.com/SkyPanel/SkyPanel/v3/internal/servers/server.go:218.3,227.16 2 0
github.com/SkyPanel/SkyPanel/v3/internal/servers/server.go:227.16,229.34 2 0
github.com/SkyPanel/SkyPanel/v3/internal/servers/server.go:229.34,232.5 2 0
github.com/SkyPanel/SkyPanel/v3/internal/servers/server.go:235.3,239.35 3 0
github.com/SkyPanel/SkyPanel/v3/internal/servers/server.go:239.35,241.4 1 0
github.com/SkyPanel/SkyPanel/v3/internal/servers/server.go:242.3,242.68 1 0
github.com/SkyPanel/SkyPanel/v3/internal/servers/server.go:246.2,247.16 2 0
github.com/SkyPanel/SkyPanel/v3/internal/servers/server.go:247.16,249.3 1 0
github.com/SkyPanel/SkyPanel/v3/internal/servers/server.go:252.2,252.29 1 0
github.com/SkyPanel/SkyPanel/v3/internal/servers/server.go:252.29,254.28 2 0
github.com/SkyPanel/SkyPanel/v3/internal/servers/server.go:254.28,256.4 1 0
github.com/SkyPanel/SkyPanel/v3/internal/servers/server.go:258.3,262.39 4 0
github.com/SkyPanel/SkyPanel/v3/internal/servers/server.go:262.39,263.22 1 0
github.com/SkyPanel/SkyPanel/v3/internal/servers/server.go:263.22,265.5 1 0
github.com/SkyPanel/SkyPanel/v3/internal/servers/server.go:265.10,267.5 1 0
github.com/SkyPanel/SkyPanel/v3/internal/servers/server.go:270.3,271.39 2 0
github.com/SkyPanel/SkyPanel/v3/internal/servers/server.go:271.39,273.4 1 0
github.com/SkyPanel/SkyPanel/v3/internal/servers/server.go:276.3,283.30 6 0
github.com/SkyPanel/SkyPanel/v3/internal/servers/server.go:283.30,284.61 1 0
github.com/SkyPanel/SkyPanel/v3/internal/servers/server.go:284.61,292.34 4 0
github.com/SkyPanel/SkyPanel/v3/internal/servers/server.go:292.34,294.21 2 0
github.com/SkyPanel/SkyPanel/v3/internal/servers/server.go:294.21,295.15 1 0
github.com/SkyPanel/SkyPanel/v3/internal/servers/server.go:298.6,302.33 3 0
github.com/SkyPanel/SkyPanel/v3/internal/servers/server.go:302.33,304.38 2 0
github.com/SkyPanel/SkyPanel/v3/internal/servers/server.go:304.38,306.27 2 0
github.com/SkyPanel/SkyPanel/v3/internal/servers/server.go:306.27,307.17 1 0
github.com/SkyPanel/SkyPanel/v3/internal/servers/server.go:309.8,312.19 3 0
github.com/SkyPanel/SkyPanel/v3/internal/servers/server.go:313.27,314.27 1 0
github.com/SkyPanel/SkyPanel/v3/internal/servers/server.go:315.23,316.23 1 0
github.com/SkyPanel/SkyPanel/v3/internal/servers/server.go:317.25,318.29 1 0
github.com/SkyPanel/SkyPanel/v3/internal/servers/server.go:318.29,319.56 1 0
github.com/SkyPanel/SkyPanel/v3/internal/servers/server.go:319.56,321.11 1 0
github.com/SkyPanel/SkyPanel/v3/internal/servers/server.go:328.6,328.42 1 0
github.com/SkyPanel/SkyPanel/v3/internal/servers/server.go:328.42,330.7 1 0
github.com/SkyPanel/SkyPanel/v3/internal/servers/server.go:334.5,334.31 1 0
github.com/SkyPanel/SkyPanel/v3/internal/servers/server.go:334.31,336.6 1 0
github.com/SkyPanel/SkyPanel/v3/internal/servers/server.go:336.11,336.39 1 0
github.com/SkyPanel/SkyPanel/v3/internal/servers/server.go:336.39,339.43 2 0
github.com/SkyPanel/SkyPanel/v3/internal/servers/server.go:339.43,341.7 1 0
github.com/SkyPanel/SkyPanel/v3/internal/servers/server.go:342.6,342.24 1 0
github.com/SkyPanel/SkyPanel/v3/internal/servers/server.go:342.24,344.7 1 0
github.com/SkyPanel/SkyPanel/v3/internal/servers/server.go:350.3,350.20 1 0
github.com/SkyPanel/SkyPanel/v3/internal/servers/server.go:350.20,351.38 1 0
github.com/SkyPanel/SkyPanel/v3/internal/servers/server.go:351.38,355.34 3 0
github.com/SkyPanel/SkyPanel/v3/internal/servers/server.go:355.34,357.37 2 0
github.com/SkyPanel/SkyPanel/v3/internal/servers/server.go:357.37,359.7 1 0
github.com/SkyPanel/SkyPanel/v3/internal/servers/server.go:361.5,361.23 1 0
github.com/SkyPanel/SkyPanel/v3/internal/servers/server.go:361.23,363.6 1 0
github.com/SkyPanel/SkyPanel/v3/internal/servers/server.go:364.10,367.22 2 0
github.com/SkyPanel/SkyPanel/v3/internal/servers/server.go:367.22,369.6 1 0
github.com/SkyPanel/SkyPanel/v3/internal/servers/server.go:374.3,374.37 1 0
github.com/SkyPanel/SkyPanel/v3/internal/servers/server.go:374.37,375.33 1 0
github.com/SkyPanel/SkyPanel/v3/internal/servers/server.go:375.33,377.5 1 0
github.com/SkyPanel/SkyPanel/v3/internal/servers/server.go:378.4,378.19 1 0
github.com/SkyPanel/SkyPanel/v3/internal/servers/server.go:378.19,379.34 1 0
github.com/SkyPanel/SkyPanel/v3/internal/servers/server.go:379.34,380.22 1 0
github.com/SkyPanel/SkyPanel/v3/internal/servers/server.go:380.22,382.12 2 0
github.com/SkyPanel/SkyPanel/v3/internal/servers/server.go:389.3,392.17 4 0
github.com/SkyPanel/SkyPanel/v3/internal/servers/server.go:392.17,395.4 2 0
github.com/SkyPanel/SkyPanel/v3/internal/servers/server.go:398.3,401.17 3 0
github.com/SkyPanel/SkyPanel/v3/internal/servers/server.go:401.17,403.4 1 0
github.com/SkyPanel/SkyPanel/v3/internal/servers/server.go:408.25,411.14 2 0
github.com/SkyPanel/SkyPanel/v3/internal/servers/server.go:412.15,414.62 1 0
github.com/SkyPanel/SkyPanel/v3/internal/servers/server.go:414.62,417.31 3 0
github.com/SkyPanel/SkyPanel/v3/internal/servers/server.go:417.31,419.51 2 0
github.com/SkyPanel/SkyPanel/v3/internal/servers/server.go:419.51,420.14 1 0
github.com/SkyPanel/SkyPanel/v3/internal/servers/server.go:422.5,422.12 1 0
github.com/SkyPanel/SkyPanel/v3/internal/servers/server.go:423.50,426.43 2 0
github.com/SkyPanel/SkyPanel/v3/internal/servers/server.go:427.57,430.37 2 0
github.com/SkyPanel/SkyPanel/v3/internal/servers/server.go:431.63,434.40 2 0
github.com/SkyPanel/SkyPanel/v3/internal/servers/server.go:437.4,437.24 1 0
github.com/SkyPanel/SkyPanel/v3/internal/servers/server.go:437.24,439.5 1 0
github.com/SkyPanel/SkyPanel/v3/internal/servers/server.go:440.4,440.35 1 0
github.com/SkyPanel/SkyPanel/v3/internal/servers/server.go:440.35,442.5 1 0
github.com/SkyPanel/SkyPanel/v3/internal/servers/server.go:443.4,443.18 1 0
github.com/SkyPanel/SkyPanel/v3/internal/servers/server.go:443.18,445.5 1 0
github.com/SkyPanel/SkyPanel/v3/internal/servers/server.go:449.3,449.63 1 0
github.com/SkyPanel/SkyPanel/v3/internal/servers/server.go:449.63,452.31 3 0
github.com/SkyPanel/SkyPanel/v3/internal/servers/server.go:452.31,454.47 2 0
github.com/SkyPanel/SkyPanel/v3/internal/servers/server.go:454.47,456.6 1 0
github.com/SkyPanel/SkyPanel/v3/internal/servers/server.go:456.11,456.59 1 0
github.com/SkyPanel/SkyPanel/v3/internal/servers/server.go:456.59,458.6 1 0
github.com/SkyPanel/SkyPanel/v3/internal/servers/server.go:460.4,460.35 1 0
github.com/SkyPanel/SkyPanel/v3/internal/servers/server.go:460.35,462.5 1 0
github.com/SkyPanel/SkyPanel/v3/internal/servers/server.go:463.4,463.18 1 0
github.com/SkyPanel/SkyPanel/v3/internal/servers/server.go:463.18,465.5 1 0
github.com/SkyPanel/SkyPanel/v3/internal/servers/server.go:469.3,469.66 1 0
github.com/SkyPanel/SkyPanel/v3/internal/servers/server.go:469.66,471.4 1 0
github.com/SkyPanel/SkyPanel/v3/internal/servers/server.go:474.3,474.66 1 0
github.com/SkyPanel/SkyPanel/v3/internal/servers/server.go:474.66,476.4 1 0
github.com/SkyPanel/SkyPanel/v3/internal/servers/server.go:479.3,479.57 1 0
github.com/SkyPanel/SkyPanel/v3/internal/servers/server.go:479.57,481.4 1 0
github.com/SkyPanel/SkyPanel/v3/internal/servers/server.go:484.3,484.17 1 0
github.com/SkyPanel/SkyPanel/v3/internal/servers/server.go:485.17,486.19 1 0
github.com/SkyPanel/SkyPanel/v3/internal/servers/server.go:487.16,489.95 1 0
github.com/SkyPanel/SkyPanel/v3/internal/servers/server.go:489.95,492.77 2 0
github.com/SkyPanel/SkyPanel/v3/internal/servers/server.go:492.77,493.69 1 0
github.com/SkyPanel/SkyPanel/v3/internal/servers/server.go:493.69,495.73 2 0
github.com/SkyPanel/SkyPanel/v3/internal/servers/server.go:495.73,498.7 2 0
github.com/SkyPanel/SkyPanel/v3/internal/servers/server.go:502.3,502.17 1 0
github.com/SkyPanel/SkyPanel/v3/internal/servers/server.go:503.17,504.19 1 0
github.com/SkyPanel/SkyPanel/v3/internal/servers/server.go:505.17,506.19 1 0
github.com/SkyPanel/SkyPanel/v3/internal/servers/server.go:507.16,508.18 1 0
github.com/SkyPanel/SkyPanel/v3/internal/servers/server.go:509.10,510.14 1 0
github.com/SkyPanel/SkyPanel/v3/internal/servers/server.go:514.28,516.31 2 0
github.com/SkyPanel/SkyPanel/v3/internal/servers/server.go:516.31,518.22 2 0
github.com/SkyPanel/SkyPanel/v3/internal/servers/server.go:518.22,521.18 3 0
github.com/SkyPanel/SkyPanel/v3/internal/servers/server.go:521.18,523.5 1 0
github.com/SkyPanel/SkyPanel/v3/internal/servers/server.go:525.4,537.31 4 0
github.com/SkyPanel/SkyPanel/v3/internal/servers/server.go:540.2,540.11 1 0
github.com/SkyPanel/SkyPanel/v3/internal/servers/server.go:543.34,545.16 2 0
github.com/SkyPanel/SkyPanel/v3/internal/servers/server.go:545.16,547.3 1 0
github.com/SkyPanel/SkyPanel/v3/internal/servers/server.go:549.2,550.16 2 0
github.com/SkyPanel/SkyPanel/v3/internal/servers/server.go:550.16,552.3 1 0
github.com/SkyPanel/SkyPanel/v3/internal/servers/server.go:554.2,556.16 3 0
github.com/SkyPanel/SkyPanel/v3/internal/servers/server.go:556.16,558.3 1 0
github.com/SkyPanel/SkyPanel/v3/internal/servers/server.go:561.66,562.43 1 0
github.com/SkyPanel/SkyPanel/v3/internal/servers/server.go:562.43,564.3 1 0
github.com/SkyPanel/SkyPanel/v3/internal/servers/server.go:567.2,567.47 1 0
github.com/SkyPanel/SkyPanel/v3/internal/servers/server.go:567.47,569.16 2 0
github.com/SkyPanel/SkyPanel/v3/internal/servers/server.go:569.16,575.18 4 0
github.com/SkyPanel/SkyPanel/v3/internal/servers/server.go:575.18,578.5 2 0
github.com/SkyPanel/SkyPanel/v3/internal/servers/server.go:583.69,592.13 6 0
github.com/SkyPanel/SkyPanel/v3/internal/servers/server.go:592.13,600.3 3 0
github.com/SkyPanel/SkyPanel/v3/internal/servers/server.go:602.2,603.22 2 0
github.com/SkyPanel/SkyPanel/v3/internal/servers/server.go:603.22,605.3 1 0
github.com/SkyPanel/SkyPanel/v3/internal/servers/server.go:608.2,608.35 1 0
github.com/SkyPanel/SkyPanel/v3/internal/servers/server.go:608.35,610.16 2 0
github.com/SkyPanel/SkyPanel/v3/internal/servers/server.go:610.16,612.4 1 0
github.com/SkyPanel/SkyPanel/v3/internal/servers/server.go:612.9,614.4 1 0
github.com/SkyPanel/SkyPanel/v3/internal/servers/server.go:615.3,615.31 1 0
github.com/SkyPanel/SkyPanel/v3/internal/servers/server.go:619.2,619.31 1 0
github.com/SkyPanel/SkyPanel/v3/internal/servers/server.go:619.31,623.23 2 0
github.com/SkyPanel/SkyPanel/v3/internal/servers/server.go:623.23,626.57 3 0
github.com/SkyPanel/SkyPanel/v3/internal/servers/server.go:626.57,630.5 3 0
github.com/SkyPanel/SkyPanel/v3/internal/servers/server.go:638.3,638.51 1 0
github.com/SkyPanel/SkyPanel/v3/internal/servers/server.go:638.51,642.57 3 0
github.com/SkyPanel/SkyPanel/v3/internal/servers/server.go:642.57,646.5 3 0
github.com/SkyPanel/SkyPanel/v3/internal/servers/server.go:650.3,650.24 1 0
github.com/SkyPanel/SkyPanel/v3/internal/servers/server.go:650.24,652.4 1 0
github.com/SkyPanel/SkyPanel/v3/internal/servers/server.go:653.3,653.27 1 0
github.com/SkyPanel/SkyPanel/v3/internal/servers/server.go:653.27,655.4 1 0
github.com/SkyPanel/SkyPanel/v3/internal/servers/server.go:659.2,659.25 1 0
github.com/SkyPanel/SkyPanel/v3/internal/servers/server.go:669.53,676.2 5 0
github.com/SkyPanel/SkyPanel/v3/internal/servers/server.go:678.30,701.2 5 1
github.com/SkyPanel/SkyPanel/v3/internal/servers/server.go:705.32,706.35 1 0
github.com/SkyPanel/SkyPanel/v3/internal/servers/server.go:706.35,708.3 1 0
github.com/SkyPanel/SkyPanel/v3/internal/servers/server.go:710.2,714.16 4 0
github.com/SkyPanel/SkyPanel/v3/internal/servers/server.go:714.16,718.3 3 0
github.com/SkyPanel/SkyPanel/v3/internal/servers/server.go:720.2,721.16 2 0
github.com/SkyPanel/SkyPanel/v3/internal/servers/server.go:721.16,725.3 3 0
github.com/SkyPanel/SkyPanel/v3/internal/servers/server.go:727.2,729.47 2 0
github.com/SkyPanel/SkyPanel/v3/internal/servers/server.go:729.47,731.3 1 0
github.com/SkyPanel/SkyPanel/v3/internal/servers/server.go:731.8,735.17 3 0
github.com/SkyPanel/SkyPanel/v3/internal/servers/server.go:735.17,737.4 1 0
github.com/SkyPanel/SkyPanel/v3/internal/servers/server.go:739.3,741.38 3 0
github.com/SkyPanel/SkyPanel/v3/internal/servers/server.go:741.38,742.18 1 0
github.com/SkyPanel/SkyPanel/v3/internal/servers/server.go:742.18,744.10 2 0
github.com/SkyPanel/SkyPanel/v3/internal/servers/server.go:748.3,748.38 1 0
github.com/SkyPanel/SkyPanel/v3/internal/servers/server.go:748.38,750.18 1 0
github.com/SkyPanel/SkyPanel/v3/internal/servers/server.go:750.18,751.13 1 0
github.com/SkyPanel/SkyPanel/v3/internal/servers/server.go:753.4,754.18 2 0
github.com/SkyPanel/SkyPanel/v3/internal/servers/server.go:754.18,758.5 3 0
github.com/SkyPanel/SkyPanel/v3/internal/servers/server.go:759.4,759.15 1 0
github.com/SkyPanel/SkyPanel/v3/internal/servers/server.go:759.15,761.10 2 0
github.com/SkyPanel/SkyPanel/v3/internal/servers/server.go:765.3,768.28 2 0
github.com/SkyPanel/SkyPanel/v3/internal/servers/server.go:768.28,770.4 1 0
github.com/SkyPanel/SkyPanel/v3/internal/servers/server.go:773.2,773.30 1 0
github.com/SkyPanel/SkyPanel/v3/internal/servers/server.go:773.30,775.3 1 0
github.com/SkyPanel/SkyPanel/v3/internal/servers/server.go:777.2,788.16 4 0
github.com/SkyPanel/SkyPanel/v3/internal/servers/server.go:788.16,792.3 3 0
github.com/SkyPanel/SkyPanel/v3/internal/servers/server.go:795.2,795.62 1 0
github.com/SkyPanel/SkyPanel/v3/internal/servers/server.go:795.62,797.17 2 0
github.com/SkyPanel/SkyPanel/v3/internal/servers/server.go:797.17,800.4 2 0
github.com/SkyPanel/SkyPanel/v3/internal/servers/server.go:801.3,801.25 1 0
github.com/SkyPanel/SkyPanel/v3/internal/servers/server.go:801.25,803.4 1 0
github.com/SkyPanel/SkyPanel/v3/internal/servers/server.go:803.9,805.4 1 0
github.com/SkyPanel/SkyPanel/v3/internal/servers/server.go:807.3,807.25 1 0
github.com/SkyPanel/SkyPanel/v3/internal/servers/server.go:807.25,808.14 1 0
github.com/SkyPanel/SkyPanel/v3/internal/servers/server.go:808.14,809.9 1 0
github.com/SkyPanel/SkyPanel/v3/internal/servers/server.go:809.9,810.13 1 0
github.com/SkyPanel/SkyPanel/v3/internal/servers/server.go:811.29,812.13 1 0
github.com/SkyPanel/SkyPanel/v3/internal/servers/server.go:813.27,814.73 1 0
github.com/SkyPanel/SkyPanel/v3/internal/servers/server.go:821.2,821.12 1 0
github.com/SkyPanel/SkyPanel/v3/internal/servers/server.go:826.31,828.47 2 0
github.com/SkyPanel/SkyPanel/v3/internal/servers/server.go:828.47,830.3 1 0
github.com/SkyPanel/SkyPanel/v3/internal/servers/server.go:832.2,833.31 2 0
github.com/SkyPanel/SkyPanel/v3/internal/servers/server.go:833.31,835.3 1 0
github.com/SkyPanel/SkyPanel/v3/internal/servers/server.go:835.8,837.3 1 0
github.com/SkyPanel/SkyPanel/v3/internal/servers/server.go:838.2,838.16 1 0
github.com/SkyPanel/SkyPanel/v3/internal/servers/server.go:838.16,841.3 2 0
github.com/SkyPanel/SkyPanel/v3/internal/servers/server.go:841.8,843.3 1 0
github.com/SkyPanel/SkyPanel/v3/internal/servers/server.go:844.2,844.12 1 0
github.com/SkyPanel/SkyPanel/v3/internal/servers/server.go:849.37,852.16 3 0
github.com/SkyPanel/SkyPanel/v3/internal/servers/server.go:852.16,855.3 2 0
github.com/SkyPanel/SkyPanel/v3/internal/servers/server.go:855.8,857.3 1 0
github.com/SkyPanel/SkyPanel/v3/internal/servers/server.go:858.2,858.8 1 0
github.com/SkyPanel/SkyPanel/v3/internal/servers/server.go:863.39,867.16 4 0
github.com/SkyPanel/SkyPanel/v3/internal/servers/server.go:867.16,870.3 2 0
github.com/SkyPanel/SkyPanel/v3/internal/servers/server.go:870.8,872.3 1 0
github.com/SkyPanel/SkyPanel/v3/internal/servers/server.go:874.2,874.8 1 0
github.com/SkyPanel/SkyPanel/v3/internal/servers/server.go:879.40,880.35 1 0
github.com/SkyPanel/SkyPanel/v3/internal/servers/server.go:880.35,882.3 1 0
github.com/SkyPanel/SkyPanel/v3/internal/servers/server.go:884.2,887.51 3 0
github.com/SkyPanel/SkyPanel/v3/internal/servers/server.go:887.51,889.3 1 0
github.com/SkyPanel/SkyPanel/v3/internal/servers/server.go:891.2,893.16 3 0
github.com/SkyPanel/SkyPanel/v3/internal/servers/server.go:893.16,897.3 3 0
github.com/SkyPanel/SkyPanel/v3/internal/servers/server.go:899.2,900.16 2 0
github.com/SkyPanel/SkyPanel/v3/internal/servers/server.go:900.16,904.3 3 0
github.com/SkyPanel/SkyPanel/v3/internal/servers/server.go:906.2,908.16 3 0
github.com/SkyPanel/SkyPanel/v3/internal/servers/server.go:908.16,911.3 2 0
github.com/SkyPanel/SkyPanel/v3/internal/servers/server.go:913.2,913.8 1 0
github.com/SkyPanel/SkyPanel/v3/internal/servers/server.go:916.34,917.35 1 0
github.com/SkyPanel/SkyPanel/v3/internal/servers/server.go:917.35,919.3 1 0
github.com/SkyPanel/SkyPanel/v3/internal/servers/server.go:921.2,926.16 5 0
github.com/SkyPanel/SkyPanel/v3/internal/servers/server.go:926.16,930.3 3 0
github.com/SkyPanel/SkyPanel/v3/internal/servers/server.go:932.2,932.7 1 0
github.com/SkyPanel/SkyPanel/v3/internal/servers/server.go:932.7,934.3 1 0
github.com/SkyPanel/SkyPanel/v3/internal/servers/server.go:936.2,936.16 1 0
github.com/SkyPanel/SkyPanel/v3/internal/servers/server.go:936.16,940.3 3 0
github.com/SkyPanel/SkyPanel/v3/internal/servers/server.go:942.2,945.36 3 0
github.com/SkyPanel/SkyPanel/v3/internal/servers/server.go:945.36,949.3 3 0
github.com/SkyPanel/SkyPanel/v3/internal/servers/server.go:951.2,951.29 1 0
github.com/SkyPanel/SkyPanel/v3/internal/servers/server.go:951.29,956.17 4 0
github.com/SkyPanel/SkyPanel/v3/internal/servers/server.go:956.17,960.4 3 0
github.com/SkyPanel/SkyPanel/v3/internal/servers/server.go:962.3,963.17 2 0
github.com/SkyPanel/SkyPanel/v3/internal/servers/server.go:963.17,967.4 3 0
github.com/SkyPanel/SkyPanel/v3/internal/servers/server.go:970.2,971.12 2 0
github.com/SkyPanel/SkyPanel/v3/internal/servers/server.go:974.44,976.2 1 0
github.com/SkyPanel/SkyPanel/v3/internal/servers/server.go:978.54,981.2 2 0
github.com/SkyPanel/SkyPanel/v3/internal/servers/server.go:983.80,986.2 2 0
github.com/SkyPanel/SkyPanel/v3/internal/servers/server.go:988.30,990.2 1 2
github.com/SkyPanel/SkyPanel/v3/internal/servers/server.go:992.57,994.2 1 0
github.com/SkyPanel/SkyPanel/v3/internal/servers/server.go:996.61,999.2 2 0
github.com/SkyPanel/SkyPanel/v3/internal/servers/server.go:1001.51,1004.2 2 0
github.com/SkyPanel/SkyPanel/v3/internal/servers/server.go:1006.37,1011.33 3 0
github.com/SkyPanel/SkyPanel/v3/internal/servers/server.go:1011.33,1016.3 2 0
github.com/SkyPanel/SkyPanel/v3/internal/servers/server.go:1018.2,1020.16 3 0
github.com/SkyPanel/SkyPanel/v3/internal/servers/server.go:1020.16,1022.3 1 0
github.com/SkyPanel/SkyPanel/v3/internal/servers/server.go:1024.2,1025.8 2 0
github.com/SkyPanel/SkyPanel/v3/internal/servers/server.go:1028.82,1029.25 1 0
github.com/SkyPanel/SkyPanel/v3/internal/servers/server.go:1029.25,1032.34 2 0
github.com/SkyPanel/SkyPanel/v3/internal/servers/server.go:1032.34,1034.4 1 0
github.com/SkyPanel/SkyPanel/v3/internal/servers/server.go:1035.3,1035.37 1 0
github.com/SkyPanel/SkyPanel/v3/internal/servers/server.go:1035.37,1036.12 1 0
github.com/SkyPanel/SkyPanel/v3/internal/servers/server.go:1039.3,1041.24 2 0
github.com/SkyPanel/SkyPanel/v3/internal/servers/server.go:1044.2,1045.8 2 0
github.com/SkyPanel/SkyPanel/v3/internal/servers/server.go:1048.57,1050.2 1 0
github.com/SkyPanel/SkyPanel/v3/internal/servers/server.go:1052.38,1057.34 4 0
github.com/SkyPanel/SkyPanel/v3/internal/servers/server.go:1057.34,1059.3 1 0
github.com/SkyPanel/SkyPanel/v3/internal/servers/server.go:1061.2,1061.38 1 0
github.com/SkyPanel/SkyPanel/v3/internal/servers/server.go:1061.38,1063.3 1 0
github.com/SkyPanel/SkyPanel/v3/internal/servers/server.go:1065.2,1065.24 1 0
github.com/SkyPanel/SkyPanel/v3/internal/servers/server.go:1068.42,1069.24 1 0
github.com/SkyPanel/SkyPanel/v3/internal/servers/server.go:1069.24,1072.3 2 0
github.com/SkyPanel/SkyPanel/v3/internal/servers/server.go:1074.2,1075.14 2 0
github.com/SkyPanel/SkyPanel/v3/internal/servers/server.go:1075.14,1077.3 1 0
github.com/SkyPanel/SkyPanel/v3/internal/servers/server.go:1079.2,1084.16 5 0
github.com/SkyPanel/SkyPanel/v3/internal/servers/server.go:1084.16,1088.3 3 0
github.com/SkyPanel/SkyPanel/v3/internal/servers/server.go:1089.2,1093.16 4 0
github.com/SkyPanel/SkyPanel/v3/internal/servers/server.go:1093.16,1097.3 3 0
github.com/SkyPanel/SkyPanel/v3/internal/servers/server.go:1099.2,1099.53 1 0
github.com/SkyPanel/SkyPanel/v3/internal/servers/server.go:1099.53,1101.3 1 0
github.com/SkyPanel/SkyPanel/v3/internal/servers/server.go:1101.8,1101.104 1 0
github.com/SkyPanel/SkyPanel/v3/internal/servers/server.go:1101.104,1104.3 2 0
github.com/SkyPanel/SkyPanel/v3/internal/servers/server.go:1107.58,1109.16 2 0
github.com/SkyPanel/SkyPanel/v3/internal/servers/server.go:1109.16,1111.3 1 0
github.com/SkyPanel/SkyPanel/v3/internal/servers/server.go:1113.2,1113.18 1 0
github.com/SkyPanel/SkyPanel/v3/internal/servers/server.go:1113.18,1117.47 4 0
github.com/SkyPanel/SkyPanel/v3/internal/servers/server.go:1117.47,1119.4 1 0
github.com/SkyPanel/SkyPanel/v3/internal/servers/server.go:1119.9,1126.4 3 0
github.com/SkyPanel/SkyPanel/v3/internal/servers/server.go:1130.3,1130.33 1 0
github.com/SkyPanel/SkyPanel/v3/internal/servers/server.go:1130.33,1136.56 2 0
github.com/SkyPanel/SkyPanel/v3/internal/servers/server.go:1136.56,1138.19 2 0
github.com/SkyPanel/SkyPanel/v3/internal/servers/server.go:1138.19,1139.14 1 0
github.com/SkyPanel/SkyPanel/v3/internal/servers/server.go:1141.5,1143.50 3 0
github.com/SkyPanel/SkyPanel/v3/internal/servers/server.go:1146.4,1146.33 1 0
github.com/SkyPanel/SkyPanel/v3/internal/servers/server.go:1149.3,1149.45 1 0
github.com/SkyPanel/SkyPanel/v3/internal/servers/server.go:1149.45,1151.33 1 0
github.com/SkyPanel/SkyPanel/v3/internal/servers/server.go:1151.33,1153.5 1 0
github.com/SkyPanel/SkyPanel/v3/internal/servers/server.go:1154.4,1154.33 1 0
github.com/SkyPanel/SkyPanel/v3/internal/servers/server.go:1154.33,1156.5 1 0
github.com/SkyPanel/SkyPanel/v3/internal/servers/server.go:1159.4,1159.47 1 0
github.com/SkyPanel/SkyPanel/v3/internal/servers/server.go:1159.47,1161.5 1 0
github.com/SkyPanel/SkyPanel/v3/internal/servers/server.go:1162.4,1162.47 1 0
github.com/SkyPanel/SkyPanel/v3/internal/servers/server.go:1162.47,1164.5 1 0
github.com/SkyPanel/SkyPanel/v3/internal/servers/server.go:1167.4,1167.82 1 0
github.com/SkyPanel/SkyPanel/v3/internal/servers/server.go:1170.3,1170.45 1 0
github.com/SkyPanel/SkyPanel/v3/internal/servers/server.go:1172.2,1173.16 2 0
github.com/SkyPanel/SkyPanel/v3/internal/servers/server.go:1173.16,1175.3 1 0
github.com/SkyPanel/SkyPanel/v3/internal/servers/server.go:1176.2,1176.86 1 0
github.com/SkyPanel/SkyPanel/v3/internal/servers/server.go:1179.79,1181.71 1 0
github.com/SkyPanel/SkyPanel/v3/internal/servers/server.go:1181.71,1183.3 1 0
github.com/SkyPanel/SkyPanel/v3/internal/servers/server.go:1184.2,1184.68 1 0
github.com/SkyPanel/SkyPanel/v3/internal/servers/server.go:1187.60,1189.2 1 0
github.com/SkyPanel/SkyPanel/v3/internal/servers/server.go:1191.48,1192.40 1 0
github.com/SkyPanel/SkyPanel/v3/internal/servers/server.go:1192.40,1194.3 1 0
github.com/SkyPanel/SkyPanel/v3/internal/servers/server.go:1196.2,1199.22 4 0
github.com/SkyPanel/SkyPanel/v3/internal/servers/server.go:1199.22,1201.3 1 0
github.com/SkyPanel/SkyPanel/v3/internal/servers/server.go:1202.2,1202.23 1 0
github.com/SkyPanel/SkyPanel/v3/internal/servers/server.go:1202.23,1205.8 3 0
github.com/SkyPanel/SkyPanel/v3/internal/servers/server.go:1205.8,1210.4 3 0
github.com/SkyPanel/SkyPanel/v3/internal/servers/server.go:1210.9,1215.4 3 0
github.com/SkyPanel/SkyPanel/v3/internal/servers/server.go:1218.2,1222.38 4 0
github.com/SkyPanel/SkyPanel/v3/internal/servers/server.go:1222.38,1224.37 2 0
github.com/SkyPanel/SkyPanel/v3/internal/servers/server.go:1224.37,1227.4 2 0
github.com/SkyPanel/SkyPanel/v3/internal/servers/server.go:1230.2,1231.16 2 0
github.com/SkyPanel/SkyPanel/v3/internal/servers/server.go:1231.16,1234.3 2 0
github.com/SkyPanel/SkyPanel/v3/internal/servers/server.go:1235.2,1238.36 3 0
github.com/SkyPanel/SkyPanel/v3/internal/servers/server.go:1238.36,1243.17 4 0
github.com/SkyPanel/SkyPanel/v3/internal/servers/server.go:1243.17,1247.4 3 0
github.com/SkyPanel/SkyPanel/v3/internal/servers/server.go:1248.3,1248.15 1 0
github.com/SkyPanel/SkyPanel/v3/internal/servers/server.go:1251.2,1251.28 1 0
github.com/SkyPanel/SkyPanel/v3/internal/servers/server.go:1254.54,1256.27 2 0
github.com/SkyPanel/SkyPanel/v3/internal/servers/server.go:1256.27,1258.3 1 0
github.com/SkyPanel/SkyPanel/v3/internal/servers/server.go:1260.2,1263.39 3 0
github.com/SkyPanel/SkyPanel/v3/internal/servers/server.go:1263.39,1265.3 1 0
github.com/SkyPanel/SkyPanel/v3/internal/servers/server.go:1267.2,1267.12 1 0
github.com/SkyPanel/SkyPanel/v3/internal/servers/server.go:1270.54,1271.35 1 0
github.com/SkyPanel/SkyPanel/v3/internal/servers/server.go:1271.35,1273.3 1 0
github.com/SkyPanel/SkyPanel/v3/internal/servers/server.go:1275.2,1277.23 3 0
github.com/SkyPanel/SkyPanel/v3/internal/servers/server.go:1277.23,1280.8 3 0
github.com/SkyPanel/SkyPanel/v3/internal/servers/server.go:1280.8,1282.4 1 0
github.com/SkyPanel/SkyPanel/v3/internal/servers/server.go:1282.9,1284.4 1 0
github.com/SkyPanel/SkyPanel/v3/internal/servers/server.go:1287.2,1292.39 4 0
github.com/SkyPanel/SkyPanel/v3/internal/servers/server.go:1292.39,1295.3 2 0
github.com/SkyPanel/SkyPanel/v3/internal/servers/server.go:1297.2,1297.38 1 0
github.com/SkyPanel/SkyPanel/v3/internal/servers/server.go:1297.38,1298.16 1 0
github.com/SkyPanel/SkyPanel/v3/internal/servers/server.go:1298.16,1300.4 1 0
github.com/SkyPanel/SkyPanel/v3/internal/servers/server.go:1303.3,1304.17 2 0
github.com/SkyPanel/SkyPanel/v3/internal/servers/server.go:1304.17,1307.4 2 0
github.com/SkyPanel/SkyPanel/v3/internal/servers/server.go:1309.3,1309.46 1 0
github.com/SkyPanel/SkyPanel/v3/internal/servers/server.go:1309.46,1311.18 2 0
github.com/SkyPanel/SkyPanel/v3/internal/servers/server.go:1311.18,1314.5 2 0
github.com/SkyPanel/SkyPanel/v3/internal/servers/server.go:1316.4,1316.20 1 0
github.com/SkyPanel/SkyPanel/v3/internal/servers/server.go:1316.20,1318.5 1 0
github.com/SkyPanel/SkyPanel/v3/internal/servers/server.go:1318.10,1320.5 1 0
github.com/SkyPanel/SkyPanel/v3/internal/servers/server.go:1322.4,1322.18 1 0
github.com/SkyPanel/SkyPanel/v3/internal/servers/server.go:1322.18,1325.5 2 0
github.com/SkyPanel/SkyPanel/v3/internal/servers/server.go:1328.3,1329.17 2 0
github.com/SkyPanel/SkyPanel/v3/internal/servers/server.go:1329.17,1332.4 2 0
github.com/SkyPanel/SkyPanel/v3/internal/servers/server.go:1335.2,1335.12 1 0
github.com/SkyPanel/SkyPanel/v3/internal/servers/server.go:1338.64,1342.39 3 0
github.com/SkyPanel/SkyPanel/v3/internal/servers/server.go:1342.39,1344.3 1 0
github.com/SkyPanel/SkyPanel/v3/internal/servers/server.go:1345.2,1345.70 1 0
github.com/SkyPanel/SkyPanel/v3/internal/servers/server.go:1348.68,1352.16 3 0
github.com/SkyPanel/SkyPanel/v3/internal/servers/server.go:1352.16,1354.3 1 0
github.com/SkyPanel/SkyPanel/v3/internal/servers/server.go:1356.2,1357.16 2 0
github.com/SkyPanel/SkyPanel/v3/internal/servers/server.go:1357.16,1359.3 1 0
github.com/SkyPanel/SkyPanel/v3/internal/servers/server.go:1361.2,1361.86 1 0
github.com/SkyPanel/SkyPanel/v3/internal/servers/server.go:1364.32,1366.23 1 2
github.com/SkyPanel/SkyPanel/v3/internal/servers/server.go:1366.23,1368.3 1 1
github.com/SkyPanel/SkyPanel/v3/internal/servers/server.go:1370.2,1370.30 1 1
github.com/SkyPanel/SkyPanel/v3/internal/servers/server.go:1370.30,1372.3 1 0
github.com/SkyPanel/SkyPanel/v3/internal/servers/server.go:1374.2,1374.12 1 1
github.com/SkyPanel/SkyPanel/v3/internal/servers/server.go:1377.72,1380.2 2 0
github.com/SkyPanel/SkyPanel/v3/internal/servers/server.go:1382.97,1388.30 2 0
github.com/SkyPanel/SkyPanel/v3/internal/servers/server.go:1388.30,1390.3 1 0
github.com/SkyPanel/SkyPanel/v3/internal/servers/server.go:1392.2,1392.24 1 0
github.com/SkyPanel/SkyPanel/v3/internal/servers/server.go:1392.24,1393.33 1 0
github.com/SkyPanel/SkyPanel/v3/internal/servers/server.go:1393.33,1395.4 1 0
github.com/SkyPanel/SkyPanel/v3/internal/servers/server.go:1398.2,1398.83 1 0
github.com/SkyPanel/SkyPanel/v3/internal/servers/server.go:1401.51,1403.2 1 0
github.com/SkyPanel/SkyPanel/v3/internal/servers/server.go:1405.53,1407.2 1 1
github.com/SkyPanel/SkyPanel/v3/internal/servers/server.go:1409.37,1411.2 1 0
github.com/SkyPanel/SkyPanel/v3/internal/servers/server.go:1413.37,1415.2 1 0
github.com/SkyPanel/SkyPanel/v3/internal/servers/server.go:1417.33,1418.40 1 0
github.com/SkyPanel/SkyPanel/v3/internal/servers/server.go:1418.40,1420.3 1 0
github.com/SkyPanel/SkyPanel/v3/internal/servers/server.go:1422.2,1423.7 2 0
github.com/SkyPanel/SkyPanel/v3/internal/servers/server.go:1423.7,1425.3 1 0
github.com/SkyPanel/SkyPanel/v3/internal/servers/server.go:1427.2,1427.39 1 0
github.com/SkyPanel/SkyPanel/v3/internal/servers/server.go:1427.39,1429.3 1 0
github.com/SkyPanel/SkyPanel/v3/internal/servers/server.go:1431.2,1431.12 1 0
github.com/SkyPanel/SkyPanel/v3/internal/servers/server.go:1434.46,1436.2 1 0
github.com/SkyPanel/SkyPanel/v3/internal/servers/server_loader.go:19.23,21.36 2 1
github.com/SkyPanel/SkyPanel/v3/internal/servers/server_loader.go:21.36,23.3 1 0
github.com/SkyPanel/SkyPanel/v3/internal/servers/server_loader.go:24.2,25.16 2 1
github.com/SkyPanel/SkyPanel/v3/internal/servers/server_loader.go:25.16,27.3 1 0
github.com/SkyPanel/SkyPanel/v3/internal/servers/server_loader.go:28.2,29.39 2 1
github.com/SkyPanel/SkyPanel/v3/internal/servers/server_loader.go:29.39,30.69 1 2
github.com/SkyPanel/SkyPanel/v3/internal/servers/server_loader.go:30.69,31.12 1 1
github.com/SkyPanel/SkyPanel/v3/internal/servers/server_loader.go:33.3,36.17 4 1
github.com/SkyPanel/SkyPanel/v3/internal/servers/server_loader.go:36.17,38.12 2 0
github.com/SkyPanel/SkyPanel/v3/internal/servers/server_loader.go:41.3,42.43 2 1
github.com/SkyPanel/SkyPanel/v3/internal/servers/server_loader.go:46.25,48.2 1 0
github.com/SkyPanel/SkyPanel/v3/internal/servers/server_loader.go:50.51,53.34 3 1
github.com/SkyPanel/SkyPanel/v3/internal/servers/server_loader.go:53.34,55.3 1 0
github.com/SkyPanel/SkyPanel/v3/internal/servers/server_loader.go:56.2,57.8 2 1
github.com/SkyPanel/SkyPanel/v3/internal/servers/server_loader.go:60.62,67.16 4 1
github.com/SkyPanel/SkyPanel/v3/internal/servers/server_loader.go:67.16,69.3 1 0
github.com/SkyPanel/SkyPanel/v3/internal/servers/server_loader.go:71.2,73.16 3 1
github.com/SkyPanel/SkyPanel/v3/internal/servers/server_loader.go:73.16,75.3 1 0
github.com/SkyPanel/SkyPanel/v3/internal/servers/server_loader.go:77.2,78.16 2 1
github.com/SkyPanel/SkyPanel/v3/internal/servers/server_loader.go:78.16,80.3 1 0
github.com/SkyPanel/SkyPanel/v3/internal/servers/server_loader.go:82.2,86.63 3 1
github.com/SkyPanel/SkyPanel/v3/internal/servers/server_loader.go:86.63,90.17 3 0
github.com/SkyPanel/SkyPanel/v3/internal/servers/server_loader.go:90.17,92.4 1 0
github.com/SkyPanel/SkyPanel/v3/internal/servers/server_loader.go:95.2,96.16 2 1
github.com/SkyPanel/SkyPanel/v3/internal/servers/server_loader.go:96.16,98.3 1 0
github.com/SkyPanel/SkyPanel/v3/internal/servers/server_loader.go:100.2,101.27 2 1
github.com/SkyPanel/SkyPanel/v3/internal/servers/server_loader.go:101.27,104.17 3 0
github.com/SkyPanel/SkyPanel/v3/internal/servers/server_loader.go:104.17,106.4 1 0
github.com/SkyPanel/SkyPanel/v3/internal/servers/server_loader.go:109.2,110.16 2 1
github.com/SkyPanel/SkyPanel/v3/internal/servers/server_loader.go:110.16,112.3 1 0
github.com/SkyPanel/SkyPanel/v3/internal/servers/server_loader.go:113.2,117.18 3 1
github.com/SkyPanel/SkyPanel/v3/internal/servers/server_loader.go:120.58,121.39 1 0
github.com/SkyPanel/SkyPanel/v3/internal/servers/server_loader.go:121.39,123.3 1 0
github.com/SkyPanel/SkyPanel/v3/internal/servers/server_loader.go:125.2,125.15 1 0
github.com/SkyPanel/SkyPanel/v3/internal/servers/server_loader.go:125.15,126.17 1 0
github.com/SkyPanel/SkyPanel/v3/internal/servers/server_loader.go:126.17,130.41 3 0
github.com/SkyPanel/SkyPanel/v3/internal/servers/server_loader.go:130.41,132.5 1 0
github.com/SkyPanel/SkyPanel/v3/internal/servers/server_loader.go:133.4,133.16 1 0
github.com/SkyPanel/SkyPanel/v3/internal/servers/server_loader.go:137.2,138.16 2 0
github.com/SkyPanel/SkyPanel/v3/internal/servers/server_loader.go:138.16,141.3 2 0
github.com/SkyPanel/SkyPanel/v3/internal/servers/server_loader.go:143.2,144.16 2 0
github.com/SkyPanel/SkyPanel/v3/internal/servers/server_loader.go:144.16,147.3 2 0
github.com/SkyPanel/SkyPanel/v3/internal/servers/server_loader.go:149.2,150.16 2 0
github.com/SkyPanel/SkyPanel/v3/internal/servers/server_loader.go:150.16,152.3 1 0
github.com/SkyPanel/SkyPanel/v3/internal/servers/server_loader.go:154.2,155.16 2 0
github.com/SkyPanel/SkyPanel/v3/internal/servers/server_loader.go:155.16,157.3 1 0
github.com/SkyPanel/SkyPanel/v3/internal/servers/server_loader.go:159.2,160.8 2 0
github.com/SkyPanel/SkyPanel/v3/internal/servers/server_loader.go:163.36,166.37 3 0
github.com/SkyPanel/SkyPanel/v3/internal/servers/server_loader.go:166.37,167.25 1 0
github.com/SkyPanel/SkyPanel/v3/internal/servers/server_loader.go:167.25,170.9 3 0
github.com/SkyPanel/SkyPanel/v3/internal/servers/server_loader.go:173.2,173.20 1 0
github.com/SkyPanel/SkyPanel/v3/internal/servers/server_loader.go:173.20,175.3 1 0
github.com/SkyPanel/SkyPanel/v3/internal/servers/server_loader.go:176.2,178.16 2 0
github.com/SkyPanel/SkyPanel/v3/internal/servers/server_loader.go:178.16,180.3 1 0
github.com/SkyPanel/SkyPanel/v3/internal/servers/server_loader.go:182.2,182.13 1 0
github.com/SkyPanel/SkyPanel/v3/internal/servers/server_loader.go:182.13,184.17 2 0
github.com/SkyPanel/SkyPanel/v3/internal/servers/server_loader.go:184.17,186.4 1 0
github.com/SkyPanel/SkyPanel/v3/internal/servers/server_loader.go:188.3,189.17 2 0
github.com/SkyPanel/SkyPanel/v3/internal/servers/server_loader.go:189.17,191.4 1 0
github.com/SkyPanel/SkyPanel/v3/internal/servers/server_loader.go:194.2,198.16 4 0
github.com/SkyPanel/SkyPanel/v3/internal/servers/server_loader.go:198.16,200.3 1 0
github.com/SkyPanel/SkyPanel/v3/internal/servers/server_loader.go:201.2,202.16 2 0
github.com/SkyPanel/SkyPanel/v3/internal/servers/server_loader.go:202.16,204.3 1 0
github.com/SkyPanel/SkyPanel/v3/internal/servers/server_loader.go:205.2,206.8 2 0
github.com/SkyPanel/SkyPanel/v3/internal/servers/server_loader.go:209.38,210.37 1 0
github.com/SkyPanel/SkyPanel/v3/internal/servers/server_loader.go:210.37,211.43 1 0
github.com/SkyPanel/SkyPanel/v3/internal/servers/server_loader.go:211.43,213.4 1 0
github.com/SkyPanel/SkyPanel/v3/internal/servers/server_loader.go:215.2,215.12 1 0
github.com/SkyPanel/SkyPanel/v3/internal/servers/server_loader.go:218.34,220.20 2 0
github.com/SkyPanel/SkyPanel/v3/internal/servers/server_loader.go:220.20,223.3 2 0
github.com/SkyPanel/SkyPanel/v3/internal/servers/server_loader.go:224.2,225.8 2 0
github.com/SkyPanel/SkyPanel/v3/internal/servers/server_loader.go:228.36,230.20 2 0
github.com/SkyPanel/SkyPanel/v3/internal/servers/server_loader.go:230.20,233.3 2 0
github.com/SkyPanel/SkyPanel/v3/internal/servers/server_loader.go:235.2,237.16 3 0
github.com/SkyPanel/SkyPanel/v3/internal/servers/server_loader.go:237.16,240.3 2 0
github.com/SkyPanel/SkyPanel/v3/internal/servers/server_loader.go:242.2,249.16 6 0
github.com/SkyPanel/SkyPanel/v3/internal/servers/server_loader.go:249.16,251.3 1 0
github.com/SkyPanel/SkyPanel/v3/internal/servers/server_loader.go:252.2,252.30 1 0
github.com/SkyPanel/SkyPanel/v3/internal/servers/server_loader.go:252.30,255.3 2 0
github.com/SkyPanel/SkyPanel/v3/internal/servers/server_loader.go:257.2,260.8 3 0
github.com/SkyPanel/SkyPanel/v3/internal/operations/paperdl/factory.go:13.92,18.28 4 0
github.com/SkyPanel/SkyPanel/v3/internal/operations/paperdl/factory.go:18.28,20.3 1 0
github.com/SkyPanel/SkyPanel/v3/internal/operations/paperdl/factory.go:22.2,22.17 1 0
github.com/SkyPanel/SkyPanel/v3/internal/operations/paperdl/factory.go:22.17,24.3 1 0
github.com/SkyPanel/SkyPanel/v3/internal/operations/paperdl/factory.go:26.2,26.91 1 0
github.com/SkyPanel/SkyPanel/v3/internal/operations/paperdl/factory.go:29.41,31.2 1 0
github.com/SkyPanel/SkyPanel/v3/internal/operations/paperdl/paperdl.go:29.79,32.37 2 0
github.com/SkyPanel/SkyPanel/v3/internal/operations/paperdl/paperdl.go:32.37,35.17 3 0
github.com/SkyPanel/SkyPanel/v3/internal/operations/paperdl/paperdl.go:35.17,37.4 1 0
github.com/SkyPanel/SkyPanel/v3/internal/operations/paperdl/paperdl.go:38.3,38.34 1 0
github.com/SkyPanel/SkyPanel/v3/internal/operations/paperdl/paperdl.go:41.2,42.16 2 0
github.com/SkyPanel/SkyPanel/v3/internal/operations/paperdl/paperdl.go:42.16,44.3 1 0
github.com/SkyPanel/SkyPanel/v3/internal/operations/paperdl/paperdl.go:46.2,48.16 3 0
github.com/SkyPanel/SkyPanel/v3/internal/operations/paperdl/paperdl.go:48.16,50.3 1 0
github.com/SkyPanel/SkyPanel/v3/internal/operations/paperdl/paperdl.go:52.2,53.16 2 0
github.com/SkyPanel/SkyPanel/v3/internal/operations/paperdl/paperdl.go:53.16,55.3 1 0
github.com/SkyPanel/SkyPanel/v3/internal/operations/paperdl/paperdl.go:57.2,57.45 1 0
github.com/SkyPanel/SkyPanel/v3/internal/operations/paperdl/paperdl.go:60.43,62.16 2 0
github.com/SkyPanel/SkyPanel/v3/internal/operations/paperdl/paperdl.go:62.16,64.3 1 0
github.com/SkyPanel/SkyPanel/v3/internal/operations/paperdl/paperdl.go:66.2,75.16 5 0
github.com/SkyPanel/SkyPanel/v3/internal/operations/paperdl/paperdl.go:75.16,77.3 1 0
github.com/SkyPanel/SkyPanel/v3/internal/operations/paperdl/paperdl.go:79.2,81.16 3 0
github.com/SkyPanel/SkyPanel/v3/internal/operations/paperdl/paperdl.go:81.16,83.3 1 0
github.com/SkyPanel/SkyPanel/v3/internal/operations/paperdl/paperdl.go:85.2,86.38 2 0
github.com/SkyPanel/SkyPanel/v3/internal/operations/paperdl/paperdl.go:86.38,87.91 1 0
github.com/SkyPanel/SkyPanel/v3/internal/operations/paperdl/paperdl.go:87.91,89.4 1 0
github.com/SkyPanel/SkyPanel/v3/internal/operations/paperdl/paperdl.go:89.9,89.24 1 0
github.com/SkyPanel/SkyPanel/v3/internal/operations/paperdl/paperdl.go:89.24,91.4 1 0
github.com/SkyPanel/SkyPanel/v3/internal/operations/paperdl/paperdl.go:94.2,95.31 2 0
github.com/SkyPanel/SkyPanel/v3/internal/operations/paperdl/paperdl.go:98.92,100.16 2 0
github.com/SkyPanel/SkyPanel/v3/internal/operations/paperdl/paperdl.go:100.16,102.3 1 0
github.com/SkyPanel/SkyPanel/v3/internal/operations/paperdl/paperdl.go:104.2,113.16 5 0
github.com/SkyPanel/SkyPanel/v3/internal/operations/paperdl/paperdl.go:113.16,115.3 1 0
github.com/SkyPanel/SkyPanel/v3/internal/operations/paperdl/paperdl.go:117.2,117.32 1 0
github.com/SkyPanel/SkyPanel/v3/internal/operations/paperdl/paperdl.go:117.32,120.3 2 0
github.com/SkyPanel/SkyPanel/v3/internal/operations/paperdl/paperdl.go:122.2,124.16 3 0
github.com/SkyPanel/SkyPanel/v3/internal/operations/paperdl/paperdl.go:124.16,126.3 1 0
github.com/SkyPanel/SkyPanel/v3/internal/operations/paperdl/paperdl.go:128.2,128.81 1 0
github.com/SkyPanel/SkyPanel/v3/internal/operations/spongedl/factory.go:12.92,14.16 2 0
github.com/SkyPanel/SkyPanel/v3/internal/operations/spongedl/factory.go:14.16,16.3 1 0
github.com/SkyPanel/SkyPanel/v3/internal/operations/spongedl/factory.go:18.2,20.22 3 0
github.com/SkyPanel/SkyPanel/v3/internal/operations/spongedl/factory.go:23.41,25.2 1 0
github.com/SkyPanel/SkyPanel/v3/internal/operations/spongedl/spongedl.go:40.80,44.28 2 0
github.com/SkyPanel/SkyPanel/v3/internal/operations/spongedl/spongedl.go:44.28,46.17 2 0
github.com/SkyPanel/SkyPanel/v3/internal/operations/spongedl/spongedl.go:46.17,48.4 1 0
github.com/SkyPanel/SkyPanel/v3/internal/operations/spongedl/spongedl.go:50.3,50.31 1 0
github.com/SkyPanel/SkyPanel/v3/internal/operations/spongedl/spongedl.go:50.31,54.4 3 0
github.com/SkyPanel/SkyPanel/v3/internal/operations/spongedl/spongedl.go:56.3,56.33 1 0
github.com/SkyPanel/SkyPanel/v3/internal/operations/spongedl/spongedl.go:56.33,58.9 2 0
github.com/SkyPanel/SkyPanel/v3/internal/operations/spongedl/spongedl.go:62.2,63.32 2 0
github.com/SkyPanel/SkyPanel/v3/internal/operations/spongedl/spongedl.go:63.32,65.3 1 0
github.com/SkyPanel/SkyPanel/v3/internal/operations/spongedl/spongedl.go:65.8,67.3 1 0
github.com/SkyPanel/SkyPanel/v3/internal/operations/spongedl/spongedl.go:69.2,70.16 2 0
github.com/SkyPanel/SkyPanel/v3/internal/operations/spongedl/spongedl.go:70.16,72.3 1 0
github.com/SkyPanel/SkyPanel/v3/internal/operations/spongedl/spongedl.go:74.2,75.32 2 0
github.com/SkyPanel/SkyPanel/v3/internal/operations/spongedl/spongedl.go:75.32,76.50 1 0
github.com/SkyPanel/SkyPanel/v3/internal/operations/spongedl/spongedl.go:76.50,78.4 1 0
github.com/SkyPanel/SkyPanel/v3/internal/operations/spongedl/spongedl.go:81.2,81.15 1 0
github.com/SkyPanel/SkyPanel/v3/internal/operations/spongedl/spongedl.go:81.15,84.3 2 0
github.com/SkyPanel/SkyPanel/v3/internal/operations/spongedl/spongedl.go:86.2,86.40 1 0
github.com/SkyPanel/SkyPanel/v3/internal/operations/spongedl/spongedl.go:87.21,88.3 1 0
github.com/SkyPanel/SkyPanel/v3/internal/operations/spongedl/spongedl.go:88.3,94.18 6 0
github.com/SkyPanel/SkyPanel/v3/internal/operations/spongedl/spongedl.go:94.18,96.5 1 0
github.com/SkyPanel/SkyPanel/v3/internal/operations/spongedl/spongedl.go:98.4,99.24 2 0
github.com/SkyPanel/SkyPanel/v3/internal/operations/spongedl/spongedl.go:99.24,101.5 1 0
github.com/SkyPanel/SkyPanel/v3/internal/operations/spongedl/spongedl.go:103.4,104.38 2 0
github.com/SkyPanel/SkyPanel/v3/internal/operations/spongedl/spongedl.go:104.38,106.5 1 0
github.com/SkyPanel/SkyPanel/v3/internal/operations/spongedl/spongedl.go:108.4,110.18 3 0
github.com/SkyPanel/SkyPanel/v3/internal/operations/spongedl/spongedl.go:110.18,112.5 1 0
github.com/SkyPanel/SkyPanel/v3/internal/operations/spongedl/spongedl.go:115.4,116.18 2 0
github.com/SkyPanel/SkyPanel/v3/internal/operations/spongedl/spongedl.go:116.18,118.5 1 0
github.com/SkyPanel/SkyPanel/v3/internal/operations/spongedl/spongedl.go:120.23,121.3 1 0
github.com/SkyPanel/SkyPanel/v3/internal/operations/spongedl/spongedl.go:121.3,124.18 3 0
github.com/SkyPanel/SkyPanel/v3/internal/operations/spongedl/spongedl.go:124.18,126.5 1 0
github.com/SkyPanel/SkyPanel/v3/internal/operations/spongedl/spongedl.go:128.4,129.18 2 0
github.com/SkyPanel/SkyPanel/v3/internal/operations/spongedl/spongedl.go:129.18,131.5 1 0
github.com/SkyPanel/SkyPanel/v3/internal/operations/spongedl/spongedl.go:133.10,135.46 2 0
github.com/SkyPanel/SkyPanel/v3/internal/operations/spongedl/spongedl.go:138.2,138.45 1 0
github.com/SkyPanel/SkyPanel/v3/internal/operations/spongedl/spongedl.go:141.93,145.31 3 0
github.com/SkyPanel/SkyPanel/v3/internal/operations/spongedl/spongedl.go:145.31,147.3 1 0
github.com/SkyPanel/SkyPanel/v3/internal/operations/spongedl/spongedl.go:148.2,148.20 1 0
github.com/SkyPanel/SkyPanel/v3/internal/operations/spongedl/spongedl.go:148.20,150.3 1 0
github.com/SkyPanel/SkyPanel/v3/internal/operations/spongedl/spongedl.go:152.2,155.16 3 0
github.com/SkyPanel/SkyPanel/v3/internal/operations/spongedl/spongedl.go:155.16,157.3 1 0
github.com/SkyPanel/SkyPanel/v3/internal/operations/spongedl/spongedl.go:158.2,159.42 2 0
github.com/SkyPanel/SkyPanel/v3/internal/operations/spongedl/spongedl.go:159.42,162.3 2 0
github.com/SkyPanel/SkyPanel/v3/internal/operations/spongedl/spongedl.go:164.2,165.18 2 0
github.com/SkyPanel/SkyPanel/v3/internal/operations/spongedl/spongedl.go:168.109,174.16 4 0
github.com/SkyPanel/SkyPanel/v3/internal/operations/spongedl/spongedl.go:174.16,176.3 1 0
github.com/SkyPanel/SkyPanel/v3/internal/operations/spongedl/spongedl.go:177.2,178.42 2 0
github.com/SkyPanel/SkyPanel/v3/internal/operations/spongedl/spongedl.go:178.42,181.3 2 0
github.com/SkyPanel/SkyPanel/v3/internal/operations/spongedl/spongedl.go:183.2,184.18 2 0
github.com/SkyPanel/SkyPanel/v3/internal/operations/stdin/factory.go:12.92,15.2 2 0
github.com/SkyPanel/SkyPanel/v3/internal/operations/stdin/factory.go:17.41,19.2 1 0
github.com/SkyPanel/SkyPanel/v3/internal/operations/stdin/stdin.go:9.76,13.16 3 0
github.com/SkyPanel/SkyPanel/v3/internal/operations/stdin/stdin.go:13.16,15.3 1 0
github.com/SkyPanel/SkyPanel/v3/internal/operations/stdin/stdin.go:15.8,15.21 1 0
github.com/SkyPanel/SkyPanel/v3/internal/operations/stdin/stdin.go:15.21,17.3 1 0
github.com/SkyPanel/SkyPanel/v3/internal/operations/stdin/stdin.go:19.2,20.45 2 0
github.com/SkyPanel/SkyPanel/v3/internal/operations/sleep/factory.go:12.92,14.16 2 0
github.com/SkyPanel/SkyPanel/v3/internal/operations/sleep/factory.go:14.16,16.3 1 0
github.com/SkyPanel/SkyPanel/v3/internal/operations/sleep/factory.go:17.2,17.40 1 0
github.com/SkyPanel/SkyPanel/v3/internal/operations/sleep/factory.go:20.41,22.2 1 0
github.com/SkyPanel/SkyPanel/v3/internal/operations/sleep/sleep.go:12.73,15.2 2 0
github.com/SkyPanel/SkyPanel/v3/internal/operations/resolveneoforgeversion/factory.go:12.92,17.26 4 0
github.com/SkyPanel/SkyPanel/v3/internal/operations/resolveneoforgeversion/factory.go:17.26,19.3 1 0
github.com/SkyPanel/SkyPanel/v3/internal/operations/resolveneoforgeversion/factory.go:21.2,21.122 1 0
github.com/SkyPanel/SkyPanel/v3/internal/operations/resolveneoforgeversion/factory.go:24.41,26.2 1 0
github.com/SkyPanel/SkyPanel/v3/internal/operations/resolveneoforgeversion/resolveneoforgeversion.go:34.94,36.22 1 0
github.com/SkyPanel/SkyPanel/v3/internal/operations/resolveneoforgeversion/resolveneoforgeversion.go:36.22,39.25 3 0
github.com/SkyPanel/SkyPanel/v3/internal/operations/resolveneoforgeversion/resolveneoforgeversion.go:39.25,43.4 1 0
github.com/SkyPanel/SkyPanel/v3/internal/operations/resolveneoforgeversion/resolveneoforgeversion.go:44.3,44.17 1 0
github.com/SkyPanel/SkyPanel/v3/internal/operations/resolveneoforgeversion/resolveneoforgeversion.go:44.17,46.4 1 0
github.com/SkyPanel/SkyPanel/v3/internal/operations/resolveneoforgeversion/resolveneoforgeversion.go:48.3,49.29 2 0
github.com/SkyPanel/SkyPanel/v3/internal/operations/resolveneoforgeversion/resolveneoforgeversion.go:49.29,51.17 1 0
github.com/SkyPanel/SkyPanel/v3/internal/operations/resolveneoforgeversion/resolveneoforgeversion.go:51.17,55.51 3 0
github.com/SkyPanel/SkyPanel/v3/internal/operations/resolveneoforgeversion/resolveneoforgeversion.go:55.51,56.14 1 0
github.com/SkyPanel/SkyPanel/v3/internal/operations/resolveneoforgeversion/resolveneoforgeversion.go:59.5,59.25 1 0
github.com/SkyPanel/SkyPanel/v3/internal/operations/resolveneoforgeversion/resolveneoforgeversion.go:59.25,62.6 2 0
github.com/SkyPanel/SkyPanel/v3/internal/operations/resolveneoforgeversion/resolveneoforgeversion.go:62.11,62.67 1 0
github.com/SkyPanel/SkyPanel/v3/internal/operations/resolveneoforgeversion/resolveneoforgeversion.go:62.67,64.14 1 0
github.com/SkyPanel/SkyPanel/v3/internal/operations/resolveneoforgeversion/resolveneoforgeversion.go:65.11,65.26 1 0
github.com/SkyPanel/SkyPanel/v3/internal/operations/resolveneoforgeversion/resolveneoforgeversion.go:65.26,67.86 1 0
github.com/SkyPanel/SkyPanel/v3/internal/operations/resolveneoforgeversion/resolveneoforgeversion.go:67.86,70.7 2 0
github.com/SkyPanel/SkyPanel/v3/internal/operations/resolveneoforgeversion/resolveneoforgeversion.go:76.2,76.22 1 0
github.com/SkyPanel/SkyPanel/v3/internal/operations/resolveneoforgeversion/resolveneoforgeversion.go:76.22,78.3 1 0
github.com/SkyPanel/SkyPanel/v3/internal/operations/resolveneoforgeversion/resolveneoforgeversion.go:80.2,82.4 1 0
github.com/SkyPanel/SkyPanel/v3/internal/operations/resolveforgeversion/factory.go:12.92,17.26 4 0
github.com/SkyPanel/SkyPanel/v3/internal/operations/resolveforgeversion/factory.go:17.26,19.3 1 0
github.com/SkyPanel/SkyPanel/v3/internal/operations/resolveforgeversion/factory.go:21.2,21.119 1 0
github.com/SkyPanel/SkyPanel/v3/internal/operations/resolveforgeversion/factory.go:24.41,26.2 1 0
github.com/SkyPanel/SkyPanel/v3/internal/operations/resolveforgeversion/resolveforgeversion.go:33.91,38.22 3 0
github.com/SkyPanel/SkyPanel/v3/internal/operations/resolveforgeversion/resolveforgeversion.go:38.22,41.25 3 0
github.com/SkyPanel/SkyPanel/v3/internal/operations/resolveforgeversion/resolveforgeversion.go:41.25,45.4 1 0
github.com/SkyPanel/SkyPanel/v3/internal/operations/resolveforgeversion/resolveforgeversion.go:46.3,46.17 1 0
github.com/SkyPanel/SkyPanel/v3/internal/operations/resolveforgeversion/resolveforgeversion.go:46.17,48.4 1 0
github.com/SkyPanel/SkyPanel/v3/internal/operations/resolveforgeversion/resolveforgeversion.go:50.3,51.29 2 0
github.com/SkyPanel/SkyPanel/v3/internal/operations/resolveforgeversion/resolveforgeversion.go:51.29,53.17 1 0
github.com/SkyPanel/SkyPanel/v3/internal/operations/resolveforgeversion/resolveforgeversion.go:53.17,57.50 3 0
github.com/SkyPanel/SkyPanel/v3/internal/operations/resolveforgeversion/resolveforgeversion.go:57.50,58.14 1 0
github.com/SkyPanel/SkyPanel/v3/internal/operations/resolveforgeversion/resolveforgeversion.go:60.5,60.12 1 0
github.com/SkyPanel/SkyPanel/v3/internal/operations/resolveforgeversion/resolveforgeversion.go:61.27,63.45 2 0
github.com/SkyPanel/SkyPanel/v3/internal/operations/resolveforgeversion/resolveforgeversion.go:64.62,66.14 1 0
github.com/SkyPanel/SkyPanel/v3/internal/operations/resolveforgeversion/resolveforgeversion.go:67.21,69.86 1 0
github.com/SkyPanel/SkyPanel/v3/internal/operations/resolveforgeversion/resolveforgeversion.go:69.86,72.7 2 0
github.com/SkyPanel/SkyPanel/v3/internal/operations/resolveforgeversion/resolveforgeversion.go:78.2,78.22 1 0
github.com/SkyPanel/SkyPanel/v3/internal/operations/resolveforgeversion/resolveforgeversion.go:78.22,80.3 1 0
github.com/SkyPanel/SkyPanel/v3/internal/operations/resolveforgeversion/resolveforgeversion.go:82.2,84.4 1 0
github.com/SkyPanel/SkyPanel/v3/internal/operations/nodejsdl/factory.go:13.41,15.2 1 0
github.com/SkyPanel/SkyPanel/v3/internal/operations/nodejsdl/factory.go:16.92,20.16 3 0
github.com/SkyPanel/SkyPanel/v3/internal/operations/nodejsdl/factory.go:20.16,22.3 1 0
github.com/SkyPanel/SkyPanel/v3/internal/operations/nodejsdl/factory.go:24.2,24.54 1 0
github.com/SkyPanel/SkyPanel/v3/internal/operations/nodejsdl/nodejsdl.go:28.80,42.38 9 0
github.com/SkyPanel/SkyPanel/v3/internal/operations/nodejsdl/nodejsdl.go:42.38,45.17 3 0
github.com/SkyPanel/SkyPanel/v3/internal/operations/nodejsdl/nodejsdl.go:45.17,47.4 1 0
github.com/SkyPanel/SkyPanel/v3/internal/operations/nodejsdl/nodejsdl.go:50.3,51.17 2 0
github.com/SkyPanel/SkyPanel/v3/internal/operations/nodejsdl/nodejsdl.go:51.17,53.4 1 0
github.com/SkyPanel/SkyPanel/v3/internal/operations/nodejsdl/nodejsdl.go:55.3,58.17 3 0
github.com/SkyPanel/SkyPanel/v3/internal/operations/nodejsdl/nodejsdl.go:58.17,60.4 1 0
github.com/SkyPanel/SkyPanel/v3/internal/operations/nodejsdl/nodejsdl.go:62.3,67.17 5 0
github.com/SkyPanel/SkyPanel/v3/internal/operations/nodejsdl/nodejsdl.go:67.17,69.4 1 0
github.com/SkyPanel/SkyPanel/v3/internal/operations/nodejsdl/nodejsdl.go:71.3,73.17 3 0
github.com/SkyPanel/SkyPanel/v3/internal/operations/nodejsdl/nodejsdl.go:73.17,75.4 1 0
github.com/SkyPanel/SkyPanel/v3/internal/operations/nodejsdl/nodejsdl.go:78.2,78.45 1 0
github.com/SkyPanel/SkyPanel/v3/internal/operations/nodejsdl/nodejsdl.go:81.54,85.16 4 0
github.com/SkyPanel/SkyPanel/v3/internal/operations/nodejsdl/nodejsdl.go:85.16,87.3 1 0
github.com/SkyPanel/SkyPanel/v3/internal/operations/nodejsdl/nodejsdl.go:89.2,91.16 3 0
github.com/SkyPanel/SkyPanel/v3/internal/operations/nodejsdl/nodejsdl.go:91.16,93.3 1 0
github.com/SkyPanel/SkyPanel/v3/internal/operations/nodejsdl/nodejsdl.go:95.2,96.35 2 0
github.com/SkyPanel/SkyPanel/v3/internal/operations/nodejsdl/nodejsdl.go:96.35,97.58 1 0
github.com/SkyPanel/SkyPanel/v3/internal/operations/nodejsdl/nodejsdl.go:97.58,98.12 1 0
github.com/SkyPanel/SkyPanel/v3/internal/operations/nodejsdl/nodejsdl.go:100.3,100.118 1 0
github.com/SkyPanel/SkyPanel/v3/internal/operations/nodejsdl/nodejsdl.go:100.118,102.4 1 0
github.com/SkyPanel/SkyPanel/v3/internal/operations/nodejsdl/nodejsdl.go:102.9,102.24 1 0
github.com/SkyPanel/SkyPanel/v3/internal/operations/nodejsdl/nodejsdl.go:102.24,104.4 1 0
github.com/SkyPanel/SkyPanel/v3/internal/operations/nodejsdl/nodejsdl.go:107.2,110.31 2 0
github.com/SkyPanel/SkyPanel/v3/internal/operations/nodejsdl/nodejsdl.go:110.31,113.3 2 0
github.com/SkyPanel/SkyPanel/v3/internal/operations/nodejsdl/nodejsdl.go:113.8,116.3 2 0
github.com/SkyPanel/SkyPanel/v3/internal/operations/nodejsdl/nodejsdl.go:118.2,118.24 1 0
github.com/SkyPanel/SkyPanel/v3/internal/operations/nodejsdl/nodejsdl.go:119.15,120.3 1 0
github.com/SkyPanel/SkyPanel/v3/internal/operations/nodejsdl/nodejsdl.go:120.3,122.4 1 0
github.com/SkyPanel/SkyPanel/v3/internal/operations/nodejsdl/nodejsdl.go:123.13,124.3 1 0
github.com/SkyPanel/SkyPanel/v3/internal/operations/nodejsdl/nodejsdl.go:124.3,126.4 1 0
github.com/SkyPanel/SkyPanel/v3/internal/operations/nodejsdl/nodejsdl.go:127.10,128.3 1 0
github.com/SkyPanel/SkyPanel/v3/internal/operations/nodejsdl/nodejsdl.go:128.3,130.4 1 0
github.com/SkyPanel/SkyPanel/v3/internal/operations/nodejsdl/nodejsdl.go:133.2,137.21 2 0
github.com/SkyPanel/SkyPanel/v3/internal/operations/writefile/factory.go:12.92,16.2 3 0
github.com/SkyPanel/SkyPanel/v3/internal/operations/writefile/factory.go:18.41,20.2 1 0
github.com/SkyPanel/SkyPanel/v3/internal/operations/writefile/writefile.go:15.80,23.16 6 0
github.com/SkyPanel/SkyPanel/v3/internal/operations/writefile/writefile.go:23.16,25.3 1 0
github.com/SkyPanel/SkyPanel/v3/internal/operations/writefile/writefile.go:26.2,29.45 3 0
github.com/SkyPanel/SkyPanel/v3/internal/response/handlers.go:14.37,16.2 1 0
github.com/SkyPanel/SkyPanel/v3/internal/response/handlers.go:18.55,26.30 5 0
github.com/SkyPanel/SkyPanel/v3/internal/response/handlers.go:26.30,33.3 6 0
github.com/SkyPanel/SkyPanel/v3/internal/response/handlers.go:36.66,37.16 1 0
github.com/SkyPanel/SkyPanel/v3/internal/response/handlers.go:37.16,40.45 2 0
github.com/SkyPanel/SkyPanel/v3/internal/response/handlers.go:40.45,42.4 1 0
github.com/SkyPanel/SkyPanel/v3/internal/response/handlers.go:42.9,44.4 1 0
github.com/SkyPanel/SkyPanel/v3/internal/response/handlers.go:46.3,46.14 1 0
github.com/SkyPanel/SkyPanel/v3/internal/response/handlers.go:49.2,49.14 1 0
github.com/SkyPanel/SkyPanel/v3/internal/query/minecraft.go:15.64,16.15 1 0
github.com/SkyPanel/SkyPanel/v3/internal/query/minecraft.go:16.15,18.3 1 0
github.com/SkyPanel/SkyPanel/v3/internal/query/minecraft.go:19.2,19.33 1 0
github.com/SkyPanel/SkyPanel/v3/internal/query/minecraft.go:19.33,21.3 1 0
github.com/SkyPanel/SkyPanel/v3/internal/query/minecraft.go:23.2,24.16 2 0
github.com/SkyPanel/SkyPanel/v3/internal/query/minecraft.go:24.16,26.3 1 0
github.com/SkyPanel/SkyPanel/v3/internal/query/minecraft.go:28.2,29.38 2 0
github.com/SkyPanel/SkyPanel/v3/internal/query/minecraft.go:29.38,31.3 1 0
github.com/SkyPanel/SkyPanel/v3/internal/query/minecraft.go:33.2,38.8 1 0
github.com/SkyPanel/SkyPanel/v3/internal/utils/arguments.go:8.71,10.34 2 7
github.com/SkyPanel/SkyPanel/v3/internal/utils/arguments.go:10.34,12.3 1 35
github.com/SkyPanel/SkyPanel/v3/internal/utils/arguments.go:13.2,13.15 1 7
github.com/SkyPanel/SkyPanel/v3/internal/utils/arguments.go:16.80,18.34 2 1
github.com/SkyPanel/SkyPanel/v3/internal/utils/arguments.go:18.34,20.3 1 4
github.com/SkyPanel/SkyPanel/v3/internal/utils/arguments.go:21.2,21.15 1 1
github.com/SkyPanel/SkyPanel/v3/internal/utils/arguments.go:24.98,26.34 2 0
github.com/SkyPanel/SkyPanel/v3/internal/utils/arguments.go:26.34,28.3 1 0
github.com/SkyPanel/SkyPanel/v3/internal/utils/arguments.go:29.2,29.15 1 0
github.com/SkyPanel/SkyPanel/v3/internal/utils/arguments.go:32.69,33.18 1 8
github.com/SkyPanel/SkyPanel/v3/internal/utils/arguments.go:33.18,35.3 1 0
github.com/SkyPanel/SkyPanel/v3/internal/utils/arguments.go:37.2,41.27 4 8
github.com/SkyPanel/SkyPanel/v3/internal/utils/arguments.go:41.27,42.11 1 215
github.com/SkyPanel/SkyPanel/v3/internal/utils/arguments.go:42.11,45.12 3 4
github.com/SkyPanel/SkyPanel/v3/internal/utils/arguments.go:47.3,47.12 1 211
github.com/SkyPanel/SkyPanel/v3/internal/utils/arguments.go:48.13,49.4 1 4
github.com/SkyPanel/SkyPanel/v3/internal/utils/arguments.go:49.4,51.5 1 4
github.com/SkyPanel/SkyPanel/v3/internal/utils/arguments.go:52.12,53.4 1 10
github.com/SkyPanel/SkyPanel/v3/internal/utils/arguments.go:53.4,55.5 1 10
github.com/SkyPanel/SkyPanel/v3/internal/utils/arguments.go:56.12,57.4 1 30
github.com/SkyPanel/SkyPanel/v3/internal/utils/arguments.go:57.4,58.16 1 30
github.com/SkyPanel/SkyPanel/v3/internal/utils/arguments.go:58.16,60.6 1 4
github.com/SkyPanel/SkyPanel/v3/internal/utils/arguments.go:60.11,62.6 1 26
github.com/SkyPanel/SkyPanel/v3/internal/utils/arguments.go:64.11,65.40 1 167
github.com/SkyPanel/SkyPanel/v3/internal/utils/arguments.go:70.2,71.28 2 8
github.com/SkyPanel/SkyPanel/v3/internal/utils/arguments.go:71.28,72.14 1 34
github.com/SkyPanel/SkyPanel/v3/internal/utils/arguments.go:72.14,76.4 2 24
github.com/SkyPanel/SkyPanel/v3/internal/utils/arguments.go:78.2,82.8 4 8
github.com/SkyPanel/SkyPanel/v3/internal/utils/arguments.go:85.48,87.30 2 5
github.com/SkyPanel/SkyPanel/v3/internal/utils/arguments.go:87.30,88.19 1 17
github.com/SkyPanel/SkyPanel/v3/internal/utils/arguments.go:88.19,90.4 1 12
github.com/SkyPanel/SkyPanel/v3/internal/utils/arguments.go:91.3,91.62 1 17
github.com/SkyPanel/SkyPanel/v3/internal/utils/arguments.go:91.62,93.4 1 3
github.com/SkyPanel/SkyPanel/v3/internal/utils/arguments.go:93.9,95.4 1 14
github.com/SkyPanel/SkyPanel/v3/internal/utils/arguments.go:97.2,97.15 1 5
github.com/SkyPanel/SkyPanel/v3/internal/utils/close.go:8.30,10.15 1 0
github.com/SkyPanel/SkyPanel/v3/internal/utils/close.go:10.15,12.3 1 0
github.com/SkyPanel/SkyPanel/v3/internal/utils/close.go:14.2,14.19 1 0
github.com/SkyPanel/SkyPanel/v3/internal/utils/close.go:14.19,16.3 1 0
github.com/SkyPanel/SkyPanel/v3/internal/utils/close.go:19.45,20.21 1 0
github.com/SkyPanel/SkyPanel/v3/internal/utils/close.go:20.21,22.3 1 0
github.com/SkyPanel/SkyPanel/v3/internal/utils/conversion.go:11.72,12.23 1 6
github.com/SkyPanel/SkyPanel/v3/internal/utils/conversion.go:13.14,14.17 1 0
github.com/SkyPanel/SkyPanel/v3/internal/utils/conversion.go:14.17,16.4 1 0
github.com/SkyPanel/SkyPanel/v3/internal/utils/conversion.go:17.3,17.29 1 0
github.com/SkyPanel/SkyPanel/v3/internal/utils/conversion.go:18.11,19.17 1 0
github.com/SkyPanel/SkyPanel/v3/internal/utils/conversion.go:19.17,21.4 1 0
github.com/SkyPanel/SkyPanel/v3/internal/utils/conversion.go:22.3,22.26 1 0
github.com/SkyPanel/SkyPanel/v3/internal/utils/conversion.go:23.12,24.17 1 0
github.com/SkyPanel/SkyPanel/v3/internal/utils/conversion.go:24.17,26.4 1 0
github.com/SkyPanel/SkyPanel/v3/internal/utils/conversion.go:27.3,27.27 1 0
github.com/SkyPanel/SkyPanel/v3/internal/utils/conversion.go:28.13,29.17 1 0
github.com/SkyPanel/SkyPanel/v3/internal/utils/conversion.go:29.17,31.4 1 0
github.com/SkyPanel/SkyPanel/v3/internal/utils/conversion.go:32.3,32.28 1 0
github.com/SkyPanel/SkyPanel/v3/internal/utils/conversion.go:33.13,34.17 1 0
github.com/SkyPanel/SkyPanel/v3/internal/utils/conversion.go:34.17,36.4 1 0
github.com/SkyPanel/SkyPanel/v3/internal/utils/conversion.go:37.3,37.28 1 0
github.com/SkyPanel/SkyPanel/v3/internal/utils/conversion.go:38.13,39.17 1 0
github.com/SkyPanel/SkyPanel/v3/internal/utils/conversion.go:39.17,41.4 1 0
github.com/SkyPanel/SkyPanel/v3/internal/utils/conversion.go:42.3,42.28 1 0
github.com/SkyPanel/SkyPanel/v3/internal/utils/conversion.go:43.12,44.17 1 0
github.com/SkyPanel/SkyPanel/v3/internal/utils/conversion.go:44.17,46.4 1 0
github.com/SkyPanel/SkyPanel/v3/internal/utils/conversion.go:47.3,47.27 1 0
github.com/SkyPanel/SkyPanel/v3/internal/utils/conversion.go:48.13,49.17 1 0
github.com/SkyPanel/SkyPanel/v3/internal/utils/conversion.go:49.17,51.4 1 0
github.com/SkyPanel/SkyPanel/v3/internal/utils/conversion.go:52.3,52.28 1 0
github.com/SkyPanel/SkyPanel/v3/internal/utils/conversion.go:53.14,54.17 1 0
github.com/SkyPanel/SkyPanel/v3/internal/utils/conversion.go:54.17,56.4 1 0
github.com/SkyPanel/SkyPanel/v3/internal/utils/conversion.go:57.3,57.29 1 0
github.com/SkyPanel/SkyPanel/v3/internal/utils/conversion.go:58.14,59.17 1 0
github.com/SkyPanel/SkyPanel/v3/internal/utils/conversion.go:59.17,61.4 1 0
github.com/SkyPanel/SkyPanel/v3/internal/utils/conversion.go:62.3,62.29 1 0
github.com/SkyPanel/SkyPanel/v3/internal/utils/conversion.go:63.14,64.17 1 0
github.com/SkyPanel/SkyPanel/v3/internal/utils/conversion.go:64.17,66.4 1 0
github.com/SkyPanel/SkyPanel/v3/internal/utils/conversion.go:67.3,67.29 1 0
github.com/SkyPanel/SkyPanel/v3/internal/utils/conversion.go:68.12,69.17 1 0
github.com/SkyPanel/SkyPanel/v3/internal/utils/conversion.go:69.17,71.4 1 0
github.com/SkyPanel/SkyPanel/v3/internal/utils/conversion.go:72.3,72.27 1 0
github.com/SkyPanel/SkyPanel/v3/internal/utils/conversion.go:73.21,74.17 1 0
github.com/SkyPanel/SkyPanel/v3/internal/utils/conversion.go:74.17,76.4 1 0
github.com/SkyPanel/SkyPanel/v3/internal/utils/conversion.go:77.3,77.31 1 0
github.com/SkyPanel/SkyPanel/v3/internal/utils/conversion.go:78.17,79.17 1 0
github.com/SkyPanel/SkyPanel/v3/internal/utils/conversion.go:79.17,81.4 1 0
github.com/SkyPanel/SkyPanel/v3/internal/utils/conversion.go:82.3,82.27 1 0
github.com/SkyPanel/SkyPanel/v3/internal/utils/conversion.go:83.15,84.17 1 0
github.com/SkyPanel/SkyPanel/v3/internal/utils/conversion.go:84.17,86.4 1 0
github.com/SkyPanel/SkyPanel/v3/internal/utils/conversion.go:87.3,87.30 1 0
github.com/SkyPanel/SkyPanel/v3/internal/utils/conversion.go:88.15,89.17 1 0
github.com/SkyPanel/SkyPanel/v3/internal/utils/conversion.go:89.17,91.4 1 0
github.com/SkyPanel/SkyPanel/v3/internal/utils/conversion.go:92.3,92.30 1 0
github.com/SkyPanel/SkyPanel/v3/internal/utils/conversion.go:93.25,94.17 1 0
github.com/SkyPanel/SkyPanel/v3/internal/utils/conversion.go:94.17,96.4 1 0
github.com/SkyPanel/SkyPanel/v3/internal/utils/conversion.go:97.3,97.38 1 0
github.com/SkyPanel/SkyPanel/v3/internal/utils/conversion.go:98.27,99.17 1 0
github.com/SkyPanel/SkyPanel/v3/internal/utils/conversion.go:99.17,101.4 1 0
github.com/SkyPanel/SkyPanel/v3/internal/utils/conversion.go:102.3,102.43 1 0
github.com/SkyPanel/SkyPanel/v3/internal/utils/conversion.go:103.23,104.17 1 0
github.com/SkyPanel/SkyPanel/v3/internal/utils/conversion.go:104.17,106.4 1 0
github.com/SkyPanel/SkyPanel/v3/internal/utils/conversion.go:107.3,107.36 1 0
github.com/SkyPanel/SkyPanel/v3/internal/utils/conversion.go:108.30,109.17 1 0
github.com/SkyPanel/SkyPanel/v3/internal/utils/conversion.go:109.17,111.4 1 0
github.com/SkyPanel/SkyPanel/v3/internal/utils/conversion.go:112.3,112.32 1 0
github.com/SkyPanel/SkyPanel/v3/internal/utils/conversion.go:113.22,114.17 1 0
github.com/SkyPanel/SkyPanel/v3/internal/utils/conversion.go:114.17,116.4 1 0
github.com/SkyPanel/SkyPanel/v3/internal/utils/conversion.go:117.3,117.35 1 0
github.com/SkyPanel/SkyPanel/v3/internal/utils/conversion.go:118.24,119.17 1 0
github.com/SkyPanel/SkyPanel/v3/internal/utils/conversion.go:119.17,121.4 1 0
github.com/SkyPanel/SkyPanel/v3/internal/utils/conversion.go:122.3,122.37 1 0
github.com/SkyPanel/SkyPanel/v3/internal/utils/conversion.go:123.21,124.17 1 0
github.com/SkyPanel/SkyPanel/v3/internal/utils/conversion.go:124.17,126.4 1 0
github.com/SkyPanel/SkyPanel/v3/internal/utils/conversion.go:127.3,127.28 1 0
github.com/SkyPanel/SkyPanel/v3/internal/utils/conversion.go:128.14,129.17 1 0
github.com/SkyPanel/SkyPanel/v3/internal/utils/conversion.go:129.17,131.4 1 0
github.com/SkyPanel/SkyPanel/v3/internal/utils/conversion.go:132.3,132.32 1 0
github.com/SkyPanel/SkyPanel/v3/internal/utils/conversion.go:133.16,134.17 1 6
github.com/SkyPanel/SkyPanel/v3/internal/utils/conversion.go:134.17,136.4 1 1
github.com/SkyPanel/SkyPanel/v3/internal/utils/conversion.go:137.3,137.34 1 5
github.com/SkyPanel/SkyPanel/v3/internal/utils/conversion.go:138.13,139.17 1 0
github.com/SkyPanel/SkyPanel/v3/internal/utils/conversion.go:139.17,141.4 1 0
github.com/SkyPanel/SkyPanel/v3/internal/utils/conversion.go:142.3,142.31 1 0
github.com/SkyPanel/SkyPanel/v3/internal/utils/conversion.go:143.23,144.17 1 0
github.com/SkyPanel/SkyPanel/v3/internal/utils/conversion.go:144.17,146.4 1 0
github.com/SkyPanel/SkyPanel/v3/internal/utils/conversion.go:147.3,147.36 1 0
github.com/SkyPanel/SkyPanel/v3/internal/utils/conversion.go:150.2,150.96 1 0
github.com/SkyPanel/SkyPanel/v3/internal/utils/interface.go:8.37,9.29 1 0
github.com/SkyPanel/SkyPanel/v3/internal/utils/interface.go:9.29,11.3 1 0
github.com/SkyPanel/SkyPanel/v3/internal/utils/interface.go:12.2,12.42 1 0
github.com/SkyPanel/SkyPanel/v3/internal/utils/interface.go:12.42,14.3 1 0
github.com/SkyPanel/SkyPanel/v3/internal/utils/interface.go:15.2,15.29 1 0
github.com/SkyPanel/SkyPanel/v3/internal/utils/interface.go:18.52,20.16 2 0
github.com/SkyPanel/SkyPanel/v3/internal/utils/interface.go:20.16,22.3 1 0
github.com/SkyPanel/SkyPanel/v3/internal/utils/interface.go:23.2,23.37 1 0
github.com/SkyPanel/SkyPanel/v3/internal/utils/jvm.go:14.47,23.21 3 2
github.com/SkyPanel/SkyPanel/v3/internal/utils/jvm.go:23.21,26.40 2 14
github.com/SkyPanel/SkyPanel/v3/internal/utils/jvm.go:26.40,27.28 1 1023
github.com/SkyPanel/SkyPanel/v3/internal/utils/jvm.go:27.28,29.5 1 1023
github.com/SkyPanel/SkyPanel/v3/internal/utils/jvm.go:30.4,30.13 1 0
github.com/SkyPanel/SkyPanel/v3/internal/utils/jvm.go:33.3,35.67 2 14
github.com/SkyPanel/SkyPanel/v3/internal/utils/jvm.go:35.67,38.46 2 1
github.com/SkyPanel/SkyPanel/v3/internal/utils/jvm.go:38.46,40.5 1 1
github.com/SkyPanel/SkyPanel/v3/internal/utils/jvm.go:41.4,41.47 1 1
github.com/SkyPanel/SkyPanel/v3/internal/utils/jvm.go:41.47,43.5 1 1
github.com/SkyPanel/SkyPanel/v3/internal/utils/jvm.go:44.4,44.51 1 1
github.com/SkyPanel/SkyPanel/v3/internal/utils/jvm.go:44.51,46.5 1 0
github.com/SkyPanel/SkyPanel/v3/internal/utils/jvm.go:47.9,47.74 1 13
github.com/SkyPanel/SkyPanel/v3/internal/utils/jvm.go:47.74,50.46 2 1
github.com/SkyPanel/SkyPanel/v3/internal/utils/jvm.go:50.46,52.5 1 1
github.com/SkyPanel/SkyPanel/v3/internal/utils/jvm.go:53.4,53.47 1 1
github.com/SkyPanel/SkyPanel/v3/internal/utils/jvm.go:53.47,55.5 1 1
github.com/SkyPanel/SkyPanel/v3/internal/utils/jvm.go:56.9,56.74 1 12
github.com/SkyPanel/SkyPanel/v3/internal/utils/jvm.go:56.74,59.46 2 1
github.com/SkyPanel/SkyPanel/v3/internal/utils/jvm.go:59.46,61.5 1 1
github.com/SkyPanel/SkyPanel/v3/internal/utils/jvm.go:62.4,62.47 1 1
github.com/SkyPanel/SkyPanel/v3/internal/utils/jvm.go:62.47,64.5 1 1
github.com/SkyPanel/SkyPanel/v3/internal/utils/jvm.go:65.9,65.64 1 11
github.com/SkyPanel/SkyPanel/v3/internal/utils/jvm.go:65.64,67.46 2 2
github.com/SkyPanel/SkyPanel/v3/internal/utils/jvm.go:67.46,69.5 1 2
github.com/SkyPanel/SkyPanel/v3/internal/utils/jvm.go:70.4,70.51 1 2
github.com/SkyPanel/SkyPanel/v3/internal/utils/jvm.go:70.51,72.5 1 2
github.com/SkyPanel/SkyPanel/v3/internal/utils/jvm.go:76.2,76.14 1 2
github.com/SkyPanel/SkyPanel/v3/internal/utils/jvm.go:79.46,84.26 5 5
github.com/SkyPanel/SkyPanel/v3/internal/utils/jvm.go:84.26,85.10 1 12
github.com/SkyPanel/SkyPanel/v3/internal/utils/jvm.go:86.38,89.43 3 5
github.com/SkyPanel/SkyPanel/v3/internal/utils/jvm.go:90.39,93.44 3 3
github.com/SkyPanel/SkyPanel/v3/internal/utils/jvm.go:94.42,97.47 3 2
github.com/SkyPanel/SkyPanel/v3/internal/utils/jvm.go:98.43,101.48 3 2
github.com/SkyPanel/SkyPanel/v3/internal/utils/jvm.go:104.2,104.15 1 5
github.com/SkyPanel/SkyPanel/v3/internal/utils/kernel.go:10.31,11.40 1 0
github.com/SkyPanel/SkyPanel/v3/internal/utils/kernel.go:11.40,14.3 2 0
github.com/SkyPanel/SkyPanel/v3/internal/utils/kernel.go:14.8,16.14 2 0
github.com/SkyPanel/SkyPanel/v3/internal/utils/kernel.go:16.14,17.86 1 0
github.com/SkyPanel/SkyPanel/v3/internal/utils/kernel.go:22.24,24.2 1 0
github.com/SkyPanel/SkyPanel/v3/internal/utils/kernel_tests.go:14.25,16.9 2 0
github.com/SkyPanel/SkyPanel/v3/internal/utils/kernel_tests.go:17.38,22.17 4 0
github.com/SkyPanel/SkyPanel/v3/internal/utils/kernel_tests.go:22.17,23.90 1 0
github.com/SkyPanel/SkyPanel/v3/internal/utils/kernel_tests.go:25.3,25.26 1 0
github.com/SkyPanel/SkyPanel/v3/internal/utils/kernel_tests.go:25.26,27.4 1 0
github.com/SkyPanel/SkyPanel/v3/internal/utils/kernel_tests.go:29.3,31.17 3 0
github.com/SkyPanel/SkyPanel/v3/internal/utils/kernel_tests.go:31.17,32.90 1 0
github.com/SkyPanel/SkyPanel/v3/internal/utils/kernel_tests.go:34.3,42.10 4 0
github.com/SkyPanel/SkyPanel/v3/internal/utils/kernel_tests.go:43.19,45.21 2 0
github.com/SkyPanel/SkyPanel/v3/internal/utils/kernel_tests.go:46.71,47.22 1 0
github.com/SkyPanel/SkyPanel/v3/internal/utils/kernel_tests.go:48.11,49.90 1 0
github.com/SkyPanel/SkyPanel/v3/internal/utils/kernel_tests.go:51.18,55.21 4 0
github.com/SkyPanel/SkyPanel/v3/internal/utils/kernel_tests.go:55.21,57.51 2 0
github.com/SkyPanel/SkyPanel/v3/internal/utils/kernel_tests.go:57.51,59.10 2 0
github.com/SkyPanel/SkyPanel/v3/internal/utils/kernel_tests.go:62.10,63.97 1 0
github.com/SkyPanel/SkyPanel/v3/internal/utils/kernel_tests.go:65.2,65.19 1 0
github.com/SkyPanel/SkyPanel/v3/internal/utils/mappings.go:5.85,6.17 1 3
github.com/SkyPanel/SkyPanel/v3/internal/utils/mappings.go:6.17,8.3 1 0
github.com/SkyPanel/SkyPanel/v3/internal/utils/mappings.go:9.2,10.20 2 3
github.com/SkyPanel/SkyPanel/v3/internal/utils/mappings.go:10.20,12.3 1 1
github.com/SkyPanel/SkyPanel/v3/internal/utils/mappings.go:13.2,14.16 2 2
github.com/SkyPanel/SkyPanel/v3/internal/utils/mappings.go:14.16,16.3 1 0
github.com/SkyPanel/SkyPanel/v3/internal/utils/mappings.go:17.2,17.12 1 2
github.com/SkyPanel/SkyPanel/v3/internal/utils/mappings.go:20.82,21.17 1 4
github.com/SkyPanel/SkyPanel/v3/internal/utils/mappings.go:21.17,23.3 1 0
github.com/SkyPanel/SkyPanel/v3/internal/utils/mappings.go:24.2,25.20 2 4
github.com/SkyPanel/SkyPanel/v3/internal/utils/mappings.go:25.20,27.3 1 1
github.com/SkyPanel/SkyPanel/v3/internal/utils/mappings.go:28.2,29.16 2 3
github.com/SkyPanel/SkyPanel/v3/internal/utils/mappings.go:29.16,31.3 1 1
github.com/SkyPanel/SkyPanel/v3/internal/utils/mappings.go:32.2,32.12 1 2
github.com/SkyPanel/SkyPanel/v3/internal/utils/mappings.go:35.83,36.17 1 3
github.com/SkyPanel/SkyPanel/v3/internal/utils/mappings.go:36.17,38.3 1 0
github.com/SkyPanel/SkyPanel/v3/internal/utils/mappings.go:39.2,40.20 2 3
github.com/SkyPanel/SkyPanel/v3/internal/utils/mappings.go:40.20,42.3 1 1
github.com/SkyPanel/SkyPanel/v3/internal/utils/mappings.go:43.2,44.16 2 2
github.com/SkyPanel/SkyPanel/v3/internal/utils/mappings.go:44.16,46.3 1 1
github.com/SkyPanel/SkyPanel/v3/internal/utils/mappings.go:47.2,47.12 1 1
github.com/SkyPanel/SkyPanel/v3/internal/utils/mappings.go:50.82,51.17 1 3
github.com/SkyPanel/SkyPanel/v3/internal/utils/mappings.go:51.17,53.3 1 0
github.com/SkyPanel/SkyPanel/v3/internal/utils/mappings.go:54.2,55.20 2 3
github.com/SkyPanel/SkyPanel/v3/internal/utils/mappings.go:55.20,57.3 1 1
github.com/SkyPanel/SkyPanel/v3/internal/utils/mappings.go:58.2,59.16 2 2
github.com/SkyPanel/SkyPanel/v3/internal/utils/mappings.go:59.16,61.3 1 1
github.com/SkyPanel/SkyPanel/v3/internal/utils/mappings.go:62.2,62.12 1 1
github.com/SkyPanel/SkyPanel/v3/internal/utils/mappings.go:65.77,66.17 1 4
github.com/SkyPanel/SkyPanel/v3/internal/utils/mappings.go:66.17,68.3 1 0
github.com/SkyPanel/SkyPanel/v3/internal/utils/mappings.go:69.2,70.20 2 4
github.com/SkyPanel/SkyPanel/v3/internal/utils/mappings.go:70.20,72.3 1 1
github.com/SkyPanel/SkyPanel/v3/internal/utils/mappings.go:73.2,74.16 2 3
github.com/SkyPanel/SkyPanel/v3/internal/utils/mappings.go:74.16,76.3 1 0
github.com/SkyPanel/SkyPanel/v3/internal/utils/mappings.go:77.2,77.12 1 3
github.com/SkyPanel/SkyPanel/v3/internal/utils/utils.go:11.50,14.16 3 0
github.com/SkyPanel/SkyPanel/v3/internal/utils/utils.go:14.16,16.3 1 0
github.com/SkyPanel/SkyPanel/v3/internal/utils/utils.go:18.2,18.50 1 0
github.com/SkyPanel/SkyPanel/v3/internal/utils/utils.go:21.40,24.56 2 7
github.com/SkyPanel/SkyPanel/v3/internal/utils/utils.go:24.56,26.3 1 5
github.com/SkyPanel/SkyPanel/v3/internal/utils/utils.go:28.2,28.22 1 2
github.com/SkyPanel/SkyPanel/v3/internal/utils/utils.go:28.22,29.23 1 6
github.com/SkyPanel/SkyPanel/v3/internal/utils/utils.go:29.23,30.31 1 13
github.com/SkyPanel/SkyPanel/v3/internal/utils/utils.go:30.31,32.10 2 5
github.com/SkyPanel/SkyPanel/v3/internal/utils/utils.go:37.2,37.15 1 2
github.com/SkyPanel/SkyPanel/v3/internal/utils/utils.go:40.43,41.14 1 6
github.com/SkyPanel/SkyPanel/v3/internal/utils/utils.go:41.14,43.3 1 1
github.com/SkyPanel/SkyPanel/v3/internal/utils/utils.go:45.2,46.22 2 5
github.com/SkyPanel/SkyPanel/v3/internal/utils/utils.go:46.22,47.13 1 11
github.com/SkyPanel/SkyPanel/v3/internal/utils/utils.go:47.13,48.12 1 4
github.com/SkyPanel/SkyPanel/v3/internal/utils/utils.go:50.3,50.39 1 7
github.com/SkyPanel/SkyPanel/v3/internal/utils/utils.go:52.2,52.20 1 5
github.com/SkyPanel/SkyPanel/v3/internal/utils/utils.go:55.45,57.79 2 0
github.com/SkyPanel/SkyPanel/v3/internal/utils/utils.go:57.79,58.17 1 0
github.com/SkyPanel/SkyPanel/v3/internal/utils/utils.go:58.17,60.4 1 0
github.com/SkyPanel/SkyPanel/v3/internal/utils/utils.go:61.3,61.20 1 0
github.com/SkyPanel/SkyPanel/v3/internal/utils/utils.go:61.20,63.4 1 0
github.com/SkyPanel/SkyPanel/v3/internal/utils/utils.go:64.3,64.13 1 0
github.com/SkyPanel/SkyPanel/v3/internal/utils/utils.go:66.2,66.18 1 0
github.com/SkyPanel/SkyPanel/v3/internal/utils/wildcard.go:8.49,9.33 1 0
github.com/SkyPanel/SkyPanel/v3/internal/utils/wildcard.go:9.33,11.3 1 0
github.com/SkyPanel/SkyPanel/v3/internal/utils/wildcard.go:12.2,12.34 1 0
github.com/SkyPanel/SkyPanel/v3/internal/utils/wildcard.go:12.34,15.3 2 0
github.com/SkyPanel/SkyPanel/v3/internal/utils/wildcard.go:17.2,17.24 1 0
github.com/SkyPanel/SkyPanel/v3/internal/utils/wildcard.go:21.46,23.54 2 0
github.com/SkyPanel/SkyPanel/v3/internal/utils/wildcard.go:23.54,26.12 1 0
github.com/SkyPanel/SkyPanel/v3/internal/utils/wildcard.go:26.12,28.4 1 0
github.com/SkyPanel/SkyPanel/v3/internal/utils/wildcard.go:32.3,32.48 1 0
github.com/SkyPanel/SkyPanel/v3/internal/utils/wildcard.go:34.2,34.24 1 0
github.com/SkyPanel/SkyPanel/v3/internal/utils/wildcard.go:37.52,40.2 2 0
github.com/SkyPanel/SkyPanel/v3/internal/services/apikey.go:19.104,22.50 2 0
github.com/SkyPanel/SkyPanel/v3/internal/services/apikey.go:22.50,24.3 1 0
github.com/SkyPanel/SkyPanel/v3/internal/services/apikey.go:27.2,44.16 9 0
github.com/SkyPanel/SkyPanel/v3/internal/services/apikey.go:44.16,46.3 1 0
github.com/SkyPanel/SkyPanel/v3/internal/services/apikey.go:48.2,48.27 1 0
github.com/SkyPanel/SkyPanel/v3/internal/services/apikey.go:52.75,54.41 2 0
github.com/SkyPanel/SkyPanel/v3/internal/services/apikey.go:54.41,56.3 1 0
github.com/SkyPanel/SkyPanel/v3/internal/services/apikey.go:57.2,65.16 7 0
github.com/SkyPanel/SkyPanel/v3/internal/services/apikey.go:65.16,66.45 1 0
github.com/SkyPanel/SkyPanel/v3/internal/services/apikey.go:66.45,68.4 1 0
github.com/SkyPanel/SkyPanel/v3/internal/services/apikey.go:69.3,69.18 1 0
github.com/SkyPanel/SkyPanel/v3/internal/services/apikey.go:72.2,72.21 1 0
github.com/SkyPanel/SkyPanel/v3/internal/services/apikey.go:75.60,79.2 3 0
github.com/SkyPanel/SkyPanel/v3/internal/services/apikey.go:81.47,83.2 1 0
github.com/SkyPanel/SkyPanel/v3/internal/services/backup.go:13.78,17.2 3 0
github.com/SkyPanel/SkyPanel/v3/internal/services/backup.go:19.73,23.2 3 0
github.com/SkyPanel/SkyPanel/v3/internal/services/backup.go:25.54,27.2 1 0
github.com/SkyPanel/SkyPanel/v3/internal/services/backup.go:29.54,31.2 1 0
github.com/SkyPanel/SkyPanel/v3/internal/services/backup.go:33.41,37.2 1 0
github.com/SkyPanel/SkyPanel/v3/internal/services/database.go:24.82,29.22 3 0
github.com/SkyPanel/SkyPanel/v3/internal/services/database.go:29.22,31.3 1 0
github.com/SkyPanel/SkyPanel/v3/internal/services/database.go:33.2,33.23 1 0
github.com/SkyPanel/SkyPanel/v3/internal/services/database.go:36.60,41.2 3 0
github.com/SkyPanel/SkyPanel/v3/internal/services/database.go:43.43,45.16 2 0
github.com/SkyPanel/SkyPanel/v3/internal/services/database.go:45.16,47.3 1 0
github.com/SkyPanel/SkyPanel/v3/internal/services/database.go:50.2,51.16 2 0
github.com/SkyPanel/SkyPanel/v3/internal/services/database.go:51.16,53.3 1 0
github.com/SkyPanel/SkyPanel/v3/internal/services/database.go:56.2,57.18 2 0
github.com/SkyPanel/SkyPanel/v3/internal/services/database.go:60.61,64.16 3 0
github.com/SkyPanel/SkyPanel/v3/internal/services/database.go:64.16,66.3 1 0
github.com/SkyPanel/SkyPanel/v3/internal/services/database.go:69.2,75.16 5 0
github.com/SkyPanel/SkyPanel/v3/internal/services/database.go:75.16,77.3 1 0
github.com/SkyPanel/SkyPanel/v3/internal/services/database.go:80.2,81.18 2 0
github.com/SkyPanel/SkyPanel/v3/internal/services/database.go:84.95,85.157 1 0
github.com/SkyPanel/SkyPanel/v3/internal/services/database.go:85.157,87.3 1 0
github.com/SkyPanel/SkyPanel/v3/internal/services/database.go:90.2,99.16 9 0
github.com/SkyPanel/SkyPanel/v3/internal/services/database.go:99.16,101.3 1 0
github.com/SkyPanel/SkyPanel/v3/internal/services/database.go:102.2,106.16 3 0
github.com/SkyPanel/SkyPanel/v3/internal/services/database.go:106.16,108.3 1 0
github.com/SkyPanel/SkyPanel/v3/internal/services/database.go:111.2,112.16 2 0
github.com/SkyPanel/SkyPanel/v3/internal/services/database.go:112.16,114.3 1 0
github.com/SkyPanel/SkyPanel/v3/internal/services/database.go:117.2,118.16 2 0
github.com/SkyPanel/SkyPanel/v3/internal/services/database.go:118.16,120.3 1 0
github.com/SkyPanel/SkyPanel/v3/internal/services/database.go:123.2,124.16 2 0
github.com/SkyPanel/SkyPanel/v3/internal/services/database.go:124.16,126.3 1 0
github.com/SkyPanel/SkyPanel/v3/internal/services/database.go:129.2,130.16 2 0
github.com/SkyPanel/SkyPanel/v3/internal/services/database.go:130.16,132.3 1 0
github.com/SkyPanel/SkyPanel/v3/internal/services/database.go:134.2,134.12 1 0
github.com/SkyPanel/SkyPanel/v3/internal/services/database.go:137.70,138.108 1 0
github.com/SkyPanel/SkyPanel/v3/internal/services/database.go:138.108,140.3 1 0
github.com/SkyPanel/SkyPanel/v3/internal/services/database.go:143.2,145.16 3 0
github.com/SkyPanel/SkyPanel/v3/internal/services/database.go:145.16,147.3 1 0
github.com/SkyPanel/SkyPanel/v3/internal/services/database.go:150.2,157.16 7 0
github.com/SkyPanel/SkyPanel/v3/internal/services/database.go:157.16,159.3 1 0
github.com/SkyPanel/SkyPanel/v3/internal/services/database.go:160.2,164.16 3 0
github.com/SkyPanel/SkyPanel/v3/internal/services/database.go:164.16,166.3 1 0
github.com/SkyPanel/SkyPanel/v3/internal/services/database.go:169.2,170.16 2 0
github.com/SkyPanel/SkyPanel/v3/internal/services/database.go:170.16,172.3 1 0
github.com/SkyPanel/SkyPanel/v3/internal/services/database.go:175.2,176.16 2 0
github.com/SkyPanel/SkyPanel/v3/internal/services/database.go:176.16,178.3 1 0
github.com/SkyPanel/SkyPanel/v3/internal/services/database.go:180.2,180.12 1 0
github.com/SkyPanel/SkyPanel/v3/internal/services/database.go:183.38,186.19 3 0
github.com/SkyPanel/SkyPanel/v3/internal/services/database.go:186.19,189.3 2 0
github.com/SkyPanel/SkyPanel/v3/internal/services/database.go:190.2,190.26 1 0
github.com/SkyPanel/SkyPanel/v3/internal/services/database.go:193.38,196.19 3 0
github.com/SkyPanel/SkyPanel/v3/internal/services/database.go:196.19,199.3 2 0
github.com/SkyPanel/SkyPanel/v3/internal/services/database.go:200.2,200.18 1 0
github.com/SkyPanel/SkyPanel/v3/internal/services/databasehost.go:12.67,17.22 3 0
github.com/SkyPanel/SkyPanel/v3/internal/services/databasehost.go:17.22,19.3 1 0
github.com/SkyPanel/SkyPanel/v3/internal/services/databasehost.go:21.2,21.19 1 0
github.com/SkyPanel/SkyPanel/v3/internal/services/databasehost.go:24.69,29.2 3 0
github.com/SkyPanel/SkyPanel/v3/internal/services/databasehost.go:31.67,34.2 2 0
github.com/SkyPanel/SkyPanel/v3/internal/services/databasehost.go:36.48,43.2 3 0
github.com/SkyPanel/SkyPanel/v3/internal/services/databasehost.go:45.66,48.2 2 0
github.com/SkyPanel/SkyPanel/v3/internal/services/discord.go:44.42,45.35 1 1
github.com/SkyPanel/SkyPanel/v3/internal/services/discord.go:45.35,47.3 1 1
github.com/SkyPanel/SkyPanel/v3/internal/services/discord.go:48.2,48.31 1 1
github.com/SkyPanel/SkyPanel/v3/internal/services/discord.go:51.111,53.2 1 0
github.com/SkyPanel/SkyPanel/v3/internal/services/discord.go:56.128,57.22 1 1
github.com/SkyPanel/SkyPanel/v3/internal/services/discord.go:57.22,59.3 1 0
github.com/SkyPanel/SkyPanel/v3/internal/services/discord.go:61.2,74.16 4 1
github.com/SkyPanel/SkyPanel/v3/internal/services/discord.go:74.16,77.3 2 0
github.com/SkyPanel/SkyPanel/v3/internal/services/discord.go:79.2,80.16 2 1
github.com/SkyPanel/SkyPanel/v3/internal/services/discord.go:80.16,83.3 2 0
github.com/SkyPanel/SkyPanel/v3/internal/services/discord.go:85.2,92.16 4 1
github.com/SkyPanel/SkyPanel/v3/internal/services/discord.go:92.16,95.3 2 0
github.com/SkyPanel/SkyPanel/v3/internal/services/discord.go:96.2,96.15 1 1
github.com/SkyPanel/SkyPanel/v3/internal/services/discord.go:96.15,97.23 1 1
github.com/SkyPanel/SkyPanel/v3/internal/services/discord.go:97.23,100.4 2 1
github.com/SkyPanel/SkyPanel/v3/internal/services/discord.go:103.2,103.53 1 1
github.com/SkyPanel/SkyPanel/v3/internal/services/discord.go:103.53,107.3 3 0
github.com/SkyPanel/SkyPanel/v3/internal/services/discord.go:109.2,109.12 1 1
github.com/SkyPanel/SkyPanel/v3/internal/services/discord.go:113.98,115.2 1 0
github.com/SkyPanel/SkyPanel/v3/internal/services/discord.go:118.85,125.2 2 0
github.com/SkyPanel/SkyPanel/v3/internal/services/discord.go:128.84,135.2 2 0
github.com/SkyPanel/SkyPanel/v3/internal/services/discord.go:138.127,151.2 4 0
github.com/SkyPanel/SkyPanel/v3/internal/services/discord.go:154.102,164.15 4 0
github.com/SkyPanel/SkyPanel/v3/internal/services/discord.go:164.15,168.3 3 0
github.com/SkyPanel/SkyPanel/v3/internal/services/discord.go:168.8,172.3 3 0
github.com/SkyPanel/SkyPanel/v3/internal/services/discord.go:174.2,174.58 1 0
github.com/SkyPanel/SkyPanel/v3/internal/services/discord.go:178.72,180.22 2 0
github.com/SkyPanel/SkyPanel/v3/internal/services/discord.go:180.22,182.3 1 0
github.com/SkyPanel/SkyPanel/v3/internal/services/discord.go:184.2,184.23 1 0
github.com/SkyPanel/SkyPanel/v3/internal/services/discord.go:184.23,186.3 1 0
github.com/SkyPanel/SkyPanel/v3/internal/services/discord.go:189.2,196.28 7 0
github.com/SkyPanel/SkyPanel/v3/internal/services/discord.go:196.28,197.18 1 0
github.com/SkyPanel/SkyPanel/v3/internal/services/discord.go:197.18,202.4 4 0
github.com/SkyPanel/SkyPanel/v3/internal/services/discord.go:202.9,204.4 1 0
github.com/SkyPanel/SkyPanel/v3/internal/services/discord.go:207.2,209.21 3 0
github.com/SkyPanel/SkyPanel/v3/internal/services/discord.go:209.21,212.3 2 0
github.com/SkyPanel/SkyPanel/v3/internal/services/discord.go:215.2,218.21 3 0
github.com/SkyPanel/SkyPanel/v3/internal/services/discord.go:218.21,222.3 3 0
github.com/SkyPanel/SkyPanel/v3/internal/services/discord.go:225.2,227.31 3 0
github.com/SkyPanel/SkyPanel/v3/internal/services/discord.go:227.31,229.3 1 0
github.com/SkyPanel/SkyPanel/v3/internal/services/discord.go:231.2,232.37 2 0
github.com/SkyPanel/SkyPanel/v3/internal/services/discord.go:232.37,236.18 3 0
github.com/SkyPanel/SkyPanel/v3/internal/services/discord.go:236.18,238.4 1 0
github.com/SkyPanel/SkyPanel/v3/internal/services/discord.go:240.3,241.30 2 0
github.com/SkyPanel/SkyPanel/v3/internal/services/discord.go:241.30,243.4 1 0
github.com/SkyPanel/SkyPanel/v3/internal/services/discord.go:245.3,246.18 2 0
github.com/SkyPanel/SkyPanel/v3/internal/services/discord.go:246.18,248.4 1 0
github.com/SkyPanel/SkyPanel/v3/internal/services/discord.go:250.3,260.5 2 0
github.com/SkyPanel/SkyPanel/v3/internal/services/discord.go:263.2,263.30 1 0
github.com/SkyPanel/SkyPanel/v3/internal/services/discord.go:263.30,268.3 1 0
github.com/SkyPanel/SkyPanel/v3/internal/services/discord.go:270.2,288.16 5 0
github.com/SkyPanel/SkyPanel/v3/internal/services/discord.go:288.16,291.3 2 0
github.com/SkyPanel/SkyPanel/v3/internal/services/discord.go:293.2,294.16 2 0
github.com/SkyPanel/SkyPanel/v3/internal/services/discord.go:294.16,297.3 2 0
github.com/SkyPanel/SkyPanel/v3/internal/services/discord.go:299.2,306.16 4 0
github.com/SkyPanel/SkyPanel/v3/internal/services/discord.go:306.16,309.3 2 0
github.com/SkyPanel/SkyPanel/v3/internal/services/discord.go:310.2,310.15 1 0
github.com/SkyPanel/SkyPanel/v3/internal/services/discord.go:310.15,311.23 1 0
github.com/SkyPanel/SkyPanel/v3/internal/services/discord.go:311.23,314.4 2 0
github.com/SkyPanel/SkyPanel/v3/internal/services/discord.go:317.2,317.53 1 0
github.com/SkyPanel/SkyPanel/v3/internal/services/discord.go:317.53,321.3 3 0
github.com/SkyPanel/SkyPanel/v3/internal/services/discord.go:323.2,323.12 1 0
github.com/SkyPanel/SkyPanel/v3/internal/services/discord.go:336.39,338.18 2 0
github.com/SkyPanel/SkyPanel/v3/internal/services/discord.go:338.18,340.3 1 0
github.com/SkyPanel/SkyPanel/v3/internal/services/discord.go:341.2,342.46 2 0
github.com/SkyPanel/SkyPanel/v3/internal/services/discord.go:342.46,345.3 2 0
github.com/SkyPanel/SkyPanel/v3/internal/services/discord.go:346.2,346.76 1 0
github.com/SkyPanel/SkyPanel/v3/internal/services/discord.go:350.263,352.22 2 0
github.com/SkyPanel/SkyPanel/v3/internal/services/discord.go:352.22,354.3 1 0
github.com/SkyPanel/SkyPanel/v3/internal/services/discord.go:356.2,356.20 1 0
github.com/SkyPanel/SkyPanel/v3/internal/services/discord.go:356.20,358.3 1 0
github.com/SkyPanel/SkyPanel/v3/internal/services/discord.go:360.2,361.22 2 0
github.com/SkyPanel/SkyPanel/v3/internal/services/discord.go:361.22,362.21 1 0
github.com/SkyPanel/SkyPanel/v3/internal/services/discord.go:362.21,364.4 1 0
github.com/SkyPanel/SkyPanel/v3/internal/services/discord.go:364.9,366.4 1 0
github.com/SkyPanel/SkyPanel/v3/internal/services/discord.go:368.2,378.22 4 0
github.com/SkyPanel/SkyPanel/v3/internal/services/discord.go:378.22,379.21 1 0
github.com/SkyPanel/SkyPanel/v3/internal/services/discord.go:379.21,381.4 1 0
github.com/SkyPanel/SkyPanel/v3/internal/services/discord.go:381.9,383.4 1 0
github.com/SkyPanel/SkyPanel/v3/internal/services/discord.go:387.2,387.31 1 0
github.com/SkyPanel/SkyPanel/v3/internal/services/discord.go:387.31,389.3 1 0
github.com/SkyPanel/SkyPanel/v3/internal/services/discord.go:390.2,390.18 1 0
github.com/SkyPanel/SkyPanel/v3/internal/services/discord.go:390.18,392.3 1 0
github.com/SkyPanel/SkyPanel/v3/internal/services/discord.go:393.2,393.20 1 0
github.com/SkyPanel/SkyPanel/v3/internal/services/discord.go:393.20,395.3 1 0
github.com/SkyPanel/SkyPanel/v3/internal/services/discord.go:396.2,396.16 1 0
github.com/SkyPanel/SkyPanel/v3/internal/services/discord.go:396.16,398.3 1 0
github.com/SkyPanel/SkyPanel/v3/internal/services/discord.go:401.2,401.18 1 0
github.com/SkyPanel/SkyPanel/v3/internal/services/discord.go:401.18,406.3 4 0
github.com/SkyPanel/SkyPanel/v3/internal/services/discord.go:409.2,409.18 1 0
github.com/SkyPanel/SkyPanel/v3/internal/services/discord.go:409.18,411.3 1 0
github.com/SkyPanel/SkyPanel/v3/internal/services/discord.go:413.2,414.58 2 0
github.com/SkyPanel/SkyPanel/v3/internal/services/discord.go:414.58,416.3 1 0
github.com/SkyPanel/SkyPanel/v3/internal/services/discord.go:416.8,416.31 1 0
github.com/SkyPanel/SkyPanel/v3/internal/services/discord.go:416.31,418.3 1 0
github.com/SkyPanel/SkyPanel/v3/internal/services/discord.go:420.2,420.95 1 0
github.com/SkyPanel/SkyPanel/v3/internal/services/email.go:39.25,43.46 3 0
github.com/SkyPanel/SkyPanel/v3/internal/services/email.go:43.46,45.3 1 0
github.com/SkyPanel/SkyPanel/v3/internal/services/email.go:45.8,47.3 1 0
github.com/SkyPanel/SkyPanel/v3/internal/services/email.go:49.2,50.16 2 0
github.com/SkyPanel/SkyPanel/v3/internal/services/email.go:50.16,51.13 1 0
github.com/SkyPanel/SkyPanel/v3/internal/services/email.go:53.2,57.16 4 0
github.com/SkyPanel/SkyPanel/v3/internal/services/email.go:57.16,58.21 1 0
github.com/SkyPanel/SkyPanel/v3/internal/services/email.go:61.2,61.42 1 0
github.com/SkyPanel/SkyPanel/v3/internal/services/email.go:61.42,63.17 2 0
github.com/SkyPanel/SkyPanel/v3/internal/services/email.go:63.17,64.98 1 0
github.com/SkyPanel/SkyPanel/v3/internal/services/email.go:67.3,68.17 2 0
github.com/SkyPanel/SkyPanel/v3/internal/services/email.go:68.17,69.98 1 0
github.com/SkyPanel/SkyPanel/v3/internal/services/email.go:72.3,73.17 2 0
github.com/SkyPanel/SkyPanel/v3/internal/services/email.go:73.17,74.95 1 0
github.com/SkyPanel/SkyPanel/v3/internal/services/email.go:77.3,80.4 1 0
github.com/SkyPanel/SkyPanel/v3/internal/services/email.go:83.2,84.46 2 0
github.com/SkyPanel/SkyPanel/v3/internal/services/email.go:84.46,86.3 1 0
github.com/SkyPanel/SkyPanel/v3/internal/services/email.go:89.37,91.2 1 0
github.com/SkyPanel/SkyPanel/v3/internal/services/email.go:93.109,95.20 2 0
github.com/SkyPanel/SkyPanel/v3/internal/services/email.go:95.20,97.3 1 0
github.com/SkyPanel/SkyPanel/v3/internal/services/email.go:99.2,101.17 2 0
github.com/SkyPanel/SkyPanel/v3/internal/services/email.go:101.17,103.3 1 0
github.com/SkyPanel/SkyPanel/v3/internal/services/email.go:105.2,105.17 1 0
github.com/SkyPanel/SkyPanel/v3/internal/services/email.go:105.17,107.3 1 0
github.com/SkyPanel/SkyPanel/v3/internal/services/email.go:109.2,114.16 5 0
github.com/SkyPanel/SkyPanel/v3/internal/services/email.go:114.16,116.3 1 0
github.com/SkyPanel/SkyPanel/v3/internal/services/email.go:118.2,120.16 3 0
github.com/SkyPanel/SkyPanel/v3/internal/services/email.go:120.16,122.3 1 0
github.com/SkyPanel/SkyPanel/v3/internal/services/email.go:124.2,127.16 3 0
github.com/SkyPanel/SkyPanel/v3/internal/services/email.go:127.16,129.3 1 0
github.com/SkyPanel/SkyPanel/v3/internal/services/email.go:131.2,131.11 1 0
github.com/SkyPanel/SkyPanel/v3/internal/services/email.go:131.11,132.71 1 0
github.com/SkyPanel/SkyPanel/v3/internal/services/email.go:132.71,134.18 2 0
github.com/SkyPanel/SkyPanel/v3/internal/services/email.go:134.18,136.5 1 0
github.com/SkyPanel/SkyPanel/v3/internal/services/email.go:138.3,138.13 1 0
github.com/SkyPanel/SkyPanel/v3/internal/services/email.go:141.2,141.68 1 0
github.com/SkyPanel/SkyPanel/v3/internal/services/license.go:66.42,72.2 1 0
github.com/SkyPanel/SkyPanel/v3/internal/services/license.go:75.92,79.16 3 0
github.com/SkyPanel/SkyPanel/v3/internal/services/license.go:79.16,81.3 1 0
github.com/SkyPanel/SkyPanel/v3/internal/services/license.go:83.2,87.16 4 0
github.com/SkyPanel/SkyPanel/v3/internal/services/license.go:87.16,89.3 1 0
github.com/SkyPanel/SkyPanel/v3/internal/services/license.go:90.2,93.16 3 0
github.com/SkyPanel/SkyPanel/v3/internal/services/license.go:93.16,95.3 1 0
github.com/SkyPanel/SkyPanel/v3/internal/services/license.go:97.2,97.38 1 0
github.com/SkyPanel/SkyPanel/v3/internal/services/license.go:97.38,99.3 1 0
github.com/SkyPanel/SkyPanel/v3/internal/services/license.go:101.2,102.59 2 0
github.com/SkyPanel/SkyPanel/v3/internal/services/license.go:102.59,104.3 1 0
github.com/SkyPanel/SkyPanel/v3/internal/services/license.go:106.2,106.26 1 0
github.com/SkyPanel/SkyPanel/v3/internal/services/license.go:110.108,120.16 4 0
github.com/SkyPanel/SkyPanel/v3/internal/services/license.go:120.16,122.3 1 0
github.com/SkyPanel/SkyPanel/v3/internal/services/license.go:124.2,125.16 2 0
github.com/SkyPanel/SkyPanel/v3/internal/services/license.go:125.16,127.3 1 0
github.com/SkyPanel/SkyPanel/v3/internal/services/license.go:129.2,133.16 4 0
github.com/SkyPanel/SkyPanel/v3/internal/services/license.go:133.16,135.3 1 0
github.com/SkyPanel/SkyPanel/v3/internal/services/license.go:136.2,139.16 3 0
github.com/SkyPanel/SkyPanel/v3/internal/services/license.go:139.16,141.3 1 0
github.com/SkyPanel/SkyPanel/v3/internal/services/license.go:143.2,143.79 1 0
github.com/SkyPanel/SkyPanel/v3/internal/services/license.go:143.79,145.3 1 0
github.com/SkyPanel/SkyPanel/v3/internal/services/license.go:147.2,148.56 2 0
github.com/SkyPanel/SkyPanel/v3/internal/services/license.go:148.56,150.80 1 0
github.com/SkyPanel/SkyPanel/v3/internal/services/license.go:150.80,152.4 1 0
github.com/SkyPanel/SkyPanel/v3/internal/services/license.go:153.3,153.65 1 0
github.com/SkyPanel/SkyPanel/v3/internal/services/license.go:156.2,156.23 1 0
github.com/SkyPanel/SkyPanel/v3/internal/services/license.go:161.101,169.2 2 0
github.com/SkyPanel/SkyPanel/v3/internal/services/license.go:172.84,173.23 1 0
github.com/SkyPanel/SkyPanel/v3/internal/services/license.go:173.23,175.3 1 0
github.com/SkyPanel/SkyPanel/v3/internal/services/license.go:177.2,178.14 2 0
github.com/SkyPanel/SkyPanel/v3/internal/services/license.go:179.18,180.16 1 0
github.com/SkyPanel/SkyPanel/v3/internal/services/license.go:181.22,182.15 1 0
github.com/SkyPanel/SkyPanel/v3/internal/services/license.go:183.20,184.22 1 0
github.com/SkyPanel/SkyPanel/v3/internal/services/license.go:185.10,187.15 1 0
github.com/SkyPanel/SkyPanel/v3/internal/services/license.go:193.42,194.35 1 0
github.com/SkyPanel/SkyPanel/v3/internal/services/license.go:194.35,196.3 1 0
github.com/SkyPanel/SkyPanel/v3/internal/services/license.go:197.2,197.31 1 0
github.com/SkyPanel/SkyPanel/v3/internal/services/node.go:24.42,26.3 1 0
github.com/SkyPanel/SkyPanel/v3/internal/services/node.go:29.13,31.2 1 1
github.com/SkyPanel/SkyPanel/v3/internal/services/node.go:33.25,39.27 5 1
github.com/SkyPanel/SkyPanel/v3/internal/services/node.go:39.27,41.17 2 1
github.com/SkyPanel/SkyPanel/v3/internal/services/node.go:41.17,44.4 2 1
github.com/SkyPanel/SkyPanel/v3/internal/services/node.go:45.8,47.62 1 0
github.com/SkyPanel/SkyPanel/v3/internal/services/node.go:47.62,50.4 2 0
github.com/SkyPanel/SkyPanel/v3/internal/services/node.go:50.9,53.4 2 0
github.com/SkyPanel/SkyPanel/v3/internal/services/node.go:56.2,59.25 3 1
github.com/SkyPanel/SkyPanel/v3/internal/services/node.go:59.25,61.17 2 1
github.com/SkyPanel/SkyPanel/v3/internal/services/node.go:61.17,63.4 1 1
github.com/SkyPanel/SkyPanel/v3/internal/services/node.go:71.50,76.22 3 0
github.com/SkyPanel/SkyPanel/v3/internal/services/node.go:76.22,78.3 1 0
github.com/SkyPanel/SkyPanel/v3/internal/services/node.go:80.2,80.33 1 0
github.com/SkyPanel/SkyPanel/v3/internal/services/node.go:80.33,83.125 2 0
github.com/SkyPanel/SkyPanel/v3/internal/services/node.go:83.125,86.4 2 0
github.com/SkyPanel/SkyPanel/v3/internal/services/node.go:87.3,87.42 1 0
github.com/SkyPanel/SkyPanel/v3/internal/services/node.go:90.2,90.19 1 0
github.com/SkyPanel/SkyPanel/v3/internal/services/node.go:93.52,96.62 2 0
github.com/SkyPanel/SkyPanel/v3/internal/services/node.go:96.62,98.125 2 0
github.com/SkyPanel/SkyPanel/v3/internal/services/node.go:98.125,101.4 2 0
github.com/SkyPanel/SkyPanel/v3/internal/services/node.go:102.3,102.31 1 0
github.com/SkyPanel/SkyPanel/v3/internal/services/node.go:105.2,106.25 2 0
github.com/SkyPanel/SkyPanel/v3/internal/services/node.go:109.50,110.68 1 0
github.com/SkyPanel/SkyPanel/v3/internal/services/node.go:110.68,112.3 1 0
github.com/SkyPanel/SkyPanel/v3/internal/services/node.go:114.2,115.18 2 0
github.com/SkyPanel/SkyPanel/v3/internal/services/node.go:118.39,119.62 1 0
github.com/SkyPanel/SkyPanel/v3/internal/services/node.go:119.62,121.3 1 0
github.com/SkyPanel/SkyPanel/v3/internal/services/node.go:123.2,129.15 4 0
github.com/SkyPanel/SkyPanel/v3/internal/services/node.go:129.15,131.3 1 0
github.com/SkyPanel/SkyPanel/v3/internal/services/node.go:133.2,134.18 2 0
github.com/SkyPanel/SkyPanel/v3/internal/services/node.go:137.49,140.2 2 0
github.com/SkyPanel/SkyPanel/v3/internal/services/node.go:142.138,146.20 3 0
github.com/SkyPanel/SkyPanel/v3/internal/services/node.go:146.20,148.3 1 0
github.com/SkyPanel/SkyPanel/v3/internal/services/node.go:148.8,150.17 2 0
github.com/SkyPanel/SkyPanel/v3/internal/services/node.go:150.17,152.4 1 0
github.com/SkyPanel/SkyPanel/v3/internal/services/node.go:155.2,156.16 2 0
github.com/SkyPanel/SkyPanel/v3/internal/services/node.go:156.16,158.3 1 0
github.com/SkyPanel/SkyPanel/v3/internal/services/node.go:160.2,166.36 2 0
github.com/SkyPanel/SkyPanel/v3/internal/services/node.go:166.36,168.3 1 0
github.com/SkyPanel/SkyPanel/v3/internal/services/node.go:170.2,171.16 2 0
github.com/SkyPanel/SkyPanel/v3/internal/services/node.go:171.16,173.3 1 0
github.com/SkyPanel/SkyPanel/v3/internal/services/node.go:176.2,177.16 2 0
github.com/SkyPanel/SkyPanel/v3/internal/services/node.go:177.16,179.3 1 0
github.com/SkyPanel/SkyPanel/v3/internal/services/node.go:181.2,181.27 1 0
github.com/SkyPanel/SkyPanel/v3/internal/services/node.go:181.27,183.3 1 0
github.com/SkyPanel/SkyPanel/v3/internal/services/node.go:184.2,186.20 2 0
github.com/SkyPanel/SkyPanel/v3/internal/services/node.go:186.20,191.3 4 0
github.com/SkyPanel/SkyPanel/v3/internal/services/node.go:193.2,194.22 2 0
github.com/SkyPanel/SkyPanel/v3/internal/services/node.go:197.117,199.16 2 0
github.com/SkyPanel/SkyPanel/v3/internal/services/node.go:199.16,201.3 1 0
github.com/SkyPanel/SkyPanel/v3/internal/services/node.go:203.2,204.16 2 0
github.com/SkyPanel/SkyPanel/v3/internal/services/node.go:204.16,206.3 1 0
github.com/SkyPanel/SkyPanel/v3/internal/services/node.go:208.2,209.9 2 0
github.com/SkyPanel/SkyPanel/v3/internal/services/node.go:209.9,211.3 1 0
github.com/SkyPanel/SkyPanel/v3/internal/services/node.go:212.2,218.16 5 0
github.com/SkyPanel/SkyPanel/v3/internal/services/node.go:218.16,220.3 1 0
github.com/SkyPanel/SkyPanel/v3/internal/services/node.go:221.2,222.16 2 0
github.com/SkyPanel/SkyPanel/v3/internal/services/node.go:222.16,224.3 1 0
github.com/SkyPanel/SkyPanel/v3/internal/services/node.go:226.2,230.16 4 0
github.com/SkyPanel/SkyPanel/v3/internal/services/node.go:230.16,234.3 2 0
github.com/SkyPanel/SkyPanel/v3/internal/services/node.go:236.2,236.58 1 0
github.com/SkyPanel/SkyPanel/v3/internal/services/node.go:236.58,237.16 1 0
github.com/SkyPanel/SkyPanel/v3/internal/services/node.go:237.16,240.4 2 0
github.com/SkyPanel/SkyPanel/v3/internal/services/node.go:242.3,247.17 4 0
github.com/SkyPanel/SkyPanel/v3/internal/services/node.go:247.17,249.4 1 0
github.com/SkyPanel/SkyPanel/v3/internal/services/node.go:252.2,252.12 1 0
github.com/SkyPanel/SkyPanel/v3/internal/services/node.go:255.56,256.20 1 0
github.com/SkyPanel/SkyPanel/v3/internal/services/node.go:256.20,258.3 1 0
github.com/SkyPanel/SkyPanel/v3/internal/services/node.go:260.2,264.16 3 0
github.com/SkyPanel/SkyPanel/v3/internal/services/node.go:264.16,266.3 1 0
github.com/SkyPanel/SkyPanel/v3/internal/services/node.go:268.2,271.16 3 0
github.com/SkyPanel/SkyPanel/v3/internal/services/node.go:271.16,273.17 2 0
github.com/SkyPanel/SkyPanel/v3/internal/services/node.go:273.17,275.4 1 0
github.com/SkyPanel/SkyPanel/v3/internal/services/node.go:277.3,279.20 3 0
github.com/SkyPanel/SkyPanel/v3/internal/services/node.go:282.2,282.18 1 0
github.com/SkyPanel/SkyPanel/v3/internal/services/node.go:285.68,287.16 2 0
github.com/SkyPanel/SkyPanel/v3/internal/services/node.go:287.16,289.3 1 0
github.com/SkyPanel/SkyPanel/v3/internal/services/node.go:291.2,295.9 4 0
github.com/SkyPanel/SkyPanel/v3/internal/services/node.go:295.9,297.3 1 0
github.com/SkyPanel/SkyPanel/v3/internal/services/node.go:299.2,299.94 1 0
github.com/SkyPanel/SkyPanel/v3/internal/services/node.go:302.61,303.6 1 0
github.com/SkyPanel/SkyPanel/v3/internal/services/node.go:303.6,306.17 2 0
github.com/SkyPanel/SkyPanel/v3/internal/services/node.go:306.17,309.4 2 0
github.com/SkyPanel/SkyPanel/v3/internal/services/node.go:310.3,311.17 2 0
github.com/SkyPanel/SkyPanel/v3/internal/services/node.go:311.17,314.4 2 0
github.com/SkyPanel/SkyPanel/v3/internal/services/oauth2.go:13.63,19.2 3 0
github.com/SkyPanel/SkyPanel/v3/internal/services/oauth2.go:22.68,29.2 4 0
github.com/SkyPanel/SkyPanel/v3/internal/services/oauth2.go:31.55,33.2 1 0
github.com/SkyPanel/SkyPanel/v3/internal/services/oauth2.go:35.55,37.2 1 0
github.com/SkyPanel/SkyPanel/v3/internal/services/oauth2.go:39.48,44.2 2 0
github.com/SkyPanel/SkyPanel/v3/internal/services/permission.go:15.74,24.2 4 0
github.com/SkyPanel/SkyPanel/v3/internal/services/permission.go:26.84,35.2 4 0
github.com/SkyPanel/SkyPanel/v3/internal/services/permission.go:37.102,40.20 2 0
github.com/SkyPanel/SkyPanel/v3/internal/services/permission.go:40.20,42.3 1 0
github.com/SkyPanel/SkyPanel/v3/internal/services/permission.go:44.2,54.58 3 0
github.com/SkyPanel/SkyPanel/v3/internal/services/permission.go:54.58,56.3 1 0
github.com/SkyPanel/SkyPanel/v3/internal/services/permission.go:58.2,58.25 1 0
github.com/SkyPanel/SkyPanel/v3/internal/services/permission.go:61.107,64.20 2 0
github.com/SkyPanel/SkyPanel/v3/internal/services/permission.go:64.20,72.3 1 0
github.com/SkyPanel/SkyPanel/v3/internal/services/permission.go:72.8,77.3 1 0
github.com/SkyPanel/SkyPanel/v3/internal/services/permission.go:79.2,82.16 3 0
github.com/SkyPanel/SkyPanel/v3/internal/services/permission.go:82.16,83.45 1 0
github.com/SkyPanel/SkyPanel/v3/internal/services/permission.go:83.45,85.4 1 0
github.com/SkyPanel/SkyPanel/v3/internal/services/permission.go:86.3,86.20 1 0
github.com/SkyPanel/SkyPanel/v3/internal/services/permission.go:89.2,89.29 1 0
github.com/SkyPanel/SkyPanel/v3/internal/services/permission.go:89.29,90.52 1 0
github.com/SkyPanel/SkyPanel/v3/internal/services/permission.go:90.52,92.4 1 0
github.com/SkyPanel/SkyPanel/v3/internal/services/permission.go:95.2,95.19 1 0
github.com/SkyPanel/SkyPanel/v3/internal/services/permission.go:98.76,107.2 4 0
github.com/SkyPanel/SkyPanel/v3/internal/services/permission.go:109.101,118.2 3 0
github.com/SkyPanel/SkyPanel/v3/internal/services/permission.go:120.74,130.2 1 0
github.com/SkyPanel/SkyPanel/v3/internal/services/permission.go:132.63,136.2 1 0
github.com/SkyPanel/SkyPanel/v3/internal/services/role.go:15.52,20.16 3 0
github.com/SkyPanel/SkyPanel/v3/internal/services/role.go:20.16,22.3 1 0
github.com/SkyPanel/SkyPanel/v3/internal/services/role.go:23.2,23.18 1 0
github.com/SkyPanel/SkyPanel/v3/internal/services/role.go:26.48,30.2 3 0
github.com/SkyPanel/SkyPanel/v3/internal/services/role.go:32.49,34.2 1 0
github.com/SkyPanel/SkyPanel/v3/internal/services/role.go:36.49,38.2 1 0
github.com/SkyPanel/SkyPanel/v3/internal/services/role.go:40.39,43.16 2 0
github.com/SkyPanel/SkyPanel/v3/internal/services/role.go:43.16,45.3 1 0
github.com/SkyPanel/SkyPanel/v3/internal/services/role.go:46.2,46.26 1 0
github.com/SkyPanel/SkyPanel/v3/internal/services/role.go:46.26,48.3 1 0
github.com/SkyPanel/SkyPanel/v3/internal/services/role.go:49.2,49.60 1 0
github.com/SkyPanel/SkyPanel/v3/internal/services/role.go:49.60,51.3 1 0
github.com/SkyPanel/SkyPanel/v3/internal/services/role.go:53.2,53.51 1 0
github.com/SkyPanel/SkyPanel/v3/internal/services/role.go:53.51,58.17 3 0
github.com/SkyPanel/SkyPanel/v3/internal/services/role.go:58.17,61.4 2 0
github.com/SkyPanel/SkyPanel/v3/internal/services/role.go:62.3,66.17 3 0
github.com/SkyPanel/SkyPanel/v3/internal/services/role.go:66.17,69.4 2 0
github.com/SkyPanel/SkyPanel/v3/internal/services/role.go:70.3,71.13 2 0
github.com/SkyPanel/SkyPanel/v3/internal/services/role.go:75.62,80.16 3 0
github.com/SkyPanel/SkyPanel/v3/internal/services/role.go:80.16,82.3 1 0
github.com/SkyPanel/SkyPanel/v3/internal/services/role.go:83.2,83.18 1 0
github.com/SkyPanel/SkyPanel/v3/internal/services/server.go:25.106,28.32 2 0
github.com/SkyPanel/SkyPanel/v3/internal/services/server.go:28.32,30.3 1 0
github.com/SkyPanel/SkyPanel/v3/internal/services/server.go:30.8,30.42 1 0
github.com/SkyPanel/SkyPanel/v3/internal/services/server.go:30.42,31.45 1 0
github.com/SkyPanel/SkyPanel/v3/internal/services/server.go:31.45,33.4 1 0
github.com/SkyPanel/SkyPanel/v3/internal/services/server.go:33.9,35.4 1 0
github.com/SkyPanel/SkyPanel/v3/internal/services/server.go:38.2,38.35 1 0
github.com/SkyPanel/SkyPanel/v3/internal/services/server.go:38.35,42.3 3 0
github.com/SkyPanel/SkyPanel/v3/internal/services/server.go:44.2,46.43 2 0
github.com/SkyPanel/SkyPanel/v3/internal/services/server.go:46.43,48.3 1 0
github.com/SkyPanel/SkyPanel/v3/internal/services/server.go:50.2,52.16 2 0
github.com/SkyPanel/SkyPanel/v3/internal/services/server.go:52.16,54.3 1 0
github.com/SkyPanel/SkyPanel/v3/internal/services/server.go:56.2,58.8 2 0
github.com/SkyPanel/SkyPanel/v3/internal/services/server.go:61.58,62.14 1 0
github.com/SkyPanel/SkyPanel/v3/internal/services/server.go:62.14,64.3 1 0
github.com/SkyPanel/SkyPanel/v3/internal/services/server.go:65.2,70.16 3 0
github.com/SkyPanel/SkyPanel/v3/internal/services/server.go:70.16,72.3 1 0
github.com/SkyPanel/SkyPanel/v3/internal/services/server.go:74.2,74.19 1 0
github.com/SkyPanel/SkyPanel/v3/internal/services/server.go:77.54,80.2 2 0
github.com/SkyPanel/SkyPanel/v3/internal/services/server.go:85.43,91.16 3 0
github.com/SkyPanel/SkyPanel/v3/internal/services/server.go:91.16,93.3 1 0
github.com/SkyPanel/SkyPanel/v3/internal/services/server.go:95.2,96.16 2 0
github.com/SkyPanel/SkyPanel/v3/internal/services/server.go:96.16,98.3 1 0
github.com/SkyPanel/SkyPanel/v3/internal/services/server.go:100.2,101.16 2 0
github.com/SkyPanel/SkyPanel/v3/internal/services/server.go:101.16,103.3 1 0
github.com/SkyPanel/SkyPanel/v3/internal/services/server.go:105.2,106.16 2 0
github.com/SkyPanel/SkyPanel/v3/internal/services/server.go:106.16,108.3 1 0
github.com/SkyPanel/SkyPanel/v3/internal/services/server.go:110.2,111.16 2 0
github.com/SkyPanel/SkyPanel/v3/internal/services/server.go:111.16,113.3 1 0
github.com/SkyPanel/SkyPanel/v3/internal/services/server.go:115.2,116.16 2 0
github.com/SkyPanel/SkyPanel/v3/internal/services/server.go:116.16,118.3 1 0
github.com/SkyPanel/SkyPanel/v3/internal/services/server.go:120.2,120.12 1 0
github.com/SkyPanel/SkyPanel/v3/internal/services/server.go:123.54,124.28 1 0
github.com/SkyPanel/SkyPanel/v3/internal/services/server.go:124.28,126.17 2 0
github.com/SkyPanel/SkyPanel/v3/internal/services/server.go:126.17,128.4 1 0
github.com/SkyPanel/SkyPanel/v3/internal/services/server.go:129.3,130.33 2 0
github.com/SkyPanel/SkyPanel/v3/internal/services/server.go:133.2,134.22 2 0
github.com/SkyPanel/SkyPanel/v3/internal/services/server.go:134.22,136.3 1 0
github.com/SkyPanel/SkyPanel/v3/internal/services/server.go:137.2,137.12 1 0
github.com/SkyPanel/SkyPanel/v3/internal/services/session.go:19.69,21.16 2 0
github.com/SkyPanel/SkyPanel/v3/internal/services/session.go:21.16,23.3 1 0
github.com/SkyPanel/SkyPanel/v3/internal/services/session.go:25.2,28.16 3 0
github.com/SkyPanel/SkyPanel/v3/internal/services/session.go:28.16,30.3 1 0
github.com/SkyPanel/SkyPanel/v3/internal/services/session.go:32.2,39.26 3 0
github.com/SkyPanel/SkyPanel/v3/internal/services/session.go:42.75,44.16 2 0
github.com/SkyPanel/SkyPanel/v3/internal/services/session.go:44.16,46.3 1 0
github.com/SkyPanel/SkyPanel/v3/internal/services/session.go:48.2,51.16 3 0
github.com/SkyPanel/SkyPanel/v3/internal/services/session.go:51.16,53.3 1 0
github.com/SkyPanel/SkyPanel/v3/internal/services/session.go:55.2,63.26 3 0
github.com/SkyPanel/SkyPanel/v3/internal/services/session.go:66.68,68.16 2 0
github.com/SkyPanel/SkyPanel/v3/internal/services/session.go:68.16,70.3 1 0
github.com/SkyPanel/SkyPanel/v3/internal/services/session.go:72.2,80.21 7 0
github.com/SkyPanel/SkyPanel/v3/internal/services/session.go:83.69,84.65 1 0
github.com/SkyPanel/SkyPanel/v3/internal/services/session.go:84.65,86.3 1 0
github.com/SkyPanel/SkyPanel/v3/internal/services/session.go:88.2,90.18 3 0
github.com/SkyPanel/SkyPanel/v3/internal/services/session.go:93.47,95.16 2 0
github.com/SkyPanel/SkyPanel/v3/internal/services/session.go:95.16,97.3 1 0
github.com/SkyPanel/SkyPanel/v3/internal/services/session.go:99.2,101.58 3 0
github.com/SkyPanel/SkyPanel/v3/internal/services/session.go:101.58,103.3 1 0
github.com/SkyPanel/SkyPanel/v3/internal/services/session.go:104.2,104.12 1 0
github.com/SkyPanel/SkyPanel/v3/internal/services/session.go:107.58,110.16 3 0
github.com/SkyPanel/SkyPanel/v3/internal/services/session.go:110.16,112.3 1 0
github.com/SkyPanel/SkyPanel/v3/internal/services/session.go:113.2,117.8 5 0
github.com/SkyPanel/SkyPanel/v3/internal/services/sftp.go:15.109,17.21 2 0
github.com/SkyPanel/SkyPanel/v3/internal/services/sftp.go:17.21,19.3 1 0
github.com/SkyPanel/SkyPanel/v3/internal/services/sftp.go:21.2,25.16 4 0
github.com/SkyPanel/SkyPanel/v3/internal/services/sftp.go:25.16,27.3 1 0
github.com/SkyPanel/SkyPanel/v3/internal/services/sftp.go:29.2,31.73 3 0
github.com/SkyPanel/SkyPanel/v3/internal/services/sftp.go:31.73,33.3 1 0
github.com/SkyPanel/SkyPanel/v3/internal/services/sftp.go:35.2,37.28 3 0
github.com/SkyPanel/SkyPanel/v3/internal/services/sftp.go:37.28,39.3 1 0
github.com/SkyPanel/SkyPanel/v3/internal/services/sftp.go:41.2,44.19 4 0
github.com/SkyPanel/SkyPanel/v3/internal/services/templates.go:44.40,46.2 1 0
github.com/SkyPanel/SkyPanel/v3/internal/services/templates.go:48.63,50.47 1 0
github.com/SkyPanel/SkyPanel/v3/internal/services/templates.go:50.47,58.3 2 0
github.com/SkyPanel/SkyPanel/v3/internal/services/templates.go:60.2,62.38 3 0
github.com/SkyPanel/SkyPanel/v3/internal/services/templates.go:65.76,69.28 3 0
github.com/SkyPanel/SkyPanel/v3/internal/services/templates.go:69.28,71.17 2 0
github.com/SkyPanel/SkyPanel/v3/internal/services/templates.go:71.17,73.4 1 0
github.com/SkyPanel/SkyPanel/v3/internal/services/templates.go:76.3,78.31 2 0
github.com/SkyPanel/SkyPanel/v3/internal/services/templates.go:78.31,89.4 1 0
github.com/SkyPanel/SkyPanel/v3/internal/services/templates.go:91.3,91.26 1 0
github.com/SkyPanel/SkyPanel/v3/internal/services/templates.go:92.8,94.48 1 0
github.com/SkyPanel/SkyPanel/v3/internal/services/templates.go:94.48,96.4 1 0
github.com/SkyPanel/SkyPanel/v3/internal/services/templates.go:97.3,102.17 3 0
github.com/SkyPanel/SkyPanel/v3/internal/services/templates.go:102.17,104.4 1 0
github.com/SkyPanel/SkyPanel/v3/internal/services/templates.go:106.3,107.17 2 0
github.com/SkyPanel/SkyPanel/v3/internal/services/templates.go:107.17,109.4 1 0
github.com/SkyPanel/SkyPanel/v3/internal/services/templates.go:111.3,112.17 2 0
github.com/SkyPanel/SkyPanel/v3/internal/services/templates.go:112.17,114.4 1 0
github.com/SkyPanel/SkyPanel/v3/internal/services/templates.go:116.3,116.34 1 0
github.com/SkyPanel/SkyPanel/v3/internal/services/templates.go:116.34,117.64 1 0
github.com/SkyPanel/SkyPanel/v3/internal/services/templates.go:117.64,118.13 1 0
github.com/SkyPanel/SkyPanel/v3/internal/services/templates.go:121.4,122.18 2 0
github.com/SkyPanel/SkyPanel/v3/internal/services/templates.go:122.18,124.5 1 0
github.com/SkyPanel/SkyPanel/v3/internal/services/templates.go:126.4,126.33 1 0
github.com/SkyPanel/SkyPanel/v3/internal/services/templates.go:126.33,127.46 1 0
github.com/SkyPanel/SkyPanel/v3/internal/services/templates.go:127.46,128.14 1 0
github.com/SkyPanel/SkyPanel/v3/internal/services/templates.go:131.5,131.32 1 0
github.com/SkyPanel/SkyPanel/v3/internal/services/templates.go:131.32,132.14 1 0
github.com/SkyPanel/SkyPanel/v3/internal/services/templates.go:135.5,138.19 4 0
github.com/SkyPanel/SkyPanel/v3/internal/services/templates.go:138.19,140.14 2 0
github.com/SkyPanel/SkyPanel/v3/internal/services/templates.go:143.5,152.7 1 0
github.com/SkyPanel/SkyPanel/v3/internal/services/templates.go:157.2,157.23 1 0
github.com/SkyPanel/SkyPanel/v3/internal/services/templates.go:160.76,164.28 2 0
github.com/SkyPanel/SkyPanel/v3/internal/services/templates.go:164.28,166.17 2 0
github.com/SkyPanel/SkyPanel/v3/internal/services/templates.go:166.17,168.4 1 0
github.com/SkyPanel/SkyPanel/v3/internal/services/templates.go:169.8,171.48 1 0
github.com/SkyPanel/SkyPanel/v3/internal/services/templates.go:171.48,173.4 1 0
github.com/SkyPanel/SkyPanel/v3/internal/services/templates.go:174.3,179.17 3 0
github.com/SkyPanel/SkyPanel/v3/internal/services/templates.go:179.17,181.4 1 0
github.com/SkyPanel/SkyPanel/v3/internal/services/templates.go:183.3,184.17 2 0
github.com/SkyPanel/SkyPanel/v3/internal/services/templates.go:184.17,186.4 1 0
github.com/SkyPanel/SkyPanel/v3/internal/services/templates.go:188.3,191.17 4 0
github.com/SkyPanel/SkyPanel/v3/internal/services/templates.go:191.17,193.4 1 0
github.com/SkyPanel/SkyPanel/v3/internal/services/templates.go:194.3,194.34 1 0
github.com/SkyPanel/SkyPanel/v3/internal/services/templates.go:194.34,195.64 1 0
github.com/SkyPanel/SkyPanel/v3/internal/services/templates.go:195.64,196.13 1 0
github.com/SkyPanel/SkyPanel/v3/internal/services/templates.go:199.4,200.18 2 0
github.com/SkyPanel/SkyPanel/v3/internal/services/templates.go:200.18,202.5 1 0
github.com/SkyPanel/SkyPanel/v3/internal/services/templates.go:204.4,204.33 1 0
github.com/SkyPanel/SkyPanel/v3/internal/services/templates.go:204.33,205.33 1 0
github.com/SkyPanel/SkyPanel/v3/internal/services/templates.go:205.33,208.11 3 0
github.com/SkyPanel/SkyPanel/v3/internal/services/templates.go:213.3,213.14 1 0
github.com/SkyPanel/SkyPanel/v3/internal/services/templates.go:213.14,215.4 1 0
github.com/SkyPanel/SkyPanel/v3/internal/services/templates.go:217.3,219.17 3 0
github.com/SkyPanel/SkyPanel/v3/internal/services/templates.go:219.17,221.4 1 0
github.com/SkyPanel/SkyPanel/v3/internal/services/templates.go:223.3,225.17 3 0
github.com/SkyPanel/SkyPanel/v3/internal/services/templates.go:225.17,227.4 1 0
github.com/SkyPanel/SkyPanel/v3/internal/services/templates.go:227.9,229.4 1 0
github.com/SkyPanel/SkyPanel/v3/internal/services/templates.go:232.2,232.22 1 0
github.com/SkyPanel/SkyPanel/v3/internal/services/templates.go:235.58,237.2 1 0
github.com/SkyPanel/SkyPanel/v3/internal/services/templates.go:239.46,245.22 3 0
github.com/SkyPanel/SkyPanel/v3/internal/services/templates.go:245.22,247.3 1 0
github.com/SkyPanel/SkyPanel/v3/internal/services/templates.go:247.8,247.34 1 0
github.com/SkyPanel/SkyPanel/v3/internal/services/templates.go:247.34,249.3 1 0
github.com/SkyPanel/SkyPanel/v3/internal/services/templates.go:251.2,251.12 1 0
github.com/SkyPanel/SkyPanel/v3/internal/services/templates.go:254.61,256.16 2 0
github.com/SkyPanel/SkyPanel/v3/internal/services/templates.go:256.16,258.3 1 0
github.com/SkyPanel/SkyPanel/v3/internal/services/templates.go:259.2,259.29 1 0
github.com/SkyPanel/SkyPanel/v3/internal/services/templates.go:259.29,260.26 1 0
github.com/SkyPanel/SkyPanel/v3/internal/services/templates.go:260.26,262.4 1 0
github.com/SkyPanel/SkyPanel/v3/internal/services/templates.go:264.2,264.30 1 0
github.com/SkyPanel/SkyPanel/v3/internal/services/templates.go:267.46,269.2 1 0
github.com/SkyPanel/SkyPanel/v3/internal/services/templates.go:271.72,274.16 2 0
github.com/SkyPanel/SkyPanel/v3/internal/services/templates.go:274.16,276.3 1 0
github.com/SkyPanel/SkyPanel/v3/internal/services/templates.go:278.2,284.22 4 0
github.com/SkyPanel/SkyPanel/v3/internal/services/templates.go:287.68,292.53 3 0
github.com/SkyPanel/SkyPanel/v3/internal/services/templates.go:292.53,293.65 1 0
github.com/SkyPanel/SkyPanel/v3/internal/services/templates.go:293.65,295.4 1 0
github.com/SkyPanel/SkyPanel/v3/internal/services/templates.go:297.3,300.17 3 0
github.com/SkyPanel/SkyPanel/v3/internal/services/templates.go:300.17,302.4 1 0
github.com/SkyPanel/SkyPanel/v3/internal/services/templates.go:304.3,305.17 2 0
github.com/SkyPanel/SkyPanel/v3/internal/services/templates.go:305.17,307.4 1 0
github.com/SkyPanel/SkyPanel/v3/internal/services/templates.go:309.3,314.62 2 0
github.com/SkyPanel/SkyPanel/v3/internal/services/templates.go:314.62,316.4 1 0
github.com/SkyPanel/SkyPanel/v3/internal/services/templates.go:318.3,321.4 1 0
github.com/SkyPanel/SkyPanel/v3/internal/services/templates.go:322.8,327.40 3 0
github.com/SkyPanel/SkyPanel/v3/internal/services/templates.go:327.40,329.4 1 0
github.com/SkyPanel/SkyPanel/v3/internal/services/templates.go:329.9,329.23 1 0
github.com/SkyPanel/SkyPanel/v3/internal/services/templates.go:329.23,331.4 1 0
github.com/SkyPanel/SkyPanel/v3/internal/services/templates.go:333.3,334.37 2 0
github.com/SkyPanel/SkyPanel/v3/internal/services/templates.go:334.37,336.4 1 0
github.com/SkyPanel/SkyPanel/v3/internal/services/templates.go:338.3,344.17 3 0
github.com/SkyPanel/SkyPanel/v3/internal/services/templates.go:344.17,346.4 1 0
github.com/SkyPanel/SkyPanel/v3/internal/services/templates.go:348.3,351.4 1 0
github.com/SkyPanel/SkyPanel/v3/internal/services/templates.go:354.2,354.41 1 0
github.com/SkyPanel/SkyPanel/v3/internal/services/templates.go:362.56,367.16 3 0
github.com/SkyPanel/SkyPanel/v3/internal/services/templates.go:367.16,369.3 1 0
github.com/SkyPanel/SkyPanel/v3/internal/services/templates.go:372.2,379.16 7 0
github.com/SkyPanel/SkyPanel/v3/internal/services/templates.go:379.16,381.3 1 0
github.com/SkyPanel/SkyPanel/v3/internal/services/templates.go:382.2,382.15 1 0
github.com/SkyPanel/SkyPanel/v3/internal/services/templates.go:382.15,382.40 1 0
github.com/SkyPanel/SkyPanel/v3/internal/services/templates.go:383.2,383.53 1 0
github.com/SkyPanel/SkyPanel/v3/internal/services/templates.go:383.53,386.3 2 0
github.com/SkyPanel/SkyPanel/v3/internal/services/templates.go:387.2,388.27 2 0
github.com/SkyPanel/SkyPanel/v3/internal/services/templates.go:391.79,394.16 3 0
github.com/SkyPanel/SkyPanel/v3/internal/services/templates.go:394.16,396.3 1 0
github.com/SkyPanel/SkyPanel/v3/internal/services/templates.go:397.2,399.31 3 0
github.com/SkyPanel/SkyPanel/v3/internal/services/templates.go:399.31,402.17 3 0
github.com/SkyPanel/SkyPanel/v3/internal/services/templates.go:402.17,404.12 2 0
github.com/SkyPanel/SkyPanel/v3/internal/services/templates.go:406.3,406.31 1 0
github.com/SkyPanel/SkyPanel/v3/internal/services/templates.go:408.2,408.20 1 0
github.com/SkyPanel/SkyPanel/v3/internal/services/templates.go:411.80,414.16 3 0
github.com/SkyPanel/SkyPanel/v3/internal/services/templates.go:414.16,416.3 1 0
github.com/SkyPanel/SkyPanel/v3/internal/services/templates.go:417.2,418.9 2 0
github.com/SkyPanel/SkyPanel/v3/internal/services/templates.go:418.9,420.3 1 0
github.com/SkyPanel/SkyPanel/v3/internal/services/templates.go:421.2,421.68 1 0
github.com/SkyPanel/SkyPanel/v3/internal/services/templates.go:424.83,427.16 3 0
github.com/SkyPanel/SkyPanel/v3/internal/services/templates.go:427.16,429.3 1 0
github.com/SkyPanel/SkyPanel/v3/internal/services/templates.go:430.2,430.17 1 0
github.com/SkyPanel/SkyPanel/v3/internal/services/templates.go:433.48,436.16 2 0
github.com/SkyPanel/SkyPanel/v3/internal/services/templates.go:436.16,438.3 1 0
github.com/SkyPanel/SkyPanel/v3/internal/services/templates.go:439.2,440.16 2 0
github.com/SkyPanel/SkyPanel/v3/internal/services/templates.go:440.16,442.3 1 0
github.com/SkyPanel/SkyPanel/v3/internal/services/templates.go:443.2,443.44 1 0
github.com/SkyPanel/SkyPanel/v3/internal/services/token.go:32.46,36.33 3 1
github.com/SkyPanel/SkyPanel/v3/internal/services/token.go:36.33,37.24 1 1
github.com/SkyPanel/SkyPanel/v3/internal/services/token.go:37.24,42.17 4 1
github.com/SkyPanel/SkyPanel/v3/internal/services/token.go:42.17,45.19 3 1
github.com/SkyPanel/SkyPanel/v3/internal/services/token.go:45.19,47.6 1 0
github.com/SkyPanel/SkyPanel/v3/internal/services/token.go:48.5,49.41 2 1
github.com/SkyPanel/SkyPanel/v3/internal/services/token.go:50.10,52.19 2 0
github.com/SkyPanel/SkyPanel/v3/internal/services/token.go:52.19,54.6 1 0
github.com/SkyPanel/SkyPanel/v3/internal/services/token.go:58.4,73.18 6 1
github.com/SkyPanel/SkyPanel/v3/internal/services/token.go:73.18,75.5 1 0
github.com/SkyPanel/SkyPanel/v3/internal/services/token.go:77.4,79.18 3 1
github.com/SkyPanel/SkyPanel/v3/internal/services/token.go:79.18,81.5 1 0
github.com/SkyPanel/SkyPanel/v3/internal/services/token.go:84.3,84.29 1 1
github.com/SkyPanel/SkyPanel/v3/internal/services/token.go:84.29,89.18 3 1
github.com/SkyPanel/SkyPanel/v3/internal/services/token.go:89.18,91.5 1 0
github.com/SkyPanel/SkyPanel/v3/internal/services/token.go:93.8,93.35 1 0
github.com/SkyPanel/SkyPanel/v3/internal/services/token.go:93.35,96.17 3 0
github.com/SkyPanel/SkyPanel/v3/internal/services/token.go:96.17,98.4 1 0
github.com/SkyPanel/SkyPanel/v3/internal/services/token.go:101.2,101.29 1 1
github.com/SkyPanel/SkyPanel/v3/internal/services/token.go:104.59,110.16 5 1
github.com/SkyPanel/SkyPanel/v3/internal/services/token.go:110.16,112.3 1 0
github.com/SkyPanel/SkyPanel/v3/internal/services/token.go:113.2,113.20 1 1
github.com/SkyPanel/SkyPanel/v3/internal/services/token.go:116.61,118.16 2 1
github.com/SkyPanel/SkyPanel/v3/internal/services/token.go:118.16,120.3 1 0
github.com/SkyPanel/SkyPanel/v3/internal/services/token.go:121.2,121.19 1 1
github.com/SkyPanel/SkyPanel/v3/internal/services/token.go:121.19,123.3 1 0
github.com/SkyPanel/SkyPanel/v3/internal/services/token.go:124.2,124.12 1 1
github.com/SkyPanel/SkyPanel/v3/internal/services/token.go:127.50,129.2 1 1
github.com/SkyPanel/SkyPanel/v3/internal/services/token.go:131.56,133.2 1 0
github.com/SkyPanel/SkyPanel/v3/internal/services/uptime.go:15.70,18.101 2 0
github.com/SkyPanel/SkyPanel/v3/internal/services/uptime.go:18.101,20.3 1 0
github.com/SkyPanel/SkyPanel/v3/internal/services/uptime.go:21.2,21.16 1 0
github.com/SkyPanel/SkyPanel/v3/internal/services/uptime.go:21.16,24.3 1 0
github.com/SkyPanel/SkyPanel/v3/internal/services/uptime.go:27.2,32.35 4 0
github.com/SkyPanel/SkyPanel/v3/internal/services/uptime.go:32.35,40.3 2 0
github.com/SkyPanel/SkyPanel/v3/internal/services/uptime.go:40.8,40.23 1 0
github.com/SkyPanel/SkyPanel/v3/internal/services/uptime.go:40.23,42.3 1 0
github.com/SkyPanel/SkyPanel/v3/internal/services/uptime.go:45.2,45.42 1 0
github.com/SkyPanel/SkyPanel/v3/internal/services/uptime.go:45.42,52.57 4 0
github.com/SkyPanel/SkyPanel/v3/internal/services/uptime.go:52.57,54.4 1 0
github.com/SkyPanel/SkyPanel/v3/internal/services/uptime.go:57.3,62.39 2 0
github.com/SkyPanel/SkyPanel/v3/internal/services/uptime.go:66.2,67.40 2 0
github.com/SkyPanel/SkyPanel/v3/internal/services/uptime.go:71.141,83.16 4 0
github.com/SkyPanel/SkyPanel/v3/internal/services/uptime.go:83.16,85.3 1 0
github.com/SkyPanel/SkyPanel/v3/internal/services/uptime.go:87.2,88.33 2 0
github.com/SkyPanel/SkyPanel/v3/internal/services/uptime.go:88.33,89.23 1 0
github.com/SkyPanel/SkyPanel/v3/internal/services/uptime.go:89.23,91.4 1 0
github.com/SkyPanel/SkyPanel/v3/internal/services/uptime.go:91.9,93.4 1 0
github.com/SkyPanel/SkyPanel/v3/internal/services/uptime.go:94.3,94.34 1 0
github.com/SkyPanel/SkyPanel/v3/internal/services/uptime.go:98.2,102.45 3 0
github.com/SkyPanel/SkyPanel/v3/internal/services/uptime.go:102.45,104.29 2 0
github.com/SkyPanel/SkyPanel/v3/internal/services/uptime.go:104.29,106.4 1 0
github.com/SkyPanel/SkyPanel/v3/internal/services/uptime.go:106.9,108.4 1 0
github.com/SkyPanel/SkyPanel/v3/internal/services/uptime.go:109.3,109.33 1 0
github.com/SkyPanel/SkyPanel/v3/internal/services/uptime.go:112.2,112.22 1 0
github.com/SkyPanel/SkyPanel/v3/internal/services/uptime.go:112.22,114.3 1 0
github.com/SkyPanel/SkyPanel/v3/internal/services/uptime.go:114.8,116.3 1 0
github.com/SkyPanel/SkyPanel/v3/internal/services/uptime.go:118.2,118.8 1 0
github.com/SkyPanel/SkyPanel/v3/internal/services/uptime.go:122.96,129.2 3 0
github.com/SkyPanel/SkyPanel/v3/internal/services/uptime.go:132.98,148.16 4 0
github.com/SkyPanel/SkyPanel/v3/internal/services/uptime.go:148.16,150.3 1 0
github.com/SkyPanel/SkyPanel/v3/internal/services/uptime.go:153.2,155.16 3 0
github.com/SkyPanel/SkyPanel/v3/internal/services/uptime.go:155.16,157.3 1 0
github.com/SkyPanel/SkyPanel/v3/internal/services/uptime.go:159.2,160.32 2 0
github.com/SkyPanel/SkyPanel/v3/internal/services/uptime.go:160.32,162.3 1 0
github.com/SkyPanel/SkyPanel/v3/internal/services/uptime.go:165.2,166.33 2 0
github.com/SkyPanel/SkyPanel/v3/internal/services/uptime.go:166.33,167.57 1 0
github.com/SkyPanel/SkyPanel/v3/internal/services/uptime.go:167.57,171.4 3 0
github.com/SkyPanel/SkyPanel/v3/internal/services/uptime.go:172.3,172.23 1 0
github.com/SkyPanel/SkyPanel/v3/internal/services/uptime.go:172.23,174.4 1 0
github.com/SkyPanel/SkyPanel/v3/internal/services/uptime.go:174.9,176.4 1 0
github.com/SkyPanel/SkyPanel/v3/internal/services/uptime.go:180.2,180.42 1 0
github.com/SkyPanel/SkyPanel/v3/internal/services/uptime.go:180.42,181.50 1 0
github.com/SkyPanel/SkyPanel/v3/internal/services/uptime.go:181.50,185.4 3 0
github.com/SkyPanel/SkyPanel/v3/internal/services/uptime.go:186.3,187.23 2 0
github.com/SkyPanel/SkyPanel/v3/internal/services/uptime.go:187.23,189.4 1 0
github.com/SkyPanel/SkyPanel/v3/internal/services/uptime.go:189.9,191.4 1 0
github.com/SkyPanel/SkyPanel/v3/internal/services/uptime.go:192.3,193.63 2 0
github.com/SkyPanel/SkyPanel/v3/internal/services/uptime.go:197.2,197.36 1 0
github.com/SkyPanel/SkyPanel/v3/internal/services/uptime.go:197.36,202.16 4 0
github.com/SkyPanel/SkyPanel/v3/internal/services/uptime.go:202.16,204.4 1 0
github.com/SkyPanel/SkyPanel/v3/internal/services/uptime.go:204.9,206.4 1 0
github.com/SkyPanel/SkyPanel/v3/internal/services/uptime.go:209.2,209.25 1 0
github.com/SkyPanel/SkyPanel/v3/internal/services/user.go:26.60,33.16 3 0
github.com/SkyPanel/SkyPanel/v3/internal/services/user.go:33.16,35.3 1 0
github.com/SkyPanel/SkyPanel/v3/internal/services/user.go:36.2,36.19 1 0
github.com/SkyPanel/SkyPanel/v3/internal/services/user.go:39.56,46.16 3 0
github.com/SkyPanel/SkyPanel/v3/internal/services/user.go:46.16,48.3 1 0
github.com/SkyPanel/SkyPanel/v3/internal/services/user.go:49.2,49.19 1 0
github.com/SkyPanel/SkyPanel/v3/internal/services/user.go:52.109,59.59 3 0
github.com/SkyPanel/SkyPanel/v3/internal/services/user.go:59.59,61.3 1 0
github.com/SkyPanel/SkyPanel/v3/internal/services/user.go:63.2,63.60 1 0
github.com/SkyPanel/SkyPanel/v3/internal/services/user.go:63.60,66.3 2 0
github.com/SkyPanel/SkyPanel/v3/internal/services/user.go:68.2,68.44 1 0
github.com/SkyPanel/SkyPanel/v3/internal/services/user.go:68.44,71.3 2 0
github.com/SkyPanel/SkyPanel/v3/internal/services/user.go:73.2,73.20 1 0
github.com/SkyPanel/SkyPanel/v3/internal/services/user.go:73.20,76.3 2 0
github.com/SkyPanel/SkyPanel/v3/internal/services/user.go:77.2,77.8 1 0
github.com/SkyPanel/SkyPanel/v3/internal/services/user.go:80.85,87.59 3 0
github.com/SkyPanel/SkyPanel/v3/internal/services/user.go:87.59,89.3 1 0
github.com/SkyPanel/SkyPanel/v3/internal/services/user.go:91.2,91.60 1 0
github.com/SkyPanel/SkyPanel/v3/internal/services/user.go:91.60,94.3 2 0
github.com/SkyPanel/SkyPanel/v3/internal/services/user.go:96.2,96.43 1 0
github.com/SkyPanel/SkyPanel/v3/internal/services/user.go:96.43,104.23 4 0
github.com/SkyPanel/SkyPanel/v3/internal/services/user.go:104.23,106.4 1 0
github.com/SkyPanel/SkyPanel/v3/internal/services/user.go:107.3,107.28 1 0
github.com/SkyPanel/SkyPanel/v3/internal/services/user.go:107.28,109.4 1 0
github.com/SkyPanel/SkyPanel/v3/internal/services/user.go:111.2,111.8 1 0
github.com/SkyPanel/SkyPanel/v3/internal/services/user.go:114.77,116.2 1 0
github.com/SkyPanel/SkyPanel/v3/internal/services/user.go:118.64,125.16 3 0
github.com/SkyPanel/SkyPanel/v3/internal/services/user.go:125.16,127.3 1 0
github.com/SkyPanel/SkyPanel/v3/internal/services/user.go:128.2,128.19 1 0
github.com/SkyPanel/SkyPanel/v3/internal/services/user.go:131.50,133.2 1 0
github.com/SkyPanel/SkyPanel/v3/internal/services/user.go:135.56,136.51 1 0
github.com/SkyPanel/SkyPanel/v3/internal/services/user.go:136.51,142.3 5 0
github.com/SkyPanel/SkyPanel/v3/internal/services/user.go:145.49,147.2 1 0
github.com/SkyPanel/SkyPanel/v3/internal/services/user.go:149.71,152.16 2 0
github.com/SkyPanel/SkyPanel/v3/internal/services/user.go:152.16,154.3 1 0
github.com/SkyPanel/SkyPanel/v3/internal/services/user.go:156.2,157.16 2 0
github.com/SkyPanel/SkyPanel/v3/internal/services/user.go:157.16,159.3 1 0
github.com/SkyPanel/SkyPanel/v3/internal/services/user.go:160.2,160.24 1 0
github.com/SkyPanel/SkyPanel/v3/internal/services/user.go:163.69,165.16 2 0
github.com/SkyPanel/SkyPanel/v3/internal/services/user.go:165.16,167.3 1 0
github.com/SkyPanel/SkyPanel/v3/internal/services/user.go:169.2,170.8 2 0
github.com/SkyPanel/SkyPanel/v3/internal/services/user.go:173.87,175.16 2 0
github.com/SkyPanel/SkyPanel/v3/internal/services/user.go:175.16,177.3 1 0
github.com/SkyPanel/SkyPanel/v3/internal/services/user.go:179.2,184.16 3 0
github.com/SkyPanel/SkyPanel/v3/internal/services/user.go:184.16,186.3 1 0
github.com/SkyPanel/SkyPanel/v3/internal/services/user.go:188.2,191.16 4 0
github.com/SkyPanel/SkyPanel/v3/internal/services/user.go:191.16,193.3 1 0
github.com/SkyPanel/SkyPanel/v3/internal/services/user.go:195.2,198.16 4 0
github.com/SkyPanel/SkyPanel/v3/internal/services/user.go:198.16,200.3 1 0
github.com/SkyPanel/SkyPanel/v3/internal/services/user.go:201.2,205.8 4 0
github.com/SkyPanel/SkyPanel/v3/internal/services/user.go:208.67,211.24 3 0
github.com/SkyPanel/SkyPanel/v3/internal/services/user.go:211.24,213.17 2 0
github.com/SkyPanel/SkyPanel/v3/internal/services/user.go:213.17,215.4 1 0
github.com/SkyPanel/SkyPanel/v3/internal/services/user.go:216.3,216.31 1 0
github.com/SkyPanel/SkyPanel/v3/internal/services/user.go:218.2,218.26 1 0
github.com/SkyPanel/SkyPanel/v3/internal/services/user.go:221.74,223.26 2 0
github.com/SkyPanel/SkyPanel/v3/internal/services/user.go:223.26,225.17 2 0
github.com/SkyPanel/SkyPanel/v3/internal/services/user.go:225.17,227.4 1 0
github.com/SkyPanel/SkyPanel/v3/internal/services/user.go:228.3,228.18 1 0
github.com/SkyPanel/SkyPanel/v3/internal/services/user.go:230.2,230.19 1 0
github.com/SkyPanel/SkyPanel/v3/internal/services/user.go:233.80,235.16 2 0
github.com/SkyPanel/SkyPanel/v3/internal/services/user.go:235.16,237.3 1 0
github.com/SkyPanel/SkyPanel/v3/internal/services/user.go:239.2,239.43 1 0
github.com/SkyPanel/SkyPanel/v3/internal/services/user.go:239.43,241.3 1 0
github.com/SkyPanel/SkyPanel/v3/internal/services/user.go:243.2,244.16 2 0
github.com/SkyPanel/SkyPanel/v3/internal/services/user.go:244.16,246.3 1 0
github.com/SkyPanel/SkyPanel/v3/internal/services/user.go:248.2,249.29 2 0
github.com/SkyPanel/SkyPanel/v3/internal/services/user.go:249.29,254.3 2 0
github.com/SkyPanel/SkyPanel/v3/internal/services/user.go:256.2,257.16 2 0
github.com/SkyPanel/SkyPanel/v3/internal/services/user.go:257.16,259.3 1 0
github.com/SkyPanel/SkyPanel/v3/internal/services/user.go:261.2,262.31 2 0
github.com/SkyPanel/SkyPanel/v3/internal/services/user.go:266.75,268.16 2 0
github.com/SkyPanel/SkyPanel/v3/internal/services/user.go:268.16,270.3 1 0
github.com/SkyPanel/SkyPanel/v3/internal/services/user.go:272.2,273.16 2 0
github.com/SkyPanel/SkyPanel/v3/internal/services/user.go:273.16,275.3 1 0
github.com/SkyPanel/SkyPanel/v3/internal/services/user.go:277.2,278.29 2 0
github.com/SkyPanel/SkyPanel/v3/internal/services/user.go:278.29,283.3 2 0
github.com/SkyPanel/SkyPanel/v3/internal/services/user.go:285.2,285.50 1 0
github.com/SkyPanel/SkyPanel/v3/internal/services/user.go:285.50,287.17 2 0
github.com/SkyPanel/SkyPanel/v3/internal/services/user.go:287.17,289.4 1 0
github.com/SkyPanel/SkyPanel/v3/internal/services/user.go:291.3,291.31 1 0
github.com/SkyPanel/SkyPanel/v3/internal/services/user.go:294.2,294.19 1 0
github.com/SkyPanel/SkyPanel/v3/internal/services/user.go:297.47,299.16 2 0
github.com/SkyPanel/SkyPanel/v3/internal/services/user.go:299.16,301.3 1 0
github.com/SkyPanel/SkyPanel/v3/internal/services/user.go:303.2,303.51 1 0
github.com/SkyPanel/SkyPanel/v3/internal/services/user.go:303.51,305.17 2 0
github.com/SkyPanel/SkyPanel/v3/internal/services/user.go:305.17,307.4 1 0
github.com/SkyPanel/SkyPanel/v3/internal/services/user.go:309.3,311.29 3 0
github.com/SkyPanel/SkyPanel/v3/internal/services/user.go:315.112,323.51 5 0
github.com/SkyPanel/SkyPanel/v3/internal/services/user.go:323.51,325.3 1 0
github.com/SkyPanel/SkyPanel/v3/internal/services/user.go:327.2,327.45 1 0
github.com/SkyPanel/SkyPanel/v3/internal/services/user.go:327.45,329.3 1 0
github.com/SkyPanel/SkyPanel/v3/internal/services/user.go:331.2,334.16 3 0
github.com/SkyPanel/SkyPanel/v3/internal/services/user.go:334.16,336.3 1 0
github.com/SkyPanel/SkyPanel/v3/internal/services/user.go:338.2,340.32 2 0
github.com/SkyPanel/SkyPanel/v3/internal/services/user.go:343.57,345.23 1 0
github.com/SkyPanel/SkyPanel/v3/internal/services/user.go:345.23,347.3 1 0
github.com/SkyPanel/SkyPanel/v3/internal/services/user.go:348.2,348.12 1 0
github.com/SkyPanel/SkyPanel/v3/internal/services/usersettings.go:13.86,21.16 5 0
github.com/SkyPanel/SkyPanel/v3/internal/services/usersettings.go:21.16,23.3 1 0
github.com/SkyPanel/SkyPanel/v3/internal/services/usersettings.go:25.2,26.16 2 0
github.com/SkyPanel/SkyPanel/v3/internal/services/usersettings.go:26.16,28.3 1 0
github.com/SkyPanel/SkyPanel/v3/internal/services/usersettings.go:30.2,30.46 1 0
github.com/SkyPanel/SkyPanel/v3/internal/services/usersettings.go:33.66,41.49 3 0
github.com/SkyPanel/SkyPanel/v3/internal/services/usersettings.go:41.49,43.3 1 0
github.com/SkyPanel/SkyPanel/v3/internal/services/usersettings.go:45.2,45.16 1 0
github.com/SkyPanel/SkyPanel/v3/internal/services/usersettings.go:45.16,47.3 1 0
github.com/SkyPanel/SkyPanel/v3/internal/services/usersettings.go:47.8,49.3 1 0
github.com/SkyPanel/SkyPanel/v3/internal/services/usersettings.go:51.2,51.12 1 0
github.com/SkyPanel/SkyPanel/v3/internal/servers/tty/factory.go:11.64,13.2 1 0
github.com/SkyPanel/SkyPanel/v3/internal/servers/tty/factory.go:15.43,17.2 1 0
github.com/SkyPanel/SkyPanel/v3/internal/servers/tty/tty.go:46.109,50.16 3 0
github.com/SkyPanel/SkyPanel/v3/internal/servers/tty/tty.go:50.16,52.3 1 0
github.com/SkyPanel/SkyPanel/v3/internal/servers/tty/tty.go:54.2,56.33 2 0
github.com/SkyPanel/SkyPanel/v3/internal/servers/tty/tty.go:56.33,58.13 2 0
github.com/SkyPanel/SkyPanel/v3/internal/servers/tty/tty.go:58.13,59.12 1 0
github.com/SkyPanel/SkyPanel/v3/internal/servers/tty/tty.go:61.3,61.40 1 0
github.com/SkyPanel/SkyPanel/v3/internal/servers/tty/tty.go:61.40,62.12 1 0
github.com/SkyPanel/SkyPanel/v3/internal/servers/tty/tty.go:64.3,64.23 1 0
github.com/SkyPanel/SkyPanel/v3/internal/servers/tty/tty.go:66.2,68.38 3 0
github.com/SkyPanel/SkyPanel/v3/internal/servers/tty/tty.go:68.38,70.3 1 0
github.com/SkyPanel/SkyPanel/v3/internal/servers/tty/tty.go:73.2,76.96 3 0
github.com/SkyPanel/SkyPanel/v3/internal/servers/tty/tty.go:76.96,78.3 1 0
github.com/SkyPanel/SkyPanel/v3/internal/servers/tty/tty.go:80.2,80.44 1 0
github.com/SkyPanel/SkyPanel/v3/internal/servers/tty/tty.go:80.44,81.49 1 0
github.com/SkyPanel/SkyPanel/v3/internal/servers/tty/tty.go:81.49,83.4 1 0
github.com/SkyPanel/SkyPanel/v3/internal/servers/tty/tty.go:84.8,86.3 1 0
github.com/SkyPanel/SkyPanel/v3/internal/servers/tty/tty.go:88.2,88.28 1 0
github.com/SkyPanel/SkyPanel/v3/internal/servers/tty/tty.go:88.28,90.3 1 0
github.com/SkyPanel/SkyPanel/v3/internal/servers/tty/tty.go:92.2,108.16 7 0
github.com/SkyPanel/SkyPanel/v3/internal/servers/tty/tty.go:108.16,110.120 2 0
github.com/SkyPanel/SkyPanel/v3/internal/servers/tty/tty.go:110.120,117.4 6 0
github.com/SkyPanel/SkyPanel/v3/internal/servers/tty/tty.go:118.3,119.9 2 0
github.com/SkyPanel/SkyPanel/v3/internal/servers/tty/tty.go:125.2,129.27 3 0
github.com/SkyPanel/SkyPanel/v3/internal/servers/tty/tty.go:129.27,131.3 1 0
github.com/SkyPanel/SkyPanel/v3/internal/servers/tty/tty.go:133.2,134.8 2 0
github.com/SkyPanel/SkyPanel/v3/internal/servers/tty/tty.go:137.71,139.16 2 0
github.com/SkyPanel/SkyPanel/v3/internal/servers/tty/tty.go:139.16,141.3 1 0
github.com/SkyPanel/SkyPanel/v3/internal/servers/tty/tty.go:142.2,142.14 1 0
github.com/SkyPanel/SkyPanel/v3/internal/servers/tty/tty.go:142.14,144.3 1 0
github.com/SkyPanel/SkyPanel/v3/internal/servers/tty/tty.go:145.2,145.37 1 0
github.com/SkyPanel/SkyPanel/v3/internal/servers/tty/tty.go:148.94,150.16 2 0
github.com/SkyPanel/SkyPanel/v3/internal/servers/tty/tty.go:150.16,152.3 1 0
github.com/SkyPanel/SkyPanel/v3/internal/servers/tty/tty.go:153.2,153.14 1 0
github.com/SkyPanel/SkyPanel/v3/internal/servers/tty/tty.go:153.14,160.46 2 0
github.com/SkyPanel/SkyPanel/v3/internal/servers/tty/tty.go:160.46,162.4 1 0
github.com/SkyPanel/SkyPanel/v3/internal/servers/tty/tty.go:164.3,164.20 1 0
github.com/SkyPanel/SkyPanel/v3/internal/servers/tty/tty.go:167.2,171.59 3 0
github.com/SkyPanel/SkyPanel/v3/internal/servers/tty/tty.go:171.59,173.3 1 0
github.com/SkyPanel/SkyPanel/v3/internal/servers/tty/tty.go:175.2,176.16 2 0
github.com/SkyPanel/SkyPanel/v3/internal/servers/tty/tty.go:176.16,178.3 1 0
github.com/SkyPanel/SkyPanel/v3/internal/servers/tty/tty.go:180.2,187.79 6 0
github.com/SkyPanel/SkyPanel/v3/internal/servers/tty/tty.go:187.79,190.30 3 0
github.com/SkyPanel/SkyPanel/v3/internal/servers/tty/tty.go:190.30,192.19 2 0
github.com/SkyPanel/SkyPanel/v3/internal/servers/tty/tty.go:192.19,195.5 2 0
github.com/SkyPanel/SkyPanel/v3/internal/servers/tty/tty.go:197.3,198.28 2 0
github.com/SkyPanel/SkyPanel/v3/internal/servers/tty/tty.go:200.2,202.74 2 0
github.com/SkyPanel/SkyPanel/v3/internal/servers/tty/tty.go:202.74,205.3 2 0
github.com/SkyPanel/SkyPanel/v3/internal/servers/tty/tty.go:207.2,208.61 2 0
github.com/SkyPanel/SkyPanel/v3/internal/servers/tty/tty.go:208.61,209.74 1 0
github.com/SkyPanel/SkyPanel/v3/internal/servers/tty/tty.go:209.74,211.4 1 0
github.com/SkyPanel/SkyPanel/v3/internal/servers/tty/tty.go:214.2,225.71 2 0
github.com/SkyPanel/SkyPanel/v3/internal/servers/tty/tty.go:225.71,227.66 2 0
github.com/SkyPanel/SkyPanel/v3/internal/servers/tty/tty.go:227.66,228.100 1 0
github.com/SkyPanel/SkyPanel/v3/internal/servers/tty/tty.go:228.100,230.19 2 0
github.com/SkyPanel/SkyPanel/v3/internal/servers/tty/tty.go:230.19,232.11 2 0
github.com/SkyPanel/SkyPanel/v3/internal/servers/tty/tty.go:236.4,236.18 1 0
github.com/SkyPanel/SkyPanel/v3/internal/servers/tty/tty.go:236.18,239.19 3 0
github.com/SkyPanel/SkyPanel/v3/internal/servers/tty/tty.go:239.19,241.6 1 0
github.com/SkyPanel/SkyPanel/v3/internal/servers/tty/tty.go:243.5,243.50 1 0
github.com/SkyPanel/SkyPanel/v3/internal/servers/tty/tty.go:246.3,246.23 1 0
github.com/SkyPanel/SkyPanel/v3/internal/servers/tty/tty.go:246.23,248.4 1 0
github.com/SkyPanel/SkyPanel/v3/internal/servers/tty/tty.go:251.2,253.19 2 0
github.com/SkyPanel/SkyPanel/v3/internal/servers/tty/tty.go:256.79,259.28 2 0
github.com/SkyPanel/SkyPanel/v3/internal/servers/tty/tty.go:259.28,261.3 1 0
github.com/SkyPanel/SkyPanel/v3/internal/servers/tty/tty.go:263.2,263.59 1 0
github.com/SkyPanel/SkyPanel/v3/internal/servers/tty/tty.go:266.53,268.2 1 0
github.com/SkyPanel/SkyPanel/v3/internal/servers/tty/tty.go:270.53,272.2 1 0
github.com/SkyPanel/SkyPanel/v3/internal/servers/tty/tty.go:274.80,276.15 2 0
github.com/SkyPanel/SkyPanel/v3/internal/servers/tty/tty.go:276.15,278.31 2 0
github.com/SkyPanel/SkyPanel/v3/internal/servers/tty/tty.go:278.31,280.4 1 0
github.com/SkyPanel/SkyPanel/v3/internal/servers/tty/tty.go:280.9,280.49 1 0
github.com/SkyPanel/SkyPanel/v3/internal/servers/tty/tty.go:280.49,282.4 1 0
github.com/SkyPanel/SkyPanel/v3/internal/servers/tty/tty.go:284.2,284.8 1 0
github.com/SkyPanel/SkyPanel/v3/internal/servers/tty/tty.go:287.91,293.53 4 0
github.com/SkyPanel/SkyPanel/v3/internal/servers/tty/tty.go:293.53,295.29 2 0
github.com/SkyPanel/SkyPanel/v3/internal/servers/tty/tty.go:295.29,297.4 1 0
github.com/SkyPanel/SkyPanel/v3/internal/servers/tty/tty.go:297.9,299.4 1 0
github.com/SkyPanel/SkyPanel/v3/internal/servers/tty/tty.go:300.8,302.3 1 0
github.com/SkyPanel/SkyPanel/v3/internal/servers/tty/tty.go:303.2,305.16 2 0
github.com/SkyPanel/SkyPanel/v3/internal/servers/tty/tty.go:305.16,308.3 2 0
github.com/SkyPanel/SkyPanel/v3/internal/servers/tty/tty.go:310.2,310.63 1 0
github.com/SkyPanel/SkyPanel/v3/internal/servers/tty/tty.go:310.63,312.3 1 0
github.com/SkyPanel/SkyPanel/v3/internal/servers/tty/tty.go:314.2,314.58 1 0
github.com/SkyPanel/SkyPanel/v3/internal/servers/tty/tty.go:314.58,316.3 1 0
github.com/SkyPanel/SkyPanel/v3/internal/servers/tty/tty.go:318.2,324.77 3 0
github.com/SkyPanel/SkyPanel/v3/internal/servers/tty/tty.go:324.77,326.17 2 0
github.com/SkyPanel/SkyPanel/v3/internal/servers/tty/tty.go:326.17,328.4 1 0
github.com/SkyPanel/SkyPanel/v3/internal/servers/tty/tty.go:331.2,346.21 5 0
github.com/SkyPanel/SkyPanel/v3/internal/servers/tty/tty.go:346.21,348.3 1 0
github.com/SkyPanel/SkyPanel/v3/internal/servers/tty/tty.go:351.39,355.60 2 0
github.com/SkyPanel/SkyPanel/v3/internal/servers/tty/tty.go:355.60,357.3 1 0
github.com/SkyPanel/SkyPanel/v3/internal/servers/tty/tty.go:359.2,359.15 1 0
github.com/SkyPanel/SkyPanel/v3/internal/servers/tty/tty.go:359.15,361.3 1 0
github.com/SkyPanel/SkyPanel/v3/internal/servers/tty/tty.go:363.2,364.16 2 0
github.com/SkyPanel/SkyPanel/v3/internal/servers/tty/tty.go:364.16,366.3 1 0
github.com/SkyPanel/SkyPanel/v3/internal/servers/tty/tty.go:368.2,368.52 1 0
github.com/SkyPanel/SkyPanel/v3/internal/servers/tty/tty.go:368.52,370.3 1 0
github.com/SkyPanel/SkyPanel/v3/internal/servers/tty/tty.go:373.2,374.26 2 0
github.com/SkyPanel/SkyPanel/v3/internal/servers/tty/tty.go:374.26,375.64 1 0
github.com/SkyPanel/SkyPanel/v3/internal/servers/tty/tty.go:375.64,377.4 1 0
github.com/SkyPanel/SkyPanel/v3/internal/servers/tty/tty.go:380.3,380.59 1 0
github.com/SkyPanel/SkyPanel/v3/internal/servers/tty/tty.go:384.2,384.12 1 0
github.com/SkyPanel/SkyPanel/v3/internal/servers/tty/tty.go:387.33,389.2 1 0
github.com/SkyPanel/SkyPanel/v3/internal/servers/tty/tty.go:391.33,393.2 1 0
github.com/SkyPanel/SkyPanel/v3/internal/servers/tty/tty.go:395.53,400.63 3 0
github.com/SkyPanel/SkyPanel/v3/internal/servers/tty/tty.go:400.63,401.47 1 0
github.com/SkyPanel/SkyPanel/v3/internal/servers/tty/tty.go:401.47,403.4 1 0
github.com/SkyPanel/SkyPanel/v3/internal/servers/tty/tty.go:406.2,407.16 2 0
github.com/SkyPanel/SkyPanel/v3/internal/servers/tty/tty.go:407.16,409.3 1 0
github.com/SkyPanel/SkyPanel/v3/internal/servers/tty/tty.go:411.2,411.40 1 0
github.com/SkyPanel/SkyPanel/v3/internal/servers/tty/tty.go:426.72,427.63 1 0
github.com/SkyPanel/SkyPanel/v3/internal/servers/tty/tty.go:427.63,433.3 5 0
github.com/SkyPanel/SkyPanel/v3/internal/servers/tty/tty.go:435.2,440.29 5 0
github.com/SkyPanel/SkyPanel/v3/internal/servers/tty/tty.go:440.29,442.3 1 0
github.com/SkyPanel/SkyPanel/v3/internal/servers/tty/tty.go:444.2,447.31 3 0
github.com/SkyPanel/SkyPanel/v3/internal/servers/tty/tty.go:447.31,452.3 1 0
github.com/SkyPanel/SkyPanel/v3/internal/servers/tty/tty.go:454.2,456.51 3 0
github.com/SkyPanel/SkyPanel/v3/internal/servers/tty/tty.go:456.51,458.3 1 0
github.com/SkyPanel/SkyPanel/v3/internal/servers/tty/tty.go:459.2,459.52 1 0
github.com/SkyPanel/SkyPanel/v3/internal/servers/tty/tty.go:459.52,462.17 3 0
github.com/SkyPanel/SkyPanel/v3/internal/servers/tty/tty.go:462.17,464.4 1 0
github.com/SkyPanel/SkyPanel/v3/internal/servers/tty/tty.go:465.3,471.4 3 0
github.com/SkyPanel/SkyPanel/v3/internal/servers/tty/tty.go:474.2,485.29 5 0
github.com/SkyPanel/SkyPanel/v3/internal/servers/tty/tty.go:485.29,488.3 2 0
github.com/SkyPanel/SkyPanel/v3/internal/servers/tty/tty.go:490.2,504.16 4 0
github.com/SkyPanel/SkyPanel/v3/internal/servers/tty/tty.go:504.16,506.3 1 0
github.com/SkyPanel/SkyPanel/v3/internal/servers/tty/tty.go:507.2,531.8 2 0
github.com/SkyPanel/SkyPanel/v3/internal/servers/tty/tty.go:534.37,536.2 1 0
github.com/SkyPanel/SkyPanel/v3/internal/servers/tty/tty.go:538.36,540.76 2 0
github.com/SkyPanel/SkyPanel/v3/internal/servers/tty/tty.go:540.76,541.17 1 0
github.com/SkyPanel/SkyPanel/v3/internal/servers/tty/tty.go:541.17,543.4 1 0
github.com/SkyPanel/SkyPanel/v3/internal/servers/tty/tty.go:544.3,544.20 1 0
github.com/SkyPanel/SkyPanel/v3/internal/servers/tty/tty.go:544.20,546.4 1 0
github.com/SkyPanel/SkyPanel/v3/internal/servers/tty/tty.go:547.3,547.13 1 0
github.com/SkyPanel/SkyPanel/v3/internal/servers/tty/tty.go:549.2,549.13 1 0
github.com/SkyPanel/SkyPanel/v3/internal/servers/docker/container_mount_source.go:22.45,24.70 2 0
github.com/SkyPanel/SkyPanel/v3/internal/servers/docker/container_mount_source.go:24.70,27.3 1 0
github.com/SkyPanel/SkyPanel/v3/internal/servers/docker/container_mount_source.go:29.2,30.16 2 0
github.com/SkyPanel/SkyPanel/v3/internal/servers/docker/container_mount_source.go:30.16,32.3 1 0
github.com/SkyPanel/SkyPanel/v3/internal/servers/docker/container_mount_source.go:33.2,36.16 3 0
github.com/SkyPanel/SkyPanel/v3/internal/servers/docker/container_mount_source.go:36.16,38.3 1 0
github.com/SkyPanel/SkyPanel/v3/internal/servers/docker/container_mount_source.go:40.2,42.16 3 0
github.com/SkyPanel/SkyPanel/v3/internal/servers/docker/container_mount_source.go:42.16,44.3 1 0
github.com/SkyPanel/SkyPanel/v3/internal/servers/docker/container_mount_source.go:47.2,50.16 3 0
github.com/SkyPanel/SkyPanel/v3/internal/servers/docker/container_mount_source.go:50.16,52.3 1 0
github.com/SkyPanel/SkyPanel/v3/internal/servers/docker/container_mount_source.go:53.2,58.16 5 0
github.com/SkyPanel/SkyPanel/v3/internal/servers/docker/container_mount_source.go:58.16,60.3 1 0
github.com/SkyPanel/SkyPanel/v3/internal/servers/docker/container_mount_source.go:62.2,64.31 3 0
github.com/SkyPanel/SkyPanel/v3/internal/servers/docker/container_mount_source.go:64.31,66.17 2 0
github.com/SkyPanel/SkyPanel/v3/internal/servers/docker/container_mount_source.go:66.17,68.12 1 0
github.com/SkyPanel/SkyPanel/v3/internal/servers/docker/container_mount_source.go:71.3,73.11 3 0
github.com/SkyPanel/SkyPanel/v3/internal/servers/docker/container_mount_source.go:76.2,76.20 1 0
github.com/SkyPanel/SkyPanel/v3/internal/servers/docker/container_mount_source.go:76.20,79.3 2 0
github.com/SkyPanel/SkyPanel/v3/internal/servers/docker/container_mount_source.go:81.2,81.21 1 0
github.com/SkyPanel/SkyPanel/v3/internal/servers/docker/container_mount_source.go:81.21,83.3 1 0
github.com/SkyPanel/SkyPanel/v3/internal/servers/docker/container_mount_source.go:85.2,86.36 2 0
github.com/SkyPanel/SkyPanel/v3/internal/servers/docker/container_mount_source.go:86.36,88.15 2 0
github.com/SkyPanel/SkyPanel/v3/internal/servers/docker/container_mount_source.go:88.15,91.4 2 0
github.com/SkyPanel/SkyPanel/v3/internal/servers/docker/container_mount_source.go:93.3,94.15 2 0
github.com/SkyPanel/SkyPanel/v3/internal/servers/docker/container_mount_source.go:94.15,97.4 2 0
github.com/SkyPanel/SkyPanel/v3/internal/servers/docker/container_mount_source.go:99.3,99.28 1 0
github.com/SkyPanel/SkyPanel/v3/internal/servers/docker/container_mount_source.go:99.28,101.9 2 0
github.com/SkyPanel/SkyPanel/v3/internal/servers/docker/container_mount_source.go:105.2,105.22 1 0
github.com/SkyPanel/SkyPanel/v3/internal/servers/docker/container_mount_source.go:105.22,107.3 1 0
github.com/SkyPanel/SkyPanel/v3/internal/servers/docker/container_mount_source.go:109.2,109.84 1 0
github.com/SkyPanel/SkyPanel/v3/internal/servers/docker/container_mount_source.go:109.84,112.3 2 0
github.com/SkyPanel/SkyPanel/v3/internal/servers/docker/container_mount_source.go:114.2,116.8 3 0
github.com/SkyPanel/SkyPanel/v3/internal/servers/docker/docker.go:61.106,62.24 1 0
github.com/SkyPanel/SkyPanel/v3/internal/servers/docker/docker.go:62.24,64.3 1 0
github.com/SkyPanel/SkyPanel/v3/internal/servers/docker/docker.go:66.2,69.16 4 0
github.com/SkyPanel/SkyPanel/v3/internal/servers/docker/docker.go:69.16,71.3 1 0
github.com/SkyPanel/SkyPanel/v3/internal/servers/docker/docker.go:73.2,76.16 3 0
github.com/SkyPanel/SkyPanel/v3/internal/servers/docker/docker.go:76.16,78.3 1 0
github.com/SkyPanel/SkyPanel/v3/internal/servers/docker/docker.go:80.2,80.12 1 0
github.com/SkyPanel/SkyPanel/v3/internal/servers/docker/docker.go:80.12,82.3 1 0
github.com/SkyPanel/SkyPanel/v3/internal/servers/docker/docker.go:84.2,85.16 2 0
github.com/SkyPanel/SkyPanel/v3/internal/servers/docker/docker.go:85.16,87.3 1 0
github.com/SkyPanel/SkyPanel/v3/internal/servers/docker/docker.go:89.2,100.16 4 0
github.com/SkyPanel/SkyPanel/v3/internal/servers/docker/docker.go:100.16,102.3 1 0
github.com/SkyPanel/SkyPanel/v3/internal/servers/docker/docker.go:104.2,106.12 2 0
github.com/SkyPanel/SkyPanel/v3/internal/servers/docker/docker.go:106.12,109.3 2 0
github.com/SkyPanel/SkyPanel/v3/internal/servers/docker/docker.go:114.2,132.16 8 0
github.com/SkyPanel/SkyPanel/v3/internal/servers/docker/docker.go:132.16,134.3 1 0
github.com/SkyPanel/SkyPanel/v3/internal/servers/docker/docker.go:136.2,136.12 1 0
github.com/SkyPanel/SkyPanel/v3/internal/servers/docker/docker.go:139.68,141.16 2 0
github.com/SkyPanel/SkyPanel/v3/internal/servers/docker/docker.go:141.16,143.3 1 0
github.com/SkyPanel/SkyPanel/v3/internal/servers/docker/docker.go:145.2,145.14 1 0
github.com/SkyPanel/SkyPanel/v3/internal/servers/docker/docker.go:145.14,147.3 1 0
github.com/SkyPanel/SkyPanel/v3/internal/servers/docker/docker.go:149.2,150.16 2 0
github.com/SkyPanel/SkyPanel/v3/internal/servers/docker/docker.go:150.16,152.3 1 0
github.com/SkyPanel/SkyPanel/v3/internal/servers/docker/docker.go:153.2,154.12 2 0
github.com/SkyPanel/SkyPanel/v3/internal/servers/docker/docker.go:157.81,159.16 2 0
github.com/SkyPanel/SkyPanel/v3/internal/servers/docker/docker.go:159.16,161.3 1 0
github.com/SkyPanel/SkyPanel/v3/internal/servers/docker/docker.go:163.2,166.13 3 0
github.com/SkyPanel/SkyPanel/v3/internal/servers/docker/docker.go:166.13,168.3 1 0
github.com/SkyPanel/SkyPanel/v3/internal/servers/docker/docker.go:170.2,171.16 2 0
github.com/SkyPanel/SkyPanel/v3/internal/servers/docker/docker.go:171.16,173.3 1 0
github.com/SkyPanel/SkyPanel/v3/internal/servers/docker/docker.go:174.2,174.33 1 0
github.com/SkyPanel/SkyPanel/v3/internal/servers/docker/docker.go:177.97,179.16 2 0
github.com/SkyPanel/SkyPanel/v3/internal/servers/docker/docker.go:179.16,181.3 1 0
github.com/SkyPanel/SkyPanel/v3/internal/servers/docker/docker.go:183.2,183.14 1 0
github.com/SkyPanel/SkyPanel/v3/internal/servers/docker/docker.go:183.14,189.46 2 0
github.com/SkyPanel/SkyPanel/v3/internal/servers/docker/docker.go:189.46,191.4 1 0
github.com/SkyPanel/SkyPanel/v3/internal/servers/docker/docker.go:193.3,193.20 1 0
github.com/SkyPanel/SkyPanel/v3/internal/servers/docker/docker.go:196.2,200.59 3 0
github.com/SkyPanel/SkyPanel/v3/internal/servers/docker/docker.go:200.59,202.3 1 0
github.com/SkyPanel/SkyPanel/v3/internal/servers/docker/docker.go:204.2,206.16 2 0
github.com/SkyPanel/SkyPanel/v3/internal/servers/docker/docker.go:206.16,208.3 1 0
github.com/SkyPanel/SkyPanel/v3/internal/servers/docker/docker.go:210.2,212.15 3 0
github.com/SkyPanel/SkyPanel/v3/internal/servers/docker/docker.go:212.15,213.22 1 0
github.com/SkyPanel/SkyPanel/v3/internal/servers/docker/docker.go:213.22,215.4 1 0
github.com/SkyPanel/SkyPanel/v3/internal/servers/docker/docker.go:217.2,217.16 1 0
github.com/SkyPanel/SkyPanel/v3/internal/servers/docker/docker.go:217.16,219.3 1 0
github.com/SkyPanel/SkyPanel/v3/internal/servers/docker/docker.go:221.2,223.16 3 0
github.com/SkyPanel/SkyPanel/v3/internal/servers/docker/docker.go:223.16,225.3 1 0
github.com/SkyPanel/SkyPanel/v3/internal/servers/docker/docker.go:230.2,231.41 2 0
github.com/SkyPanel/SkyPanel/v3/internal/servers/docker/docker.go:231.41,234.3 2 0
github.com/SkyPanel/SkyPanel/v3/internal/servers/docker/docker.go:236.2,238.29 3 0
github.com/SkyPanel/SkyPanel/v3/internal/servers/docker/docker.go:238.29,240.18 2 0
github.com/SkyPanel/SkyPanel/v3/internal/servers/docker/docker.go:240.18,243.4 2 0
github.com/SkyPanel/SkyPanel/v3/internal/servers/docker/docker.go:245.2,249.102 4 0
github.com/SkyPanel/SkyPanel/v3/internal/servers/docker/docker.go:249.102,252.3 2 0
github.com/SkyPanel/SkyPanel/v3/internal/servers/docker/docker.go:254.2,255.61 2 0
github.com/SkyPanel/SkyPanel/v3/internal/servers/docker/docker.go:255.61,256.74 1 0
github.com/SkyPanel/SkyPanel/v3/internal/servers/docker/docker.go:256.74,258.4 1 0
github.com/SkyPanel/SkyPanel/v3/internal/servers/docker/docker.go:261.2,272.71 2 0
github.com/SkyPanel/SkyPanel/v3/internal/servers/docker/docker.go:272.71,274.16 2 0
github.com/SkyPanel/SkyPanel/v3/internal/servers/docker/docker.go:274.16,276.4 1 0
github.com/SkyPanel/SkyPanel/v3/internal/servers/docker/docker.go:278.3,284.15 2 0
github.com/SkyPanel/SkyPanel/v3/internal/servers/docker/docker.go:284.15,289.16 2 0
github.com/SkyPanel/SkyPanel/v3/internal/servers/docker/docker.go:289.16,291.5 1 0
github.com/SkyPanel/SkyPanel/v3/internal/servers/docker/docker.go:291.10,292.42 1 0
github.com/SkyPanel/SkyPanel/v3/internal/servers/docker/docker.go:292.42,294.6 1 0
github.com/SkyPanel/SkyPanel/v3/internal/servers/docker/docker.go:296.5,297.19 2 0
github.com/SkyPanel/SkyPanel/v3/internal/servers/docker/docker.go:297.19,299.6 1 0
github.com/SkyPanel/SkyPanel/v3/internal/servers/docker/docker.go:301.5,301.50 1 0
github.com/SkyPanel/SkyPanel/v3/internal/servers/docker/docker.go:304.3,304.23 1 0
github.com/SkyPanel/SkyPanel/v3/internal/servers/docker/docker.go:304.23,306.4 1 0
github.com/SkyPanel/SkyPanel/v3/internal/servers/docker/docker.go:309.2,312.19 3 0
github.com/SkyPanel/SkyPanel/v3/internal/servers/docker/docker.go:315.54,317.18 2 0
github.com/SkyPanel/SkyPanel/v3/internal/servers/docker/docker.go:317.18,321.3 3 0
github.com/SkyPanel/SkyPanel/v3/internal/servers/docker/docker.go:322.2,322.19 1 0
github.com/SkyPanel/SkyPanel/v3/internal/servers/docker/docker.go:325.94,334.16 5 0
github.com/SkyPanel/SkyPanel/v3/internal/servers/docker/docker.go:334.16,336.3 1 0
github.com/SkyPanel/SkyPanel/v3/internal/servers/docker/docker.go:338.2,338.39 1 0
github.com/SkyPanel/SkyPanel/v3/internal/servers/docker/docker.go:338.39,339.39 1 0
github.com/SkyPanel/SkyPanel/v3/internal/servers/docker/docker.go:339.39,341.4 1 0
github.com/SkyPanel/SkyPanel/v3/internal/servers/docker/docker.go:344.2,344.19 1 0
github.com/SkyPanel/SkyPanel/v3/internal/servers/docker/docker.go:347.120,348.24 1 0
github.com/SkyPanel/SkyPanel/v3/internal/servers/docker/docker.go:348.24,350.3 1 0
github.com/SkyPanel/SkyPanel/v3/internal/servers/docker/docker.go:352.2,352.12 1 0
github.com/SkyPanel/SkyPanel/v3/internal/servers/docker/docker.go:352.12,356.22 3 0
github.com/SkyPanel/SkyPanel/v3/internal/servers/docker/docker.go:356.22,358.4 1 0
github.com/SkyPanel/SkyPanel/v3/internal/servers/docker/docker.go:360.3,367.17 4 0
github.com/SkyPanel/SkyPanel/v3/internal/servers/docker/docker.go:367.17,369.4 1 0
github.com/SkyPanel/SkyPanel/v3/internal/servers/docker/docker.go:371.3,371.28 1 0
github.com/SkyPanel/SkyPanel/v3/internal/servers/docker/docker.go:371.28,372.33 1 0
github.com/SkyPanel/SkyPanel/v3/internal/servers/docker/docker.go:372.33,373.23 1 0
github.com/SkyPanel/SkyPanel/v3/internal/servers/docker/docker.go:373.23,375.11 2 0
github.com/SkyPanel/SkyPanel/v3/internal/servers/docker/docker.go:378.4,378.14 1 0
github.com/SkyPanel/SkyPanel/v3/internal/servers/docker/docker.go:378.14,379.10 1 0
github.com/SkyPanel/SkyPanel/v3/internal/servers/docker/docker.go:383.3,385.13 2 0
github.com/SkyPanel/SkyPanel/v3/internal/servers/docker/docker.go:385.13,387.4 1 0
github.com/SkyPanel/SkyPanel/v3/internal/servers/docker/docker.go:390.2,396.15 5 0
github.com/SkyPanel/SkyPanel/v3/internal/servers/docker/docker.go:396.15,398.3 1 0
github.com/SkyPanel/SkyPanel/v3/internal/servers/docker/docker.go:400.2,402.16 3 0
github.com/SkyPanel/SkyPanel/v3/internal/servers/docker/docker.go:402.16,404.3 1 0
github.com/SkyPanel/SkyPanel/v3/internal/servers/docker/docker.go:406.2,409.16 3 0
github.com/SkyPanel/SkyPanel/v3/internal/servers/docker/docker.go:409.16,411.3 1 0
github.com/SkyPanel/SkyPanel/v3/internal/servers/docker/docker.go:413.2,415.12 3 0
github.com/SkyPanel/SkyPanel/v3/internal/servers/docker/docker.go:418.125,421.25 3 0
github.com/SkyPanel/SkyPanel/v3/internal/servers/docker/docker.go:421.25,423.3 1 0
github.com/SkyPanel/SkyPanel/v3/internal/servers/docker/docker.go:425.2,425.31 1 0
github.com/SkyPanel/SkyPanel/v3/internal/servers/docker/docker.go:425.31,426.37 1 0
github.com/SkyPanel/SkyPanel/v3/internal/servers/docker/docker.go:426.37,428.4 1 0
github.com/SkyPanel/SkyPanel/v3/internal/servers/docker/docker.go:431.2,435.16 3 0
github.com/SkyPanel/SkyPanel/v3/internal/servers/docker/docker.go:435.16,437.3 1 0
github.com/SkyPanel/SkyPanel/v3/internal/servers/docker/docker.go:439.2,442.24 3 0
github.com/SkyPanel/SkyPanel/v3/internal/servers/docker/docker.go:442.24,444.3 1 0
github.com/SkyPanel/SkyPanel/v3/internal/servers/docker/docker.go:445.2,445.25 1 0
github.com/SkyPanel/SkyPanel/v3/internal/servers/docker/docker.go:445.25,447.3 1 0
github.com/SkyPanel/SkyPanel/v3/internal/servers/docker/docker.go:449.2,455.29 3 0
github.com/SkyPanel/SkyPanel/v3/internal/servers/docker/docker.go:455.29,457.3 1 0
github.com/SkyPanel/SkyPanel/v3/internal/servers/docker/docker.go:459.2,472.33 10 0
github.com/SkyPanel/SkyPanel/v3/internal/servers/docker/docker.go:472.33,474.3 1 0
github.com/SkyPanel/SkyPanel/v3/internal/servers/docker/docker.go:476.2,476.38 1 0
github.com/SkyPanel/SkyPanel/v3/internal/servers/docker/docker.go:476.38,478.3 1 0
github.com/SkyPanel/SkyPanel/v3/internal/servers/docker/docker.go:481.2,483.40 2 0
github.com/SkyPanel/SkyPanel/v3/internal/servers/docker/docker.go:483.40,485.13 2 0
github.com/SkyPanel/SkyPanel/v3/internal/servers/docker/docker.go:485.13,486.12 1 0
github.com/SkyPanel/SkyPanel/v3/internal/servers/docker/docker.go:488.3,488.40 1 0
github.com/SkyPanel/SkyPanel/v3/internal/servers/docker/docker.go:488.40,489.12 1 0
github.com/SkyPanel/SkyPanel/v3/internal/servers/docker/docker.go:491.3,491.23 1 0
github.com/SkyPanel/SkyPanel/v3/internal/servers/docker/docker.go:493.2,496.37 3 0
github.com/SkyPanel/SkyPanel/v3/internal/servers/docker/docker.go:496.37,498.3 1 0
github.com/SkyPanel/SkyPanel/v3/internal/servers/docker/docker.go:500.2,501.28 2 0
github.com/SkyPanel/SkyPanel/v3/internal/servers/docker/docker.go:501.28,503.3 1 0
github.com/SkyPanel/SkyPanel/v3/internal/servers/docker/docker.go:505.2,505.63 1 0
github.com/SkyPanel/SkyPanel/v3/internal/servers/docker/docker.go:505.63,507.3 1 0
github.com/SkyPanel/SkyPanel/v3/internal/servers/docker/docker.go:509.2,509.61 1 0
github.com/SkyPanel/SkyPanel/v3/internal/servers/docker/docker.go:509.61,511.3 1 0
github.com/SkyPanel/SkyPanel/v3/internal/servers/docker/docker.go:513.2,514.32 2 0
github.com/SkyPanel/SkyPanel/v3/internal/servers/docker/docker.go:514.32,516.3 1 0
github.com/SkyPanel/SkyPanel/v3/internal/servers/docker/docker.go:516.8,518.3 1 0
github.com/SkyPanel/SkyPanel/v3/internal/servers/docker/docker.go:521.2,521.26 1 0
github.com/SkyPanel/SkyPanel/v3/internal/servers/docker/docker.go:521.26,523.17 2 0
github.com/SkyPanel/SkyPanel/v3/internal/servers/docker/docker.go:523.17,525.4 1 0
github.com/SkyPanel/SkyPanel/v3/internal/servers/docker/docker.go:528.2,531.32 3 0
github.com/SkyPanel/SkyPanel/v3/internal/servers/docker/docker.go:531.32,533.3 1 0
github.com/SkyPanel/SkyPanel/v3/internal/servers/docker/docker.go:533.8,533.42 1 0
github.com/SkyPanel/SkyPanel/v3/internal/servers/docker/docker.go:533.42,536.16 3 0
github.com/SkyPanel/SkyPanel/v3/internal/servers/docker/docker.go:536.16,539.4 2 0
github.com/SkyPanel/SkyPanel/v3/internal/servers/docker/docker.go:541.2,541.24 1 0
github.com/SkyPanel/SkyPanel/v3/internal/servers/docker/docker.go:541.24,543.3 1 0
github.com/SkyPanel/SkyPanel/v3/internal/servers/docker/docker.go:545.2,545.28 1 0
github.com/SkyPanel/SkyPanel/v3/internal/servers/docker/docker.go:545.28,547.3 1 0
github.com/SkyPanel/SkyPanel/v3/internal/servers/docker/docker.go:549.2,553.34 4 0
github.com/SkyPanel/SkyPanel/v3/internal/servers/docker/docker.go:553.34,555.3 1 0
github.com/SkyPanel/SkyPanel/v3/internal/servers/docker/docker.go:557.2,560.16 3 0
github.com/SkyPanel/SkyPanel/v3/internal/servers/docker/docker.go:560.16,562.3 1 0
github.com/SkyPanel/SkyPanel/v3/internal/servers/docker/docker.go:564.2,564.36 1 0
github.com/SkyPanel/SkyPanel/v3/internal/servers/docker/docker.go:564.36,566.3 1 0
github.com/SkyPanel/SkyPanel/v3/internal/servers/docker/docker.go:568.2,568.33 1 0
github.com/SkyPanel/SkyPanel/v3/internal/servers/docker/docker.go:568.33,569.92 1 0
github.com/SkyPanel/SkyPanel/v3/internal/servers/docker/docker.go:569.92,574.4 1 0
github.com/SkyPanel/SkyPanel/v3/internal/servers/docker/docker.go:577.2,577.41 1 0
github.com/SkyPanel/SkyPanel/v3/internal/servers/docker/docker.go:577.41,579.3 1 0
github.com/SkyPanel/SkyPanel/v3/internal/servers/docker/docker.go:581.2,581.41 1 0
github.com/SkyPanel/SkyPanel/v3/internal/servers/docker/docker.go:581.41,583.3 1 0
github.com/SkyPanel/SkyPanel/v3/internal/servers/docker/docker.go:586.2,586.45 1 0
github.com/SkyPanel/SkyPanel/v3/internal/servers/docker/docker.go:586.45,587.61 1 0
github.com/SkyPanel/SkyPanel/v3/internal/servers/docker/docker.go:587.61,589.4 1 0
github.com/SkyPanel/SkyPanel/v3/internal/servers/docker/docker.go:593.2,593.48 1 0
github.com/SkyPanel/SkyPanel/v3/internal/servers/docker/docker.go:593.48,594.63 1 0
github.com/SkyPanel/SkyPanel/v3/internal/servers/docker/docker.go:594.63,597.4 2 0
github.com/SkyPanel/SkyPanel/v3/internal/servers/docker/docker.go:600.2,604.12 3 0
github.com/SkyPanel/SkyPanel/v3/internal/servers/docker/docker.go:607.82,610.28 2 0
github.com/SkyPanel/SkyPanel/v3/internal/servers/docker/docker.go:610.28,612.3 1 0
github.com/SkyPanel/SkyPanel/v3/internal/servers/docker/docker.go:614.2,616.16 2 0
github.com/SkyPanel/SkyPanel/v3/internal/servers/docker/docker.go:616.16,618.3 1 0
github.com/SkyPanel/SkyPanel/v3/internal/servers/docker/docker.go:620.2,621.83 2 0
github.com/SkyPanel/SkyPanel/v3/internal/servers/docker/docker.go:624.58,626.16 2 0
github.com/SkyPanel/SkyPanel/v3/internal/servers/docker/docker.go:626.16,628.3 1 0
github.com/SkyPanel/SkyPanel/v3/internal/servers/docker/docker.go:629.2,629.48 1 0
github.com/SkyPanel/SkyPanel/v3/internal/servers/docker/docker.go:632.58,634.16 2 0
github.com/SkyPanel/SkyPanel/v3/internal/servers/docker/docker.go:634.16,636.3 1 0
github.com/SkyPanel/SkyPanel/v3/internal/servers/docker/docker.go:637.2,637.48 1 0
github.com/SkyPanel/SkyPanel/v3/internal/servers/docker/docker.go:640.108,644.9 3 0
github.com/SkyPanel/SkyPanel/v3/internal/servers/docker/docker.go:645.28,646.3 1 0
github.com/SkyPanel/SkyPanel/v3/internal/servers/docker/docker.go:646.3,649.4 2 0
github.com/SkyPanel/SkyPanel/v3/internal/servers/docker/docker.go:650.24,651.3 1 0
github.com/SkyPanel/SkyPanel/v3/internal/servers/docker/docker.go:651.3,653.25 2 0
github.com/SkyPanel/SkyPanel/v3/internal/servers/docker/docker.go:653.25,655.5 1 0
github.com/SkyPanel/SkyPanel/v3/internal/servers/docker/docker.go:659.2,674.21 6 0
github.com/SkyPanel/SkyPanel/v3/internal/servers/docker/docker.go:674.21,676.3 1 0
github.com/SkyPanel/SkyPanel/v3/internal/servers/docker/docker.go:679.62,684.18 4 0
github.com/SkyPanel/SkyPanel/v3/internal/servers/docker/docker.go:684.18,686.3 1 0
github.com/SkyPanel/SkyPanel/v3/internal/servers/docker/docker.go:687.2,687.81 1 0
github.com/SkyPanel/SkyPanel/v3/internal/servers/docker/docker.go:690.36,692.76 2 0
github.com/SkyPanel/SkyPanel/v3/internal/servers/docker/docker.go:692.76,693.17 1 0
github.com/SkyPanel/SkyPanel/v3/internal/servers/docker/docker.go:693.17,695.4 1 0
github.com/SkyPanel/SkyPanel/v3/internal/servers/docker/docker.go:696.3,696.20 1 0
github.com/SkyPanel/SkyPanel/v3/internal/servers/docker/docker.go:696.20,698.4 1 0
github.com/SkyPanel/SkyPanel/v3/internal/servers/docker/docker.go:699.3,699.13 1 0
github.com/SkyPanel/SkyPanel/v3/internal/servers/docker/docker.go:701.2,701.13 1 0
github.com/SkyPanel/SkyPanel/v3/internal/servers/docker/docker.go:704.42,706.16 2 0
github.com/SkyPanel/SkyPanel/v3/internal/servers/docker/docker.go:706.16,707.13 1 0
github.com/SkyPanel/SkyPanel/v3/internal/servers/docker/docker.go:710.2,715.17 5 0
github.com/SkyPanel/SkyPanel/v3/internal/servers/docker/factory.go:11.64,24.2 1 0
github.com/SkyPanel/SkyPanel/v3/internal/servers/docker/factory.go:26.43,28.2 1 0
github.com/SkyPanel/SkyPanel/v3/internal/servers/docker/imagewriter.go:28.61,35.16 3 0
github.com/SkyPanel/SkyPanel/v3/internal/servers/docker/imagewriter.go:35.16,37.3 1 0
github.com/SkyPanel/SkyPanel/v3/internal/servers/docker/imagewriter.go:39.2,39.20 1 0
github.com/SkyPanel/SkyPanel/v3/internal/servers/docker/imagewriter.go:39.20,41.30 2 0
github.com/SkyPanel/SkyPanel/v3/internal/servers/docker/imagewriter.go:41.30,44.4 2 0
github.com/SkyPanel/SkyPanel/v3/internal/servers/docker/imagewriter.go:46.3,46.18 1 0
github.com/SkyPanel/SkyPanel/v3/internal/servers/docker/imagewriter.go:46.18,47.9 1 0
github.com/SkyPanel/SkyPanel/v3/internal/servers/docker/imagewriter.go:50.3,52.17 3 0
github.com/SkyPanel/SkyPanel/v3/internal/servers/docker/imagewriter.go:52.17,54.4 1 0
github.com/SkyPanel/SkyPanel/v3/internal/servers/docker/imagewriter.go:56.3,58.50 3 0
github.com/SkyPanel/SkyPanel/v3/internal/servers/docker/imagewriter.go:61.2,61.19 1 0
github.com/SkyPanel/SkyPanel/v3/internal/servers/docker/imagewriter.go:61.19,63.3 1 0
github.com/SkyPanel/SkyPanel/v3/internal/servers/docker/imagewriter.go:65.2,65.8 1 0
github.com/SkyPanel/SkyPanel/v3/pkg/skypanel/cache.go:22.33,24.19 2 0
github.com/SkyPanel/SkyPanel/v3/pkg/skypanel/cache.go:24.19,26.3 1 0
github.com/SkyPanel/SkyPanel/v3/pkg/skypanel/cache.go:27.2,30.3 1 0
github.com/SkyPanel/SkyPanel/v3/pkg/skypanel/cache.go:33.59,36.2 2 0
github.com/SkyPanel/SkyPanel/v3/pkg/skypanel/cache.go:38.78,46.29 5 0
github.com/SkyPanel/SkyPanel/v3/pkg/skypanel/cache.go:46.29,47.25 1 0
github.com/SkyPanel/SkyPanel/v3/pkg/skypanel/cache.go:47.25,49.4 1 0
github.com/SkyPanel/SkyPanel/v3/pkg/skypanel/cache.go:52.2,52.8 1 0
github.com/SkyPanel/SkyPanel/v3/pkg/skypanel/cache.go:55.58,62.28 5 0
github.com/SkyPanel/SkyPanel/v3/pkg/skypanel/cache.go:62.28,65.3 2 0
github.com/SkyPanel/SkyPanel/v3/pkg/skypanel/cache.go:67.2,72.8 5 0
github.com/SkyPanel/SkyPanel/v3/pkg/skypanel/client.go:14.26,16.2 1 0
github.com/SkyPanel/SkyPanel/v3/pkg/skypanel/client.go:18.57,20.2 1 0
github.com/SkyPanel/SkyPanel/v3/pkg/skypanel/client.go:22.83,25.16 2 0
github.com/SkyPanel/SkyPanel/v3/pkg/skypanel/client.go:25.16,27.3 1 0
github.com/SkyPanel/SkyPanel/v3/pkg/skypanel/client.go:28.2,31.12 3 0
github.com/SkyPanel/SkyPanel/v3/pkg/skypanel/console.go:15.37,15.38 0 0
github.com/SkyPanel/SkyPanel/v3/pkg/skypanel/console.go:17.42,19.2 1 0
github.com/SkyPanel/SkyPanel/v3/pkg/skypanel/console.go:21.63,23.2 1 0
github.com/SkyPanel/SkyPanel/v3/pkg/skypanel/download.go:16.65,19.16 3 0
github.com/SkyPanel/SkyPanel/v3/pkg/skypanel/download.go:19.16,21.3 1 0
github.com/SkyPanel/SkyPanel/v3/pkg/skypanel/download.go:23.2,27.16 4 0
github.com/SkyPanel/SkyPanel/v3/pkg/skypanel/download.go:27.16,29.3 1 0
github.com/SkyPanel/SkyPanel/v3/pkg/skypanel/download.go:31.2,32.12 2 0
github.com/SkyPanel/SkyPanel/v3/pkg/skypanel/download.go:35.54,38.36 3 0
github.com/SkyPanel/SkyPanel/v3/pkg/skypanel/download.go:38.36,40.3 1 0
github.com/SkyPanel/SkyPanel/v3/pkg/skypanel/download.go:42.2,44.16 3 0
github.com/SkyPanel/SkyPanel/v3/pkg/skypanel/download.go:44.16,46.3 1 0
github.com/SkyPanel/SkyPanel/v3/pkg/skypanel/download.go:48.2,52.16 4 0
github.com/SkyPanel/SkyPanel/v3/pkg/skypanel/download.go:52.16,54.3 1 0
github.com/SkyPanel/SkyPanel/v3/pkg/skypanel/download.go:56.2,57.12 2 0
github.com/SkyPanel/SkyPanel/v3/pkg/skypanel/download.go:60.54,63.16 3 0
github.com/SkyPanel/SkyPanel/v3/pkg/skypanel/download.go:63.16,65.3 1 0
github.com/SkyPanel/SkyPanel/v3/pkg/skypanel/download.go:66.2,66.27 1 0
github.com/SkyPanel/SkyPanel/v3/pkg/skypanel/download.go:69.70,71.16 2 0
github.com/SkyPanel/SkyPanel/v3/pkg/skypanel/download.go:71.16,74.3 2 0
github.com/SkyPanel/SkyPanel/v3/pkg/skypanel/download.go:75.2,77.36 3 0
github.com/SkyPanel/SkyPanel/v3/pkg/skypanel/download.go:77.36,80.3 2 0
github.com/SkyPanel/SkyPanel/v3/pkg/skypanel/download.go:81.2,82.16 2 0
github.com/SkyPanel/SkyPanel/v3/pkg/skypanel/download.go:82.16,86.3 3 0
github.com/SkyPanel/SkyPanel/v3/pkg/skypanel/download.go:87.2,89.16 3 0
github.com/SkyPanel/SkyPanel/v3/pkg/skypanel/download.go:89.16,93.3 2 0
github.com/SkyPanel/SkyPanel/v3/pkg/skypanel/download.go:94.2,95.16 2 0
github.com/SkyPanel/SkyPanel/v3/pkg/skypanel/download.go:95.16,97.3 1 0
github.com/SkyPanel/SkyPanel/v3/pkg/skypanel/download.go:98.2,99.16 2 0
github.com/SkyPanel/SkyPanel/v3/pkg/skypanel/download.go:99.16,101.3 1 0
github.com/SkyPanel/SkyPanel/v3/pkg/skypanel/download.go:102.2,102.15 1 0
github.com/SkyPanel/SkyPanel/v3/pkg/skypanel/download.go:105.117,106.16 1 0
github.com/SkyPanel/SkyPanel/v3/pkg/skypanel/download.go:106.16,108.3 1 0
github.com/SkyPanel/SkyPanel/v3/pkg/skypanel/download.go:110.2,110.12 1 0
github.com/SkyPanel/SkyPanel/v3/pkg/skypanel/download.go:110.12,113.3 1 0
github.com/SkyPanel/SkyPanel/v3/pkg/skypanel/download.go:115.2,117.29 2 0
github.com/SkyPanel/SkyPanel/v3/pkg/skypanel/download.go:117.29,119.3 1 0
github.com/SkyPanel/SkyPanel/v3/pkg/skypanel/download.go:122.2,123.24 2 0
github.com/SkyPanel/SkyPanel/v3/pkg/skypanel/download.go:123.24,126.3 1 0
github.com/SkyPanel/SkyPanel/v3/pkg/skypanel/download.go:126.8,126.23 1 0
github.com/SkyPanel/SkyPanel/v3/pkg/skypanel/download.go:126.23,129.3 2 0
github.com/SkyPanel/SkyPanel/v3/pkg/skypanel/download.go:131.2,132.41 2 0
github.com/SkyPanel/SkyPanel/v3/pkg/skypanel/download.go:132.41,136.3 3 0
github.com/SkyPanel/SkyPanel/v3/pkg/skypanel/download.go:137.2,139.16 3 0
github.com/SkyPanel/SkyPanel/v3/pkg/skypanel/download.go:139.16,141.3 1 0
github.com/SkyPanel/SkyPanel/v3/pkg/skypanel/download.go:142.2,142.24 1 0
github.com/SkyPanel/SkyPanel/v3/pkg/skypanel/download.go:142.24,145.3 2 0
github.com/SkyPanel/SkyPanel/v3/pkg/skypanel/download.go:147.2,149.42 3 0
github.com/SkyPanel/SkyPanel/v3/pkg/skypanel/download.go:152.74,156.16 4 0
github.com/SkyPanel/SkyPanel/v3/pkg/skypanel/download.go:156.16,158.3 1 0
github.com/SkyPanel/SkyPanel/v3/pkg/skypanel/download.go:160.2,162.16 3 0
github.com/SkyPanel/SkyPanel/v3/pkg/skypanel/download.go:162.16,164.3 1 0
github.com/SkyPanel/SkyPanel/v3/pkg/skypanel/download.go:166.2,166.26 1 0
github.com/SkyPanel/SkyPanel/v3/pkg/skypanel/download.go:169.84,172.16 3 0
github.com/SkyPanel/SkyPanel/v3/pkg/skypanel/download.go:172.16,175.3 2 0
github.com/SkyPanel/SkyPanel/v3/pkg/skypanel/download.go:177.2,177.68 1 0
github.com/SkyPanel/SkyPanel/v3/pkg/skypanel/environment.go:66.58,68.16 2 0
github.com/SkyPanel/SkyPanel/v3/pkg/skypanel/environment.go:68.16,70.3 1 0
github.com/SkyPanel/SkyPanel/v3/pkg/skypanel/environment.go:71.2,71.31 1 0
github.com/SkyPanel/SkyPanel/v3/pkg/skypanel/environment.go:74.69,76.16 2 0
github.com/SkyPanel/SkyPanel/v3/pkg/skypanel/environment.go:76.16,78.3 1 0
github.com/SkyPanel/SkyPanel/v3/pkg/skypanel/environment.go:79.2,79.13 1 0
github.com/SkyPanel/SkyPanel/v3/pkg/skypanel/environment.go:79.13,82.3 2 0
github.com/SkyPanel/SkyPanel/v3/pkg/skypanel/environment.go:85.2,87.52 2 0
github.com/SkyPanel/SkyPanel/v3/pkg/skypanel/environment.go:90.102,91.21 1 0
github.com/SkyPanel/SkyPanel/v3/pkg/skypanel/environment.go:92.16,97.4 1 0
github.com/SkyPanel/SkyPanel/v3/pkg/skypanel/environment.go:98.14,103.4 1 0
github.com/SkyPanel/SkyPanel/v3/pkg/skypanel/environment.go:104.16,109.4 1 0
github.com/SkyPanel/SkyPanel/v3/pkg/skypanel/environment.go:110.10,111.42 1 0
github.com/SkyPanel/SkyPanel/v3/pkg/skypanel/environment.go:115.49,117.2 1 0
github.com/SkyPanel/SkyPanel/v3/pkg/skypanel/environment.go:119.66,122.2 2 0
github.com/SkyPanel/SkyPanel/v3/pkg/skypanel/environment.go:124.80,127.2 2 0
github.com/SkyPanel/SkyPanel/v3/pkg/skypanel/environment.go:129.54,131.2 1 0
github.com/SkyPanel/SkyPanel/v3/pkg/skypanel/environment.go:133.52,135.2 1 0
github.com/SkyPanel/SkyPanel/v3/pkg/skypanel/environment.go:137.53,139.2 1 0
github.com/SkyPanel/SkyPanel/v3/pkg/skypanel/environment.go:141.50,143.2 1 0
github.com/SkyPanel/SkyPanel/v3/pkg/skypanel/environment.go:145.86,147.12 2 0
github.com/SkyPanel/SkyPanel/v3/pkg/skypanel/environment.go:147.12,148.39 1 0
github.com/SkyPanel/SkyPanel/v3/pkg/skypanel/environment.go:148.39,150.4 1 0
github.com/SkyPanel/SkyPanel/v3/pkg/skypanel/environment.go:151.3,151.32 1 0
github.com/SkyPanel/SkyPanel/v3/pkg/skypanel/environment.go:153.2,153.20 1 0
github.com/SkyPanel/SkyPanel/v3/pkg/skypanel/environment.go:153.20,156.3 2 0
github.com/SkyPanel/SkyPanel/v3/pkg/skypanel/environment.go:156.8,159.3 2 0
github.com/SkyPanel/SkyPanel/v3/pkg/skypanel/environment.go:162.38,164.2 1 0
github.com/SkyPanel/SkyPanel/v3/pkg/skypanel/environment.go:166.44,169.2 2 0
github.com/SkyPanel/SkyPanel/v3/pkg/skypanel/environment.go:171.38,173.21 2 0
github.com/SkyPanel/SkyPanel/v3/pkg/skypanel/environment.go:173.21,175.3 1 0
github.com/SkyPanel/SkyPanel/v3/pkg/skypanel/environment.go:176.2,176.12 1 0
github.com/SkyPanel/SkyPanel/v3/pkg/skypanel/environment.go:179.50,181.2 1 0
github.com/SkyPanel/SkyPanel/v3/pkg/skypanel/environment.go:183.80,185.16 2 0
github.com/SkyPanel/SkyPanel/v3/pkg/skypanel/environment.go:185.16,187.3 1 0
github.com/SkyPanel/SkyPanel/v3/pkg/skypanel/environment.go:188.2,188.13 1 0
github.com/SkyPanel/SkyPanel/v3/pkg/skypanel/environment.go:188.13,189.18 1 0
github.com/SkyPanel/SkyPanel/v3/pkg/skypanel/environment.go:189.18,190.47 1 0
github.com/SkyPanel/SkyPanel/v3/pkg/skypanel/environment.go:190.47,192.5 1 0
github.com/SkyPanel/SkyPanel/v3/pkg/skypanel/environment.go:193.4,194.16 2 0
github.com/SkyPanel/SkyPanel/v3/pkg/skypanel/environment.go:195.9,197.4 1 0
github.com/SkyPanel/SkyPanel/v3/pkg/skypanel/environment.go:199.2,199.8 1 0
github.com/SkyPanel/SkyPanel/v3/pkg/skypanel/environment.go:202.39,203.35 1 0
github.com/SkyPanel/SkyPanel/v3/pkg/skypanel/environment.go:203.35,206.3 1 0
github.com/SkyPanel/SkyPanel/v3/pkg/skypanel/environment.go:206.8,208.3 1 0
github.com/SkyPanel/SkyPanel/v3/pkg/skypanel/environment.go:211.45,213.2 1 0
github.com/SkyPanel/SkyPanel/v3/pkg/skypanel/environment.go:215.46,217.2 1 0
github.com/SkyPanel/SkyPanel/v3/pkg/skypanel/environment.go:219.77,222.2 2 0
github.com/SkyPanel/SkyPanel/v3/pkg/skypanel/environment.go:224.43,226.2 1 0
github.com/SkyPanel/SkyPanel/v3/pkg/skypanel/environment.go:228.48,236.2 2 0
github.com/SkyPanel/SkyPanel/v3/pkg/skypanel/environment.go:238.68,240.16 2 0
github.com/SkyPanel/SkyPanel/v3/pkg/skypanel/environment.go:240.16,242.3 1 0
github.com/SkyPanel/SkyPanel/v3/pkg/skypanel/environment.go:243.2,243.14 1 0
github.com/SkyPanel/SkyPanel/v3/pkg/skypanel/environment.go:243.14,246.3 2 0
github.com/SkyPanel/SkyPanel/v3/pkg/skypanel/environment.go:247.2,248.8 2 0
github.com/SkyPanel/SkyPanel/v3/pkg/skypanel/environment.go:251.63,253.2 1 0
github.com/SkyPanel/SkyPanel/v3/pkg/skypanel/environment.go:255.36,257.2 1 0
github.com/SkyPanel/SkyPanel/v3/pkg/skypanel/environment.go:259.56,261.2 1 0
github.com/SkyPanel/SkyPanel/v3/pkg/skypanel/environment.go:263.48,265.2 1 0
github.com/SkyPanel/SkyPanel/v3/pkg/skypanel/environment.go:267.36,269.2 1 0
github.com/SkyPanel/SkyPanel/v3/pkg/skypanel/environment.go:271.36,273.2 1 0
github.com/SkyPanel/SkyPanel/v3/pkg/skypanel/errors.go:62.55,64.2 1 0
github.com/SkyPanel/SkyPanel/v3/pkg/skypanel/errors.go:66.56,68.2 1 0
github.com/SkyPanel/SkyPanel/v3/pkg/skypanel/errors.go:70.50,72.2 1 0
github.com/SkyPanel/SkyPanel/v3/pkg/skypanel/errors.go:74.71,76.2 1 0
github.com/SkyPanel/SkyPanel/v3/pkg/skypanel/errors.go:78.54,80.2 1 0
github.com/SkyPanel/SkyPanel/v3/pkg/skypanel/errors.go:82.61,84.2 1 0
github.com/SkyPanel/SkyPanel/v3/pkg/skypanel/errors.go:86.62,88.2 1 0
github.com/SkyPanel/SkyPanel/v3/pkg/skypanel/errors.go:90.59,92.2 1 0
github.com/SkyPanel/SkyPanel/v3/pkg/skypanel/errors.go:94.57,96.2 1 0
github.com/SkyPanel/SkyPanel/v3/pkg/skypanel/errors.go:98.67,100.2 1 0
github.com/SkyPanel/SkyPanel/v3/pkg/skypanel/errors.go:102.67,104.2 1 0
github.com/SkyPanel/SkyPanel/v3/pkg/skypanel/errors.go:106.78,108.2 1 0
github.com/SkyPanel/SkyPanel/v3/pkg/skypanel/errors.go:110.64,112.2 1 0
github.com/SkyPanel/SkyPanel/v3/pkg/skypanel/errors.go:114.67,116.2 1 0
github.com/SkyPanel/SkyPanel/v3/pkg/skypanel/errors.go:118.54,120.2 1 0
github.com/SkyPanel/SkyPanel/v3/pkg/skypanel/errors.go:122.76,124.2 1 0
github.com/SkyPanel/SkyPanel/v3/pkg/skypanel/errors.go:126.67,128.2 1 0
github.com/SkyPanel/SkyPanel/v3/pkg/skypanel/errors.go:132.61,134.2 1 0
github.com/SkyPanel/SkyPanel/v3/pkg/skypanel/errors.go:136.63,138.2 1 0
github.com/SkyPanel/SkyPanel/v3/pkg/skypanel/errors.go:140.53,142.2 1 0
github.com/SkyPanel/SkyPanel/v3/pkg/skypanel/errors.go:144.46,146.2 1 0
github.com/SkyPanel/SkyPanel/v3/pkg/skypanel/errors.go:148.61,150.2 1 0
github.com/SkyPanel/SkyPanel/v3/pkg/skypanel/errors.go:152.66,154.2 1 0
github.com/SkyPanel/SkyPanel/v3/pkg/skypanel/errors.go:156.54,158.2 1 0
github.com/SkyPanel/SkyPanel/v3/pkg/skypanel/errors.go:160.49,162.27 2 0
github.com/SkyPanel/SkyPanel/v3/pkg/skypanel/errors.go:162.27,164.26 2 0
github.com/SkyPanel/SkyPanel/v3/pkg/skypanel/errors.go:164.26,166.23 2 0
github.com/SkyPanel/SkyPanel/v3/pkg/skypanel/errors.go:166.23,168.5 1 0
github.com/SkyPanel/SkyPanel/v3/pkg/skypanel/errors.go:169.4,169.24 1 0
github.com/SkyPanel/SkyPanel/v3/pkg/skypanel/errors.go:171.3,171.45 1 0
github.com/SkyPanel/SkyPanel/v3/pkg/skypanel/errors.go:173.2,173.12 1 0
github.com/SkyPanel/SkyPanel/v3/pkg/skypanel/errors.go:183.38,185.2 1 0
github.com/SkyPanel/SkyPanel/v3/pkg/skypanel/errors.go:187.35,189.2 1 0
github.com/SkyPanel/SkyPanel/v3/pkg/skypanel/errors.go:191.33,193.2 1 0
github.com/SkyPanel/SkyPanel/v3/pkg/skypanel/errors.go:195.40,197.9 2 0
github.com/SkyPanel/SkyPanel/v3/pkg/skypanel/errors.go:197.9,199.3 1 0
github.com/SkyPanel/SkyPanel/v3/pkg/skypanel/errors.go:200.2,200.36 1 0
github.com/SkyPanel/SkyPanel/v3/pkg/skypanel/errors.go:203.67,207.2 3 0
github.com/SkyPanel/SkyPanel/v3/pkg/skypanel/errors.go:209.43,214.2 1 47
github.com/SkyPanel/SkyPanel/v3/pkg/skypanel/errors.go:216.34,217.16 1 0
github.com/SkyPanel/SkyPanel/v3/pkg/skypanel/errors.go:217.16,219.3 1 0
github.com/SkyPanel/SkyPanel/v3/pkg/skypanel/errors.go:221.2,222.24 2 0
github.com/SkyPanel/SkyPanel/v3/pkg/skypanel/errors.go:222.24,224.3 1 0
github.com/SkyPanel/SkyPanel/v3/pkg/skypanel/errors.go:225.2,225.47 1 0
github.com/SkyPanel/SkyPanel/v3/pkg/skypanel/errors.go:228.16,229.34 1 0
github.com/SkyPanel/SkyPanel/v3/pkg/skypanel/errors.go:229.34,230.32 1 0
github.com/SkyPanel/SkyPanel/v3/pkg/skypanel/errors.go:230.32,232.4 1 0
github.com/SkyPanel/SkyPanel/v3/pkg/skypanel/errors.go:234.3,234.72 1 0
github.com/SkyPanel/SkyPanel/v3/pkg/skypanel/requirements.go:20.49,22.20 2 0
github.com/SkyPanel/SkyPanel/v3/pkg/skypanel/requirements.go:22.20,24.27 2 0
github.com/SkyPanel/SkyPanel/v3/pkg/skypanel/requirements.go:24.27,25.25 1 0
github.com/SkyPanel/SkyPanel/v3/pkg/skypanel/requirements.go:25.25,27.10 2 0
github.com/SkyPanel/SkyPanel/v3/pkg/skypanel/requirements.go:30.3,30.14 1 0
github.com/SkyPanel/SkyPanel/v3/pkg/skypanel/requirements.go:30.14,32.4 1 0
github.com/SkyPanel/SkyPanel/v3/pkg/skypanel/requirements.go:35.2,36.22 2 0
github.com/SkyPanel/SkyPanel/v3/pkg/skypanel/requirements.go:36.22,38.29 2 0
github.com/SkyPanel/SkyPanel/v3/pkg/skypanel/requirements.go:38.29,39.27 1 0
github.com/SkyPanel/SkyPanel/v3/pkg/skypanel/requirements.go:39.27,41.10 2 0
github.com/SkyPanel/SkyPanel/v3/pkg/skypanel/requirements.go:44.3,44.14 1 0
github.com/SkyPanel/SkyPanel/v3/pkg/skypanel/requirements.go:44.14,46.4 1 0
github.com/SkyPanel/SkyPanel/v3/pkg/skypanel/requirements.go:51.2,53.16 3 0
github.com/SkyPanel/SkyPanel/v3/pkg/skypanel/requirements.go:53.16,55.3 1 0
github.com/SkyPanel/SkyPanel/v3/pkg/skypanel/requirements.go:57.2,57.30 1 0
github.com/SkyPanel/SkyPanel/v3/pkg/skypanel/requirements.go:57.30,59.17 2 0
github.com/SkyPanel/SkyPanel/v3/pkg/skypanel/requirements.go:59.17,61.4 1 0
github.com/SkyPanel/SkyPanel/v3/pkg/skypanel/requirements.go:63.3,67.17 4 0
github.com/SkyPanel/SkyPanel/v3/pkg/skypanel/requirements.go:67.17,69.4 1 0
github.com/SkyPanel/SkyPanel/v3/pkg/skypanel/requirements.go:70.8,74.32 1 0
github.com/SkyPanel/SkyPanel/v3/pkg/skypanel/requirements.go:74.32,78.36 3 0
github.com/SkyPanel/SkyPanel/v3/pkg/skypanel/requirements.go:78.36,82.19 4 0
github.com/SkyPanel/SkyPanel/v3/pkg/skypanel/requirements.go:82.19,84.6 1 0
github.com/SkyPanel/SkyPanel/v3/pkg/skypanel/requirements.go:86.4,86.14 1 0
github.com/SkyPanel/SkyPanel/v3/pkg/skypanel/requirements.go:86.14,88.5 1 0
github.com/SkyPanel/SkyPanel/v3/pkg/skypanel/requirements.go:92.2,92.12 1 0
github.com/SkyPanel/SkyPanel/v3/pkg/skypanel/requirements.go:95.47,96.15 1 5
github.com/SkyPanel/SkyPanel/v3/pkg/skypanel/requirements.go:96.15,98.3 1 1
github.com/SkyPanel/SkyPanel/v3/pkg/skypanel/requirements.go:99.2,100.22 2 4
github.com/SkyPanel/SkyPanel/v3/pkg/skypanel/requirements.go:100.22,102.3 1 6
github.com/SkyPanel/SkyPanel/v3/pkg/skypanel/requirements.go:103.2,103.10 1 4
github.com/SkyPanel/SkyPanel/v3/pkg/skypanel/server.go:67.48,79.2 11 0
github.com/SkyPanel/SkyPanel/v3/pkg/skypanel/server.go:81.53,84.32 2 0
github.com/SkyPanel/SkyPanel/v3/pkg/skypanel/server.go:84.32,86.3 1 0
github.com/SkyPanel/SkyPanel/v3/pkg/skypanel/server.go:88.2,88.15 1 0
github.com/SkyPanel/SkyPanel/v3/pkg/skypanel/stdin.go:18.105,25.2 1 0
github.com/SkyPanel/SkyPanel/v3/pkg/skypanel/stdin.go:27.70,29.51 2 0
github.com/SkyPanel/SkyPanel/v3/pkg/skypanel/stdin.go:29.51,31.3 1 0
github.com/SkyPanel/SkyPanel/v3/pkg/skypanel/stdin.go:32.2,32.20 1 0
github.com/SkyPanel/SkyPanel/v3/pkg/skypanel/stdin.go:32.20,34.3 1 0
github.com/SkyPanel/SkyPanel/v3/pkg/skypanel/stdin.go:35.2,36.12 2 0
github.com/SkyPanel/SkyPanel/v3/pkg/skypanel/tracker.go:17.31,19.2 1 0
github.com/SkyPanel/SkyPanel/v3/pkg/skypanel/tracker.go:21.43,25.2 3 0
github.com/SkyPanel/SkyPanel/v3/pkg/skypanel/tracker.go:27.57,29.16 2 0
github.com/SkyPanel/SkyPanel/v3/pkg/skypanel/tracker.go:29.16,31.3 1 0
github.com/SkyPanel/SkyPanel/v3/pkg/skypanel/tracker.go:32.2,35.39 3 0
github.com/SkyPanel/SkyPanel/v3/pkg/skypanel/tracker.go:35.39,36.38 1 0
github.com/SkyPanel/SkyPanel/v3/pkg/skypanel/tracker.go:36.38,38.18 2 0
github.com/SkyPanel/SkyPanel/v3/pkg/skypanel/tracker.go:38.18,42.34 4 0
github.com/SkyPanel/SkyPanel/v3/pkg/skypanel/tracker.go:42.34,43.19 1 0
github.com/SkyPanel/SkyPanel/v3/pkg/skypanel/tracker.go:43.19,47.12 4 0
github.com/SkyPanel/SkyPanel/v3/pkg/skypanel/tracker.go:54.2,54.12 1 0
github.com/SkyPanel/SkyPanel/v3/pkg/skypanel/tracker.go:57.58,65.2 4 0
github.com/SkyPanel/SkyPanel/v3/pkg/skypanel/tracker.go:67.41,69.2 1 0
github.com/SkyPanel/SkyPanel/v3/pkg/skypanel/tracker.go:77.55,79.2 1 0
github.com/SkyPanel/SkyPanel/v3/pkg/skypanel/tracker.go:81.50,85.2 3 0
github.com/SkyPanel/SkyPanel/v3/pkg/skypanel/tracker.go:87.52,89.16 2 0
github.com/SkyPanel/SkyPanel/v3/pkg/skypanel/tracker.go:89.16,91.3 1 0
github.com/SkyPanel/SkyPanel/v3/pkg/skypanel/tracker.go:92.2,93.12 2 0
github.com/SkyPanel/SkyPanel/v3/pkg/skypanel/tracker.go:96.32,98.2 1 0
github.com/SkyPanel/SkyPanel/v3/pkg/skypanel/typewithmetadata.go:24.55,26.16 2 0
github.com/SkyPanel/SkyPanel/v3/pkg/skypanel/typewithmetadata.go:26.16,28.3 1 0
github.com/SkyPanel/SkyPanel/v3/pkg/skypanel/typewithmetadata.go:30.2,33.53 4 0
github.com/SkyPanel/SkyPanel/v3/pkg/skypanel/typewithmetadata.go:33.53,35.3 1 0
github.com/SkyPanel/SkyPanel/v3/pkg/skypanel/typewithmetadata.go:37.2,38.12 2 0
github.com/SkyPanel/SkyPanel/v3/pkg/skypanel/typewithmetadata.go:41.54,46.16 4 0
github.com/SkyPanel/SkyPanel/v3/pkg/skypanel/typewithmetadata.go:46.16,48.3 1 0
github.com/SkyPanel/SkyPanel/v3/pkg/skypanel/typewithmetadata.go:50.2,50.31 1 0
github.com/SkyPanel/SkyPanel/v3/pkg/skypanel/typewithmetadata.go:50.31,53.17 3 0
github.com/SkyPanel/SkyPanel/v3/pkg/skypanel/typewithmetadata.go:53.17,55.4 1 0
github.com/SkyPanel/SkyPanel/v3/pkg/skypanel/typewithmetadata.go:58.2,59.25 2 0
github.com/SkyPanel/SkyPanel/v3/pkg/skypanel/typewithmetadata.go:63.64,65.2 1 0
github.com/SkyPanel/SkyPanel/v3/pkg/skypanel/typewithmetadata.go:68.66,70.16 2 0
github.com/SkyPanel/SkyPanel/v3/pkg/skypanel/typewithmetadata.go:70.16,72.3 1 0
github.com/SkyPanel/SkyPanel/v3/pkg/skypanel/typewithmetadata.go:74.2,77.53 4 0
github.com/SkyPanel/SkyPanel/v3/pkg/skypanel/typewithmetadata.go:77.53,79.3 1 0
github.com/SkyPanel/SkyPanel/v3/pkg/skypanel/typewithmetadata.go:81.2,82.12 2 0
github.com/SkyPanel/SkyPanel/v3/pkg/skypanel/typewithmetadata.go:82.12,84.54 2 0
github.com/SkyPanel/SkyPanel/v3/pkg/skypanel/typewithmetadata.go:84.54,86.4 1 0
github.com/SkyPanel/SkyPanel/v3/pkg/skypanel/typewithmetadata.go:89.2,91.12 3 0
github.com/SkyPanel/SkyPanel/v3/pkg/skypanel/typewithmetadata.go:94.65,99.16 4 0
github.com/SkyPanel/SkyPanel/v3/pkg/skypanel/typewithmetadata.go:99.16,101.17 2 0
github.com/SkyPanel/SkyPanel/v3/pkg/skypanel/typewithmetadata.go:101.17,103.4 1 0
github.com/SkyPanel/SkyPanel/v3/pkg/skypanel/typewithmetadata.go:104.3,104.24 1 0
github.com/SkyPanel/SkyPanel/v3/pkg/skypanel/typewithmetadata.go:107.2,108.16 2 0
github.com/SkyPanel/SkyPanel/v3/pkg/skypanel/typewithmetadata.go:108.16,110.3 1 0
github.com/SkyPanel/SkyPanel/v3/pkg/skypanel/typewithmetadata.go:112.2,112.31 1 0
github.com/SkyPanel/SkyPanel/v3/pkg/skypanel/typewithmetadata.go:112.31,115.17 3 0
github.com/SkyPanel/SkyPanel/v3/pkg/skypanel/typewithmetadata.go:115.17,117.4 1 0
github.com/SkyPanel/SkyPanel/v3/pkg/skypanel/typewithmetadata.go:120.2,121.25 2 0
github.com/SkyPanel/SkyPanel/v3/pkg/skypanel/typewithmetadata.go:125.75,127.2 1 0
github.com/SkyPanel/SkyPanel/v3/pkg/skypanel/typewithmetadata.go:129.55,131.16 2 0
github.com/SkyPanel/SkyPanel/v3/pkg/skypanel/typewithmetadata.go:131.16,133.3 1 0
github.com/SkyPanel/SkyPanel/v3/pkg/skypanel/typewithmetadata.go:134.2,135.12 2 0
github.com/SkyPanel/SkyPanel/v3/pkg/skypanel/variable.go:25.59,27.50 2 4
github.com/SkyPanel/SkyPanel/v3/pkg/skypanel/variable.go:27.50,29.3 1 0
github.com/SkyPanel/SkyPanel/v3/pkg/skypanel/variable.go:30.2,30.25 1 4
github.com/SkyPanel/SkyPanel/v3/pkg/skypanel/variable.go:30.25,32.3 1 1
github.com/SkyPanel/SkyPanel/v3/pkg/skypanel/variable.go:35.2,35.22 1 4
github.com/SkyPanel/SkyPanel/v3/pkg/skypanel/variable.go:35.22,37.3 1 2
github.com/SkyPanel/SkyPanel/v3/pkg/skypanel/variable.go:40.2,40.23 1 4
github.com/SkyPanel/SkyPanel/v3/pkg/skypanel/variable.go:41.17,42.3 1 2
github.com/SkyPanel/SkyPanel/v3/pkg/skypanel/variable.go:42.3,44.18 2 2
github.com/SkyPanel/SkyPanel/v3/pkg/skypanel/variable.go:44.18,46.57 2 0
github.com/SkyPanel/SkyPanel/v3/pkg/skypanel/variable.go:46.57,47.19 1 0
github.com/SkyPanel/SkyPanel/v3/pkg/skypanel/variable.go:47.19,49.7 1 0
github.com/SkyPanel/SkyPanel/v3/pkg/skypanel/variable.go:53.17,54.3 1 0
github.com/SkyPanel/SkyPanel/v3/pkg/skypanel/variable.go:54.3,56.4 1 0
github.com/SkyPanel/SkyPanel/v3/pkg/skypanel/variable.go:59.2,60.8 2 4
github.com/SkyPanel/SkyPanel/v3/pkg/skypanel/version.go:11.13,13.2 1 1
github.com/SkyPanel/SkyPanel/v3/internal/web/loader.go:32.36,35.51 2 0
github.com/SkyPanel/SkyPanel/v3/internal/web/loader.go:35.51,37.3 1 0
github.com/SkyPanel/SkyPanel/v3/internal/web/loader.go:38.2,43.29 5 0
github.com/SkyPanel/SkyPanel/v3/internal/web/loader.go:43.29,45.3 1 0
github.com/SkyPanel/SkyPanel/v3/internal/web/loader.go:47.2,49.34 2 0
github.com/SkyPanel/SkyPanel/v3/internal/web/loader.go:49.34,51.3 1 0
github.com/SkyPanel/SkyPanel/v3/internal/web/loader.go:53.2,53.33 1 0
github.com/SkyPanel/SkyPanel/v3/internal/web/loader.go:53.33,60.17 5 0
github.com/SkyPanel/SkyPanel/v3/internal/web/loader.go:60.17,61.14 1 0
github.com/SkyPanel/SkyPanel/v3/internal/web/loader.go:63.3,65.35 2 0
github.com/SkyPanel/SkyPanel/v3/internal/web/loader.go:65.35,67.4 1 0
github.com/SkyPanel/SkyPanel/v3/internal/web/loader.go:70.3,70.30 1 0
github.com/SkyPanel/SkyPanel/v3/internal/web/loader.go:70.30,74.47 2 0
github.com/SkyPanel/SkyPanel/v3/internal/web/loader.go:74.47,75.40 1 0
github.com/SkyPanel/SkyPanel/v3/internal/web/loader.go:75.40,77.6 1 0
github.com/SkyPanel/SkyPanel/v3/internal/web/loader.go:81.4,82.19 2 0
github.com/SkyPanel/SkyPanel/v3/internal/web/loader.go:82.19,84.5 1 0
github.com/SkyPanel/SkyPanel/v3/internal/web/loader.go:84.10,87.5 1 0
github.com/SkyPanel/SkyPanel/v3/internal/web/loader.go:90.4,91.18 2 0
github.com/SkyPanel/SkyPanel/v3/internal/web/loader.go:91.18,94.5 1 0
github.com/SkyPanel/SkyPanel/v3/internal/web/loader.go:95.4,98.18 3 0
github.com/SkyPanel/SkyPanel/v3/internal/web/loader.go:98.18,100.5 1 0
github.com/SkyPanel/SkyPanel/v3/internal/web/loader.go:102.4,102.20 1 0
github.com/SkyPanel/SkyPanel/v3/internal/web/loader.go:102.20,104.38 1 0
github.com/SkyPanel/SkyPanel/v3/internal/web/loader.go:104.38,108.6 3 0
github.com/SkyPanel/SkyPanel/v3/internal/web/loader.go:111.5,112.25 2 0
github.com/SkyPanel/SkyPanel/v3/internal/web/loader.go:112.25,114.6 1 0
github.com/SkyPanel/SkyPanel/v3/internal/web/loader.go:114.11,116.6 1 0
github.com/SkyPanel/SkyPanel/v3/internal/web/loader.go:119.5,119.64 1 0
github.com/SkyPanel/SkyPanel/v3/internal/web/loader.go:119.64,123.21 3 0
github.com/SkyPanel/SkyPanel/v3/internal/web/loader.go:123.21,127.7 3 0
github.com/SkyPanel/SkyPanel/v3/internal/web/loader.go:130.5,130.11 1 0
github.com/SkyPanel/SkyPanel/v3/internal/web/loader.go:134.4,135.13 2 0
github.com/SkyPanel/SkyPanel/v3/internal/web/loader.go:139.3,139.46 1 0
github.com/SkyPanel/SkyPanel/v3/internal/web/loader.go:139.46,142.18 2 0
github.com/SkyPanel/SkyPanel/v3/internal/web/loader.go:142.18,146.5 3 0
github.com/SkyPanel/SkyPanel/v3/internal/web/loader.go:149.4,160.9 2 0
github.com/SkyPanel/SkyPanel/v3/internal/web/loader.go:164.3,164.48 1 0
github.com/SkyPanel/SkyPanel/v3/internal/web/loader.go:164.48,166.4 1 0
github.com/SkyPanel/SkyPanel/v3/internal/web/loader.go:168.3,169.23 2 0
github.com/SkyPanel/SkyPanel/v3/internal/web/loader.go:173.32,174.40 1 0
github.com/SkyPanel/SkyPanel/v3/internal/web/loader.go:174.40,175.47 1 0
github.com/SkyPanel/SkyPanel/v3/internal/web/loader.go:175.47,178.4 2 0
github.com/SkyPanel/SkyPanel/v3/internal/web/loader.go:181.2,181.44 1 0
github.com/SkyPanel/SkyPanel/v3/internal/web/loader.go:181.44,184.3 2 0
github.com/SkyPanel/SkyPanel/v3/internal/web/loader.go:186.2,190.16 5 0
github.com/SkyPanel/SkyPanel/v3/internal/web/loader.go:190.16,193.3 2 0
github.com/SkyPanel/SkyPanel/v3/internal/web/loader.go:194.2,194.47 1 0
github.com/SkyPanel/SkyPanel/v3/internal/web/loader.go:197.34,201.30 3 0
github.com/SkyPanel/SkyPanel/v3/internal/web/loader.go:201.30,207.3 1 0
github.com/SkyPanel/SkyPanel/v3/internal/web/loader.go:209.2,217.4 1 0
github.com/SkyPanel/SkyPanel/v3/internal/web/swagger/docs.go:6210.13,6212.2 1 0
github.com/SkyPanel/SkyPanel/v3/internal/sys/syscall.go:8.44,10.26 2 0
github.com/SkyPanel/SkyPanel/v3/internal/sys/syscall.go:10.26,12.3 1 0
github.com/SkyPanel/SkyPanel/v3/internal/sys/syscall.go:13.2,13.26 1 0
github.com/SkyPanel/SkyPanel/v3/internal/sys/syscall.go:13.26,15.3 1 0
github.com/SkyPanel/SkyPanel/v3/internal/sys/syscall.go:16.2,16.26 1 0
github.com/SkyPanel/SkyPanel/v3/internal/sys/syscall.go:16.26,18.3 1 0
github.com/SkyPanel/SkyPanel/v3/internal/sys/syscall.go:19.2,19.8 1 0
github.com/SkyPanel/SkyPanel/v3/internal/web/auth/jwks.go:19.47,21.66 2 0
github.com/SkyPanel/SkyPanel/v3/internal/web/auth/jwks.go:21.66,23.3 1 0
github.com/SkyPanel/SkyPanel/v3/internal/web/auth/jwks.go:24.2,25.66 2 0
github.com/SkyPanel/SkyPanel/v3/internal/web/auth/jwks.go:25.66,27.3 1 0
github.com/SkyPanel/SkyPanel/v3/internal/web/auth/jwks.go:28.2,28.32 1 0
github.com/SkyPanel/SkyPanel/v3/internal/web/auth/loader.go:8.42,9.30 1 0
github.com/SkyPanel/SkyPanel/v3/internal/web/auth/loader.go:9.30,11.3 1 0
github.com/SkyPanel/SkyPanel/v3/internal/web/auth/loader.go:12.2,18.47 6 0
github.com/SkyPanel/SkyPanel/v3/internal/web/auth/login.go:26.32,33.57 5 0
github.com/SkyPanel/SkyPanel/v3/internal/web/auth/login.go:33.57,35.3 1 0
github.com/SkyPanel/SkyPanel/v3/internal/web/auth/login.go:37.2,38.57 2 0
github.com/SkyPanel/SkyPanel/v3/internal/web/auth/login.go:38.57,40.3 1 0
github.com/SkyPanel/SkyPanel/v3/internal/web/auth/login.go:42.2,42.15 1 0
github.com/SkyPanel/SkyPanel/v3/internal/web/auth/login.go:42.15,47.67 5 0
github.com/SkyPanel/SkyPanel/v3/internal/web/auth/login.go:47.67,49.4 1 0
github.com/SkyPanel/SkyPanel/v3/internal/web/auth/login.go:50.3,53.9 2 0
github.com/SkyPanel/SkyPanel/v3/internal/web/auth/login.go:56.2,56.24 1 0
github.com/SkyPanel/SkyPanel/v3/internal/web/auth/login.go:68.30,75.57 5 0
github.com/SkyPanel/SkyPanel/v3/internal/web/auth/login.go:75.57,77.3 1 0
github.com/SkyPanel/SkyPanel/v3/internal/web/auth/login.go:79.2,83.17 4 0
github.com/SkyPanel/SkyPanel/v3/internal/web/auth/login.go:83.17,86.3 2 0
github.com/SkyPanel/SkyPanel/v3/internal/web/auth/login.go:88.2,88.39 1 0
github.com/SkyPanel/SkyPanel/v3/internal/web/auth/login.go:88.39,93.3 4 0
github.com/SkyPanel/SkyPanel/v3/internal/web/auth/login.go:95.2,96.57 2 0
github.com/SkyPanel/SkyPanel/v3/internal/web/auth/login.go:96.57,98.3 1 0
github.com/SkyPanel/SkyPanel/v3/internal/web/auth/login.go:100.2,100.24 1 0
github.com/SkyPanel/SkyPanel/v3/internal/web/auth/login.go:103.55,109.66 5 0
github.com/SkyPanel/SkyPanel/v3/internal/web/auth/login.go:109.66,111.3 1 0
github.com/SkyPanel/SkyPanel/v3/internal/web/auth/login.go:114.2,116.24 2 0
github.com/SkyPanel/SkyPanel/v3/internal/web/auth/login.go:116.24,119.32 3 0
github.com/SkyPanel/SkyPanel/v3/internal/web/auth/login.go:119.32,120.34 1 0
github.com/SkyPanel/SkyPanel/v3/internal/web/auth/login.go:120.34,122.5 1 0
github.com/SkyPanel/SkyPanel/v3/internal/web/auth/login.go:126.2,126.57 1 0
github.com/SkyPanel/SkyPanel/v3/internal/web/auth/login.go:126.57,129.3 2 0
github.com/SkyPanel/SkyPanel/v3/internal/web/auth/login.go:131.2,132.66 2 0
github.com/SkyPanel/SkyPanel/v3/internal/web/auth/login.go:132.66,134.3 1 0
github.com/SkyPanel/SkyPanel/v3/internal/web/auth/login.go:136.2,140.26 5 0
github.com/SkyPanel/SkyPanel/v3/internal/web/auth/login.go:140.26,142.3 1 0
github.com/SkyPanel/SkyPanel/v3/internal/web/auth/login.go:144.2,149.29 4 0
github.com/SkyPanel/SkyPanel/v3/internal/web/auth/logout.go:18.33,24.18 5 0
github.com/SkyPanel/SkyPanel/v3/internal/web/auth/logout.go:24.18,26.39 2 0
github.com/SkyPanel/SkyPanel/v3/internal/web/auth/logout.go:26.39,29.4 2 0
github.com/SkyPanel/SkyPanel/v3/internal/web/auth/logout.go:32.2,35.26 3 0
github.com/SkyPanel/SkyPanel/v3/internal/web/auth/logout.go:35.26,37.3 1 0
github.com/SkyPanel/SkyPanel/v3/internal/web/auth/logout.go:39.2,41.32 3 0
github.com/SkyPanel/SkyPanel/v3/internal/web/auth/reauth.go:15.29,20.2 2 0
github.com/SkyPanel/SkyPanel/v3/internal/web/auth/register.go:28.35,29.41 1 0
github.com/SkyPanel/SkyPanel/v3/internal/web/auth/register.go:29.41,32.3 2 0
github.com/SkyPanel/SkyPanel/v3/internal/web/auth/register.go:34.2,40.57 5 0
github.com/SkyPanel/SkyPanel/v3/internal/web/auth/register.go:40.57,42.3 1 0
github.com/SkyPanel/SkyPanel/v3/internal/web/auth/register.go:44.2,46.57 3 0
github.com/SkyPanel/SkyPanel/v3/internal/web/auth/register.go:46.57,48.3 1 0
github.com/SkyPanel/SkyPanel/v3/internal/web/auth/register.go:50.2,50.50 1 0
github.com/SkyPanel/SkyPanel/v3/internal/web/auth/register.go:50.50,53.3 2 0
github.com/SkyPanel/SkyPanel/v3/internal/web/auth/register.go:55.2,57.66 3 0
github.com/SkyPanel/SkyPanel/v3/internal/web/auth/register.go:57.66,59.3 1 0
github.com/SkyPanel/SkyPanel/v3/internal/web/auth/register.go:61.2,62.66 2 0
github.com/SkyPanel/SkyPanel/v3/internal/web/auth/register.go:62.66,64.3 1 0
github.com/SkyPanel/SkyPanel/v3/internal/web/auth/register.go:66.2,68.66 3 0
github.com/SkyPanel/SkyPanel/v3/internal/web/auth/register.go:68.66,70.3 1 0
github.com/SkyPanel/SkyPanel/v3/internal/web/auth/register.go:73.2,76.66 3 0
github.com/SkyPanel/SkyPanel/v3/internal/web/auth/register.go:76.66,78.3 1 0
github.com/SkyPanel/SkyPanel/v3/internal/web/auth/register.go:80.2,81.16 2 0
github.com/SkyPanel/SkyPanel/v3/internal/web/auth/register.go:81.16,83.3 1 0
github.com/SkyPanel/SkyPanel/v3/internal/web/auth/register.go:85.2,85.24 1 0
github.com/SkyPanel/SkyPanel/v3/internal/sftp/requestprefix.go:21.99,25.2 2 0
github.com/SkyPanel/SkyPanel/v3/internal/sftp/requestprefix.go:27.78,32.2 3 0
github.com/SkyPanel/SkyPanel/v3/internal/sftp/requestprefix.go:34.79,39.2 3 0
github.com/SkyPanel/SkyPanel/v3/internal/sftp/requestprefix.go:41.62,44.24 2 0
github.com/SkyPanel/SkyPanel/v3/internal/sftp/requestprefix.go:45.28,46.3 1 0
github.com/SkyPanel/SkyPanel/v3/internal/sftp/requestprefix.go:46.3,48.4 1 0
github.com/SkyPanel/SkyPanel/v3/internal/sftp/requestprefix.go:49.16,50.3 1 0
github.com/SkyPanel/SkyPanel/v3/internal/sftp/requestprefix.go:50.3,52.4 1 0
github.com/SkyPanel/SkyPanel/v3/internal/sftp/requestprefix.go:53.15,54.3 1 0
github.com/SkyPanel/SkyPanel/v3/internal/sftp/requestprefix.go:54.3,56.4 1 0
github.com/SkyPanel/SkyPanel/v3/internal/sftp/requestprefix.go:57.15,58.3 1 0
github.com/SkyPanel/SkyPanel/v3/internal/sftp/requestprefix.go:58.3,60.4 1 0
github.com/SkyPanel/SkyPanel/v3/internal/sftp/requestprefix.go:61.17,62.3 1 0
github.com/SkyPanel/SkyPanel/v3/internal/sftp/requestprefix.go:62.3,64.4 1 0
github.com/SkyPanel/SkyPanel/v3/internal/sftp/requestprefix.go:65.16,66.3 1 0
github.com/SkyPanel/SkyPanel/v3/internal/sftp/requestprefix.go:66.3,68.4 1 0
github.com/SkyPanel/SkyPanel/v3/internal/sftp/requestprefix.go:69.10,70.66 1 0
github.com/SkyPanel/SkyPanel/v3/internal/sftp/requestprefix.go:74.80,77.24 2 0
github.com/SkyPanel/SkyPanel/v3/internal/sftp/requestprefix.go:78.14,79.3 1 0
github.com/SkyPanel/SkyPanel/v3/internal/sftp/requestprefix.go:79.3,81.18 2 0
github.com/SkyPanel/SkyPanel/v3/internal/sftp/requestprefix.go:81.18,83.5 1 0
github.com/SkyPanel/SkyPanel/v3/internal/sftp/requestprefix.go:85.4,85.54 1 0
github.com/SkyPanel/SkyPanel/v3/internal/sftp/requestprefix.go:87.14,88.3 1 0
github.com/SkyPanel/SkyPanel/v3/internal/sftp/requestprefix.go:88.3,90.18 2 0
github.com/SkyPanel/SkyPanel/v3/internal/sftp/requestprefix.go:90.18,92.5 1 0
github.com/SkyPanel/SkyPanel/v3/internal/sftp/requestprefix.go:93.4,94.18 2 0
github.com/SkyPanel/SkyPanel/v3/internal/sftp/requestprefix.go:94.18,96.5 1 0
github.com/SkyPanel/SkyPanel/v3/internal/sftp/requestprefix.go:97.4,98.18 2 0
github.com/SkyPanel/SkyPanel/v3/internal/sftp/requestprefix.go:98.18,100.5 1 0
github.com/SkyPanel/SkyPanel/v3/internal/sftp/requestprefix.go:101.4,101.43 1 0
github.com/SkyPanel/SkyPanel/v3/internal/sftp/requestprefix.go:103.18,104.3 1 0
github.com/SkyPanel/SkyPanel/v3/internal/sftp/requestprefix.go:104.3,106.18 2 0
github.com/SkyPanel/SkyPanel/v3/internal/sftp/requestprefix.go:106.18,108.5 1 0
github.com/SkyPanel/SkyPanel/v3/internal/sftp/requestprefix.go:109.4,110.18 2 0
github.com/SkyPanel/SkyPanel/v3/internal/sftp/requestprefix.go:110.18,112.5 1 0
github.com/SkyPanel/SkyPanel/v3/internal/sftp/requestprefix.go:113.4,114.18 2 0
github.com/SkyPanel/SkyPanel/v3/internal/sftp/requestprefix.go:114.18,116.5 1 0
github.com/SkyPanel/SkyPanel/v3/internal/sftp/requestprefix.go:117.4,117.43 1 0
github.com/SkyPanel/SkyPanel/v3/internal/sftp/requestprefix.go:119.10,120.71 1 0
github.com/SkyPanel/SkyPanel/v3/internal/sftp/requestprefix.go:124.52,125.33 1 0
github.com/SkyPanel/SkyPanel/v3/internal/sftp/requestprefix.go:125.33,127.3 1 0
github.com/SkyPanel/SkyPanel/v3/internal/sftp/requestprefix.go:130.93,132.28 1 0
github.com/SkyPanel/SkyPanel/v3/internal/sftp/requestprefix.go:132.28,134.25 2 0
github.com/SkyPanel/SkyPanel/v3/internal/sftp/requestprefix.go:134.25,136.18 2 0
github.com/SkyPanel/SkyPanel/v3/internal/sftp/requestprefix.go:136.18,138.5 1 0
github.com/SkyPanel/SkyPanel/v3/internal/sftp/requestprefix.go:142.2,144.16 2 0
github.com/SkyPanel/SkyPanel/v3/internal/sftp/requestprefix.go:144.16,146.3 1 0
github.com/SkyPanel/SkyPanel/v3/internal/sftp/requestprefix.go:148.2,148.18 1 0
github.com/SkyPanel/SkyPanel/v3/internal/sftp/requestprefix.go:153.83,156.28 2 0
github.com/SkyPanel/SkyPanel/v3/internal/sftp/requestprefix.go:156.28,158.17 2 0
github.com/SkyPanel/SkyPanel/v3/internal/sftp/requestprefix.go:158.17,160.4 1 0
github.com/SkyPanel/SkyPanel/v3/internal/sftp/requestprefix.go:163.2,163.15 1 0
github.com/SkyPanel/SkyPanel/v3/internal/sftp/requestprefix.go:167.71,169.29 2 0
github.com/SkyPanel/SkyPanel/v3/internal/sftp/requestprefix.go:169.29,171.3 1 0
github.com/SkyPanel/SkyPanel/v3/internal/sftp/requestprefix.go:172.2,173.17 2 0
github.com/SkyPanel/SkyPanel/v3/internal/sftp/requestprefix.go:173.17,175.3 1 0
github.com/SkyPanel/SkyPanel/v3/internal/sftp/requestprefix.go:176.2,176.15 1 0
github.com/SkyPanel/SkyPanel/v3/internal/sftp/server.go:23.12,25.16 2 0
github.com/SkyPanel/SkyPanel/v3/internal/sftp/server.go:25.16,27.3 1 0
github.com/SkyPanel/SkyPanel/v3/internal/sftp/server.go:30.59,32.2 1 0
github.com/SkyPanel/SkyPanel/v3/internal/sftp/server.go:34.13,35.23 1 0
github.com/SkyPanel/SkyPanel/v3/internal/sftp/server.go:35.23,37.3 1 0
github.com/SkyPanel/SkyPanel/v3/internal/sftp/server.go:40.24,41.17 1 0
github.com/SkyPanel/SkyPanel/v3/internal/sftp/server.go:41.17,43.3 1 0
github.com/SkyPanel/SkyPanel/v3/internal/sftp/server.go:45.2,46.85 1 0
github.com/SkyPanel/SkyPanel/v3/internal/sftp/server.go:46.85,48.4 1 0
github.com/SkyPanel/SkyPanel/v3/internal/sftp/server.go:51.2,55.34 3 0
github.com/SkyPanel/SkyPanel/v3/internal/sftp/server.go:55.34,59.15 4 0
github.com/SkyPanel/SkyPanel/v3/internal/sftp/server.go:59.15,61.4 1 0
github.com/SkyPanel/SkyPanel/v3/internal/sftp/server.go:63.3,68.15 3 0
github.com/SkyPanel/SkyPanel/v3/internal/sftp/server.go:68.15,70.4 1 0
github.com/SkyPanel/SkyPanel/v3/internal/sftp/server.go:72.3,73.15 2 0
github.com/SkyPanel/SkyPanel/v3/internal/sftp/server.go:73.15,75.4 1 0
github.com/SkyPanel/SkyPanel/v3/internal/sftp/server.go:76.8,76.21 1 0
github.com/SkyPanel/SkyPanel/v3/internal/sftp/server.go:76.21,78.3 1 0
github.com/SkyPanel/SkyPanel/v3/internal/sftp/server.go:80.2,83.14 4 0
github.com/SkyPanel/SkyPanel/v3/internal/sftp/server.go:83.14,85.3 1 0
github.com/SkyPanel/SkyPanel/v3/internal/sftp/server.go:87.2,89.14 2 0
github.com/SkyPanel/SkyPanel/v3/internal/sftp/server.go:89.14,91.3 1 0
github.com/SkyPanel/SkyPanel/v3/internal/sftp/server.go:93.2,98.14 4 0
github.com/SkyPanel/SkyPanel/v3/internal/sftp/server.go:98.14,100.3 1 0
github.com/SkyPanel/SkyPanel/v3/internal/sftp/server.go:101.2,103.12 2 0
github.com/SkyPanel/SkyPanel/v3/internal/sftp/server.go:103.12,104.7 1 0
github.com/SkyPanel/SkyPanel/v3/internal/sftp/server.go:104.7,106.19 2 0
github.com/SkyPanel/SkyPanel/v3/internal/sftp/server.go:106.19,108.5 1 0
github.com/SkyPanel/SkyPanel/v3/internal/sftp/server.go:112.2,112.12 1 0
github.com/SkyPanel/SkyPanel/v3/internal/sftp/server.go:115.64,120.14 5 0
github.com/SkyPanel/SkyPanel/v3/internal/sftp/server.go:120.14,121.25 1 0
github.com/SkyPanel/SkyPanel/v3/internal/sftp/server.go:121.25,123.4 1 0
github.com/SkyPanel/SkyPanel/v3/internal/sftp/server.go:126.70,129.14 3 0
github.com/SkyPanel/SkyPanel/v3/internal/sftp/server.go:129.14,131.3 1 0
github.com/SkyPanel/SkyPanel/v3/internal/sftp/server.go:134.2,137.32 2 0
github.com/SkyPanel/SkyPanel/v3/internal/sftp/server.go:137.32,141.44 1 0
github.com/SkyPanel/SkyPanel/v3/internal/sftp/server.go:141.44,143.18 2 0
github.com/SkyPanel/SkyPanel/v3/internal/sftp/server.go:143.18,145.5 1 0
github.com/SkyPanel/SkyPanel/v3/internal/sftp/server.go:146.4,146.12 1 0
github.com/SkyPanel/SkyPanel/v3/internal/sftp/server.go:148.3,149.17 2 0
github.com/SkyPanel/SkyPanel/v3/internal/sftp/server.go:149.17,151.4 1 0
github.com/SkyPanel/SkyPanel/v3/internal/sftp/server.go:156.3,156.35 1 0
github.com/SkyPanel/SkyPanel/v3/internal/sftp/server.go:156.35,157.24 1 0
github.com/SkyPanel/SkyPanel/v3/internal/sftp/server.go:157.24,159.32 2 0
github.com/SkyPanel/SkyPanel/v3/internal/sftp/server.go:159.32,160.43 1 0
github.com/SkyPanel/SkyPanel/v3/internal/sftp/server.go:160.43,162.7 1 0
github.com/SkyPanel/SkyPanel/v3/internal/sftp/server.go:164.5,164.27 1 0
github.com/SkyPanel/SkyPanel/v3/internal/sftp/server.go:168.3,170.20 3 0
github.com/SkyPanel/SkyPanel/v3/internal/sftp/server.go:170.20,173.4 1 0
github.com/SkyPanel/SkyPanel/v3/internal/sftp/server.go:175.3,178.34 3 0
github.com/SkyPanel/SkyPanel/v3/internal/sftp/server.go:178.34,180.4 1 0
github.com/SkyPanel/SkyPanel/v3/internal/sftp/server.go:182.2,182.12 1 0
github.com/SkyPanel/SkyPanel/v3/internal/sftp/server.go:185.51,186.22 1 0
github.com/SkyPanel/SkyPanel/v3/internal/sftp/server.go:186.22,187.20 1 0
github.com/SkyPanel/SkyPanel/v3/internal/sftp/server.go:187.20,189.4 1 0
github.com/SkyPanel/SkyPanel/v3/internal/web/daemon/root.go:23.47,35.2 8 0
github.com/SkyPanel/SkyPanel/v3/internal/web/daemon/root.go:43.35,45.2 1 0
github.com/SkyPanel/SkyPanel/v3/internal/web/daemon/root.go:53.36,55.2 1 0
github.com/SkyPanel/SkyPanel/v3/internal/web/daemon/root.go:63.34,68.18 3 0
github.com/SkyPanel/SkyPanel/v3/internal/web/daemon/root.go:68.18,70.3 1 0
github.com/SkyPanel/SkyPanel/v3/internal/web/daemon/root.go:72.2,72.39 1 0
github.com/SkyPanel/SkyPanel/v3/internal/web/daemon/root.go:72.39,77.3 4 0
github.com/SkyPanel/SkyPanel/v3/internal/web/daemon/root.go:79.2,79.140 1 0
github.com/SkyPanel/SkyPanel/v3/internal/web/daemon/root.go:82.24,84.16 2 0
github.com/SkyPanel/SkyPanel/v3/internal/web/daemon/root.go:84.16,86.3 1 0
github.com/SkyPanel/SkyPanel/v3/internal/web/daemon/root.go:88.2,92.19 4 0
github.com/SkyPanel/SkyPanel/v3/internal/web/daemon/root.go:136.36,144.46 2 0
github.com/SkyPanel/SkyPanel/v3/internal/web/daemon/root.go:144.46,149.3 4 0
github.com/SkyPanel/SkyPanel/v3/internal/web/daemon/root.go:152.2,152.64 1 0
github.com/SkyPanel/SkyPanel/v3/internal/web/daemon/root.go:152.64,155.3 2 0
github.com/SkyPanel/SkyPanel/v3/internal/web/daemon/root.go:158.2,158.55 1 0
github.com/SkyPanel/SkyPanel/v3/internal/web/daemon/root.go:158.55,160.3 1 0
github.com/SkyPanel/SkyPanel/v3/internal/web/daemon/root.go:163.2,163.78 1 0
github.com/SkyPanel/SkyPanel/v3/internal/web/daemon/root.go:163.78,165.3 1 0
github.com/SkyPanel/SkyPanel/v3/internal/web/daemon/root.go:168.2,168.53 1 0
github.com/SkyPanel/SkyPanel/v3/internal/web/daemon/root.go:168.53,172.3 3 0
github.com/SkyPanel/SkyPanel/v3/internal/web/daemon/root.go:175.2,175.91 1 0
github.com/SkyPanel/SkyPanel/v3/internal/web/daemon/root.go:175.91,177.3 1 0
github.com/SkyPanel/SkyPanel/v3/internal/web/daemon/root.go:180.2,180.59 1 0
github.com/SkyPanel/SkyPanel/v3/internal/web/daemon/root.go:180.59,181.40 1 0
github.com/SkyPanel/SkyPanel/v3/internal/web/daemon/root.go:181.40,182.66 1 0
github.com/SkyPanel/SkyPanel/v3/internal/web/daemon/root.go:182.66,191.5 2 0
github.com/SkyPanel/SkyPanel/v3/internal/web/daemon/root.go:196.2,196.77 1 0
github.com/SkyPanel/SkyPanel/v3/internal/web/daemon/root.go:196.77,200.33 3 0
github.com/SkyPanel/SkyPanel/v3/internal/web/daemon/root.go:200.33,203.4 2 0
github.com/SkyPanel/SkyPanel/v3/internal/web/daemon/root.go:204.3,205.44 2 0
github.com/SkyPanel/SkyPanel/v3/internal/web/daemon/root.go:208.2,208.32 1 0
github.com/SkyPanel/SkyPanel/v3/internal/web/daemon/server.go:34.42,36.3 1 0
github.com/SkyPanel/SkyPanel/v3/internal/web/daemon/server.go:39.47,41.2 2 0
github.com/SkyPanel/SkyPanel/v3/internal/web/daemon/server.go:41.2,124.3 62 0
github.com/SkyPanel/SkyPanel/v3/internal/web/daemon/server.go:124.3,129.49 2 0
github.com/SkyPanel/SkyPanel/v3/internal/web/daemon/server.go:129.49,132.5 2 0
github.com/SkyPanel/SkyPanel/v3/internal/web/daemon/server.go:133.4,133.59 1 0
github.com/SkyPanel/SkyPanel/v3/internal/web/daemon/server.go:138.55,140.2 1 0
github.com/SkyPanel/SkyPanel/v3/internal/web/daemon/server.go:150.34,154.10 3 0
github.com/SkyPanel/SkyPanel/v3/internal/web/daemon/server.go:154.10,156.68 2 0
github.com/SkyPanel/SkyPanel/v3/internal/web/daemon/server.go:156.68,158.4 1 0
github.com/SkyPanel/SkyPanel/v3/internal/web/daemon/server.go:159.8,160.13 1 0
github.com/SkyPanel/SkyPanel/v3/internal/web/daemon/server.go:160.13,162.18 2 0
github.com/SkyPanel/SkyPanel/v3/internal/web/daemon/server.go:162.18,164.5 1 0
github.com/SkyPanel/SkyPanel/v3/internal/web/daemon/server.go:166.3,166.32 1 0
github.com/SkyPanel/SkyPanel/v3/internal/web/daemon/server.go:170.46,172.16 2 0
github.com/SkyPanel/SkyPanel/v3/internal/web/daemon/server.go:172.16,174.3 1 0
github.com/SkyPanel/SkyPanel/v3/internal/web/daemon/server.go:175.2,176.16 2 0
github.com/SkyPanel/SkyPanel/v3/internal/web/daemon/server.go:176.16,178.3 1 0
github.com/SkyPanel/SkyPanel/v3/internal/web/daemon/server.go:179.2,179.23 1 0
github.com/SkyPanel/SkyPanel/v3/internal/web/daemon/server.go:190.36,194.10 3 0
github.com/SkyPanel/SkyPanel/v3/internal/web/daemon/server.go:194.10,196.67 2 0
github.com/SkyPanel/SkyPanel/v3/internal/web/daemon/server.go:196.67,198.4 1 0
github.com/SkyPanel/SkyPanel/v3/internal/web/daemon/server.go:200.3,200.33 1 0
github.com/SkyPanel/SkyPanel/v3/internal/web/daemon/server.go:201.8,202.13 1 0
github.com/SkyPanel/SkyPanel/v3/internal/web/daemon/server.go:202.13,204.18 2 0
github.com/SkyPanel/SkyPanel/v3/internal/web/daemon/server.go:204.18,206.5 1 0
github.com/SkyPanel/SkyPanel/v3/internal/web/daemon/server.go:208.3,208.32 1 0
github.com/SkyPanel/SkyPanel/v3/internal/web/daemon/server.go:220.33,226.66 4 0
github.com/SkyPanel/SkyPanel/v3/internal/web/daemon/server.go:226.66,228.3 1 0
github.com/SkyPanel/SkyPanel/v3/internal/web/daemon/server.go:230.2,230.10 1 0
github.com/SkyPanel/SkyPanel/v3/internal/web/daemon/server.go:230.10,232.68 2 0
github.com/SkyPanel/SkyPanel/v3/internal/web/daemon/server.go:232.68,234.4 1 0
github.com/SkyPanel/SkyPanel/v3/internal/web/daemon/server.go:235.8,237.3 1 0
github.com/SkyPanel/SkyPanel/v3/internal/web/daemon/server.go:247.33,251.67 3 0
github.com/SkyPanel/SkyPanel/v3/internal/web/daemon/server.go:251.67,253.3 1 0
github.com/SkyPanel/SkyPanel/v3/internal/web/daemon/server.go:257.35,259.20 2 0
github.com/SkyPanel/SkyPanel/v3/internal/web/daemon/server.go:259.20,261.67 2 0
github.com/SkyPanel/SkyPanel/v3/internal/web/daemon/server.go:261.67,263.4 1 0
github.com/SkyPanel/SkyPanel/v3/internal/web/daemon/server.go:264.3,264.25 1 0
github.com/SkyPanel/SkyPanel/v3/internal/web/daemon/server.go:266.2,268.16 2 0
github.com/SkyPanel/SkyPanel/v3/internal/web/daemon/server.go:268.16,271.3 2 0
github.com/SkyPanel/SkyPanel/v3/internal/web/daemon/server.go:273.2,275.16 3 0
github.com/SkyPanel/SkyPanel/v3/internal/web/daemon/server.go:275.16,279.3 3 0
github.com/SkyPanel/SkyPanel/v3/internal/web/daemon/server.go:280.2,283.16 3 0
github.com/SkyPanel/SkyPanel/v3/internal/web/daemon/server.go:283.16,286.3 2 0
github.com/SkyPanel/SkyPanel/v3/internal/web/daemon/server.go:288.2,288.48 1 0
github.com/SkyPanel/SkyPanel/v3/internal/web/daemon/server.go:288.48,290.17 2 0
github.com/SkyPanel/SkyPanel/v3/internal/web/daemon/server.go:290.17,292.4 1 0
github.com/SkyPanel/SkyPanel/v3/internal/web/daemon/server.go:293.3,293.9 1 0
github.com/SkyPanel/SkyPanel/v3/internal/web/daemon/server.go:296.2,296.65 1 0
github.com/SkyPanel/SkyPanel/v3/internal/web/daemon/server.go:300.35,303.63 2 0
github.com/SkyPanel/SkyPanel/v3/internal/web/daemon/server.go:303.63,304.67 1 0
github.com/SkyPanel/SkyPanel/v3/internal/web/daemon/server.go:304.67,306.4 1 0
github.com/SkyPanel/SkyPanel/v3/internal/web/daemon/server.go:307.3,308.9 2 0
github.com/SkyPanel/SkyPanel/v3/internal/web/daemon/server.go:311.2,312.67 2 0
github.com/SkyPanel/SkyPanel/v3/internal/web/daemon/server.go:312.67,314.3 1 0
github.com/SkyPanel/SkyPanel/v3/internal/web/daemon/server.go:325.36,330.10 3 0
github.com/SkyPanel/SkyPanel/v3/internal/web/daemon/server.go:330.10,332.68 2 0
github.com/SkyPanel/SkyPanel/v3/internal/web/daemon/server.go:332.68,334.4 1 0
github.com/SkyPanel/SkyPanel/v3/internal/web/daemon/server.go:335.8,336.30 1 0
github.com/SkyPanel/SkyPanel/v3/internal/web/daemon/server.go:336.30,338.4 1 0
github.com/SkyPanel/SkyPanel/v3/internal/web/daemon/server.go:340.3,340.32 1 0
github.com/SkyPanel/SkyPanel/v3/internal/web/daemon/server.go:345.37,350.57 4 0
github.com/SkyPanel/SkyPanel/v3/internal/web/daemon/server.go:350.57,352.3 1 0
github.com/SkyPanel/SkyPanel/v3/internal/web/daemon/server.go:354.2,355.67 2 0
github.com/SkyPanel/SkyPanel/v3/internal/web/daemon/server.go:355.67,357.3 1 0
github.com/SkyPanel/SkyPanel/v3/internal/web/daemon/server.go:361.42,366.57 4 0
github.com/SkyPanel/SkyPanel/v3/internal/web/daemon/server.go:366.57,368.3 1 0
github.com/SkyPanel/SkyPanel/v3/internal/web/daemon/server.go:370.2,371.67 2 0
github.com/SkyPanel/SkyPanel/v3/internal/web/daemon/server.go:371.67,373.3 1 0
github.com/SkyPanel/SkyPanel/v3/internal/web/daemon/server.go:383.37,390.43 3 0
github.com/SkyPanel/SkyPanel/v3/internal/web/daemon/server.go:390.43,399.3 1 0
github.com/SkyPanel/SkyPanel/v3/internal/web/daemon/server.go:401.2,401.31 1 0
github.com/SkyPanel/SkyPanel/v3/internal/web/daemon/server.go:412.36,417.43 3 0
github.com/SkyPanel/SkyPanel/v3/internal/web/daemon/server.go:417.43,422.3 1 0
github.com/SkyPanel/SkyPanel/v3/internal/web/daemon/server.go:424.2,424.19 1 0
github.com/SkyPanel/SkyPanel/v3/internal/web/daemon/server.go:424.19,426.3 1 0
github.com/SkyPanel/SkyPanel/v3/internal/web/daemon/server.go:426.8,428.3 1 0
github.com/SkyPanel/SkyPanel/v3/internal/web/daemon/server.go:439.36,445.43 4 0
github.com/SkyPanel/SkyPanel/v3/internal/web/daemon/server.go:445.43,448.3 2 0
github.com/SkyPanel/SkyPanel/v3/internal/web/daemon/server.go:449.2,449.66 1 0
github.com/SkyPanel/SkyPanel/v3/internal/web/daemon/server.go:449.66,451.3 1 0
github.com/SkyPanel/SkyPanel/v3/internal/web/daemon/server.go:452.2,452.32 1 0
github.com/SkyPanel/SkyPanel/v3/internal/web/daemon/server.go:464.37,471.57 5 0
github.com/SkyPanel/SkyPanel/v3/internal/web/daemon/server.go:471.57,473.3 1 0
github.com/SkyPanel/SkyPanel/v3/internal/web/daemon/server.go:475.2,476.43 2 0
github.com/SkyPanel/SkyPanel/v3/internal/web/daemon/server.go:476.43,478.3 1 0
github.com/SkyPanel/SkyPanel/v3/internal/web/daemon/server.go:479.2,479.66 1 0
github.com/SkyPanel/SkyPanel/v3/internal/web/daemon/server.go:479.66,481.3 1 0
github.com/SkyPanel/SkyPanel/v3/internal/web/daemon/server.go:483.2,484.67 2 0
github.com/SkyPanel/SkyPanel/v3/internal/web/daemon/server.go:484.67,486.3 1 0
github.com/SkyPanel/SkyPanel/v3/internal/web/daemon/server.go:497.39,503.43 4 0
github.com/SkyPanel/SkyPanel/v3/internal/web/daemon/server.go:503.43,506.3 2 0
github.com/SkyPanel/SkyPanel/v3/internal/web/daemon/server.go:507.2,507.67 1 0
github.com/SkyPanel/SkyPanel/v3/internal/web/daemon/server.go:507.67,509.3 1 0
github.com/SkyPanel/SkyPanel/v3/internal/web/daemon/server.go:519.35,523.67 3 0
github.com/SkyPanel/SkyPanel/v3/internal/web/daemon/server.go:523.67,525.3 1 0
github.com/SkyPanel/SkyPanel/v3/internal/web/daemon/server.go:535.36,541.25 4 0
github.com/SkyPanel/SkyPanel/v3/internal/web/daemon/server.go:541.25,542.21 1 0
github.com/SkyPanel/SkyPanel/v3/internal/web/daemon/server.go:542.21,544.4 1 0
github.com/SkyPanel/SkyPanel/v3/internal/web/daemon/server.go:547.2,547.92 1 0
github.com/SkyPanel/SkyPanel/v3/internal/web/daemon/server.go:557.37,561.2 2 0
github.com/SkyPanel/SkyPanel/v3/internal/web/daemon/server.go:571.38,575.87 3 0
github.com/SkyPanel/SkyPanel/v3/internal/web/daemon/server.go:575.87,577.3 1 0
github.com/SkyPanel/SkyPanel/v3/internal/web/daemon/server.go:579.2,581.57 3 0
github.com/SkyPanel/SkyPanel/v3/internal/web/daemon/server.go:581.57,583.3 1 0
github.com/SkyPanel/SkyPanel/v3/internal/web/daemon/server.go:586.2,593.66 5 0
github.com/SkyPanel/SkyPanel/v3/internal/web/daemon/server.go:593.66,597.3 2 0
github.com/SkyPanel/SkyPanel/v3/internal/web/daemon/server.go:599.2,601.66 2 0
github.com/SkyPanel/SkyPanel/v3/internal/web/daemon/server.go:601.66,606.3 3 0
github.com/SkyPanel/SkyPanel/v3/internal/web/daemon/server.go:608.2,608.32 1 0
github.com/SkyPanel/SkyPanel/v3/internal/web/daemon/server.go:621.30,627.15 4 0
github.com/SkyPanel/SkyPanel/v3/internal/web/daemon/server.go:627.15,628.18 1 0
github.com/SkyPanel/SkyPanel/v3/internal/web/daemon/server.go:628.18,630.4 1 0
github.com/SkyPanel/SkyPanel/v3/internal/web/daemon/server.go:633.2,633.16 1 0
github.com/SkyPanel/SkyPanel/v3/internal/web/daemon/server.go:633.16,635.25 1 0
github.com/SkyPanel/SkyPanel/v3/internal/web/daemon/server.go:635.25,637.4 1 0
github.com/SkyPanel/SkyPanel/v3/internal/web/daemon/server.go:637.9,637.59 1 0
github.com/SkyPanel/SkyPanel/v3/internal/web/daemon/server.go:637.59,639.4 1 0
github.com/SkyPanel/SkyPanel/v3/internal/web/daemon/server.go:639.9,641.4 1 0
github.com/SkyPanel/SkyPanel/v3/internal/web/daemon/server.go:642.3,642.9 1 0
github.com/SkyPanel/SkyPanel/v3/internal/web/daemon/server.go:646.2,646.26 1 0
github.com/SkyPanel/SkyPanel/v3/internal/web/daemon/server.go:646.26,648.3 1 0
github.com/SkyPanel/SkyPanel/v3/internal/web/daemon/server.go:648.8,648.33 1 0
github.com/SkyPanel/SkyPanel/v3/internal/web/daemon/server.go:648.33,657.3 3 0
github.com/SkyPanel/SkyPanel/v3/internal/web/daemon/server.go:657.8,660.3 1 0
github.com/SkyPanel/SkyPanel/v3/internal/web/daemon/server.go:673.30,678.22 3 0
github.com/SkyPanel/SkyPanel/v3/internal/web/daemon/server.go:678.22,681.3 2 0
github.com/SkyPanel/SkyPanel/v3/internal/web/daemon/server.go:683.2,686.14 3 0
github.com/SkyPanel/SkyPanel/v3/internal/web/daemon/server.go:686.14,688.67 2 0
github.com/SkyPanel/SkyPanel/v3/internal/web/daemon/server.go:688.67,690.4 1 0
github.com/SkyPanel/SkyPanel/v3/internal/web/daemon/server.go:691.3,692.9 2 0
github.com/SkyPanel/SkyPanel/v3/internal/web/daemon/server.go:695.2,698.67 3 0
github.com/SkyPanel/SkyPanel/v3/internal/web/daemon/server.go:698.67,700.67 2 0
github.com/SkyPanel/SkyPanel/v3/internal/web/daemon/server.go:700.67,702.4 1 0
github.com/SkyPanel/SkyPanel/v3/internal/web/daemon/server.go:703.8,705.3 1 0
github.com/SkyPanel/SkyPanel/v3/internal/web/daemon/server.go:707.2,709.66 3 0
github.com/SkyPanel/SkyPanel/v3/internal/web/daemon/server.go:709.66,711.3 1 0
github.com/SkyPanel/SkyPanel/v3/internal/web/daemon/server.go:713.2,714.66 2 0
github.com/SkyPanel/SkyPanel/v3/internal/web/daemon/server.go:714.66,716.3 1 0
github.com/SkyPanel/SkyPanel/v3/internal/web/daemon/server.go:718.2,718.32 1 0
github.com/SkyPanel/SkyPanel/v3/internal/web/daemon/server.go:730.33,736.66 4 0
github.com/SkyPanel/SkyPanel/v3/internal/web/daemon/server.go:736.66,738.3 1 0
github.com/SkyPanel/SkyPanel/v3/internal/web/daemon/server.go:739.2,739.16 1 0
github.com/SkyPanel/SkyPanel/v3/internal/web/daemon/server.go:739.16,741.3 1 0
github.com/SkyPanel/SkyPanel/v3/internal/web/daemon/server.go:741.8,743.3 1 0
github.com/SkyPanel/SkyPanel/v3/internal/web/daemon/server.go:745.2,745.67 1 0
github.com/SkyPanel/SkyPanel/v3/internal/web/daemon/server.go:745.67,747.3 1 0
github.com/SkyPanel/SkyPanel/v3/internal/web/daemon/server.go:758.34,762.57 3 0
github.com/SkyPanel/SkyPanel/v3/internal/web/daemon/server.go:762.57,764.3 1 0
github.com/SkyPanel/SkyPanel/v3/internal/web/daemon/server.go:766.2,767.57 2 0
github.com/SkyPanel/SkyPanel/v3/internal/web/daemon/server.go:767.57,769.3 1 0
github.com/SkyPanel/SkyPanel/v3/internal/web/daemon/server.go:771.2,772.66 2 0
github.com/SkyPanel/SkyPanel/v3/internal/web/daemon/server.go:772.66,774.3 1 0
github.com/SkyPanel/SkyPanel/v3/internal/web/daemon/server.go:775.2,775.32 1 0
github.com/SkyPanel/SkyPanel/v3/internal/web/daemon/server.go:786.31,790.66 3 0
github.com/SkyPanel/SkyPanel/v3/internal/web/daemon/server.go:790.66,792.3 1 0
github.com/SkyPanel/SkyPanel/v3/internal/web/daemon/server.go:793.2,793.32 1 0
github.com/SkyPanel/SkyPanel/v3/internal/web/daemon/server.go:804.30,810.15 4 0
github.com/SkyPanel/SkyPanel/v3/internal/web/daemon/server.go:810.15,813.3 2 0
github.com/SkyPanel/SkyPanel/v3/internal/web/daemon/server.go:815.2,820.4 2 0
github.com/SkyPanel/SkyPanel/v3/internal/web/daemon/server.go:830.32,835.16 3 0
github.com/SkyPanel/SkyPanel/v3/internal/web/daemon/server.go:835.16,838.3 2 0
github.com/SkyPanel/SkyPanel/v3/internal/web/daemon/server.go:840.2,842.67 2 0
github.com/SkyPanel/SkyPanel/v3/internal/web/daemon/server.go:842.67,844.3 1 0
github.com/SkyPanel/SkyPanel/v3/internal/web/daemon/server.go:856.30,860.84 3 0
github.com/SkyPanel/SkyPanel/v3/internal/web/daemon/server.go:860.84,862.3 1 0
github.com/SkyPanel/SkyPanel/v3/internal/web/daemon/server.go:863.2,863.21 1 0
github.com/SkyPanel/SkyPanel/v3/internal/web/daemon/server.go:863.21,866.3 2 0
github.com/SkyPanel/SkyPanel/v3/internal/web/daemon/server.go:867.2,870.67 3 0
github.com/SkyPanel/SkyPanel/v3/internal/web/daemon/server.go:870.67,872.3 1 0
github.com/SkyPanel/SkyPanel/v3/internal/web/daemon/server.go:884.30,892.14 6 0
github.com/SkyPanel/SkyPanel/v3/internal/web/daemon/server.go:892.14,894.3 1 0
github.com/SkyPanel/SkyPanel/v3/internal/web/daemon/server.go:894.8,896.3 1 0
github.com/SkyPanel/SkyPanel/v3/internal/web/daemon/server.go:898.2,898.67 1 0
github.com/SkyPanel/SkyPanel/v3/internal/web/daemon/server.go:898.67,900.3 1 0
github.com/SkyPanel/SkyPanel/v3/internal/web/daemon/server.go:910.35,923.66 3 0
github.com/SkyPanel/SkyPanel/v3/internal/web/daemon/server.go:923.66,925.3 1 0
github.com/SkyPanel/SkyPanel/v3/internal/web/daemon/server.go:926.2,926.75 1 0
github.com/SkyPanel/SkyPanel/v3/internal/web/daemon/server.go:937.35,942.66 4 0
github.com/SkyPanel/SkyPanel/v3/internal/web/daemon/server.go:942.66,944.3 1 0
github.com/SkyPanel/SkyPanel/v3/internal/web/daemon/server.go:945.2,945.32 1 0
github.com/SkyPanel/SkyPanel/v3/internal/web/daemon/server.go:956.36,960.66 4 0
github.com/SkyPanel/SkyPanel/v3/internal/web/daemon/server.go:960.66,962.3 1 0
github.com/SkyPanel/SkyPanel/v3/internal/web/daemon/server.go:962.8,962.22 1 0
github.com/SkyPanel/SkyPanel/v3/internal/web/daemon/server.go:962.22,965.3 2 0
github.com/SkyPanel/SkyPanel/v3/internal/web/daemon/server.go:967.2,969.66 2 0
github.com/SkyPanel/SkyPanel/v3/internal/web/daemon/server.go:969.66,971.3 1 0
github.com/SkyPanel/SkyPanel/v3/internal/web/daemon/server.go:972.2,972.31 1 0
github.com/SkyPanel/SkyPanel/v3/internal/web/daemon/server.go:983.37,988.15 4 0
github.com/SkyPanel/SkyPanel/v3/internal/web/daemon/server.go:988.15,989.18 1 0
github.com/SkyPanel/SkyPanel/v3/internal/web/daemon/server.go:989.18,991.4 1 0
github.com/SkyPanel/SkyPanel/v3/internal/web/daemon/server.go:993.2,993.67 1 0
github.com/SkyPanel/SkyPanel/v3/internal/web/daemon/server.go:993.67,1002.3 3 0
github.com/SkyPanel/SkyPanel/v3/internal/web/daemon/server.go:1012.31,1020.2 2 0
github.com/SkyPanel/SkyPanel/v3/internal/web/daemon/server.go:1030.31,1035.57 4 0
github.com/SkyPanel/SkyPanel/v3/internal/web/daemon/server.go:1035.57,1037.3 1 0
github.com/SkyPanel/SkyPanel/v3/internal/web/daemon/server.go:1038.2,1038.35 1 0
github.com/SkyPanel/SkyPanel/v3/internal/web/daemon/server.go:1038.35,1040.3 1 0
github.com/SkyPanel/SkyPanel/v3/internal/web/daemon/server.go:1041.2,1041.38 1 0
github.com/SkyPanel/SkyPanel/v3/internal/web/daemon/server.go:1041.38,1043.3 1 0
github.com/SkyPanel/SkyPanel/v3/internal/web/daemon/server.go:1044.2,1044.26 1 0
github.com/SkyPanel/SkyPanel/v3/internal/web/daemon/server.go:1044.26,1046.3 1 0
github.com/SkyPanel/SkyPanel/v3/internal/web/daemon/server.go:1047.2,1048.66 2 0
github.com/SkyPanel/SkyPanel/v3/internal/web/daemon/server.go:1048.66,1050.3 1 0
github.com/SkyPanel/SkyPanel/v3/internal/web/daemon/server.go:1051.2,1051.32 1 0
github.com/SkyPanel/SkyPanel/v3/internal/web/daemon/server.go:1062.37,1065.27 2 0
github.com/SkyPanel/SkyPanel/v3/internal/web/daemon/server.go:1066.19,1067.32 1 0
github.com/SkyPanel/SkyPanel/v3/internal/web/daemon/server.go:1068.10,1069.33 1 0
github.com/SkyPanel/SkyPanel/v3/internal/web/daemon/server.go:1081.34,1084.64 2 0
github.com/SkyPanel/SkyPanel/v3/internal/web/daemon/server.go:1084.64,1087.3 2 0
github.com/SkyPanel/SkyPanel/v3/internal/web/daemon/server.go:1089.2,1091.27 2 0
github.com/SkyPanel/SkyPanel/v3/internal/web/daemon/server.go:1092.19,1094.15 2 0
github.com/SkyPanel/SkyPanel/v3/internal/web/daemon/server.go:1094.15,1097.4 2 0
github.com/SkyPanel/SkyPanel/v3/internal/web/daemon/server.go:1099.3,1100.16 2 0
github.com/SkyPanel/SkyPanel/v3/internal/web/daemon/server.go:1100.16,1103.4 2 0
github.com/SkyPanel/SkyPanel/v3/internal/web/daemon/server.go:1105.3,1106.17 2 0
github.com/SkyPanel/SkyPanel/v3/internal/web/daemon/server.go:1106.17,1109.4 2 0
github.com/SkyPanel/SkyPanel/v3/internal/web/daemon/server.go:1110.3,1110.28 1 0
github.com/SkyPanel/SkyPanel/v3/internal/web/daemon/server.go:1111.10,1113.9 2 0
github.com/SkyPanel/SkyPanel/v3/internal/web/daemon/server.go:1116.2,1116.31 1 0
github.com/SkyPanel/SkyPanel/v3/internal/web/daemon/server.go:1119.33,1123.66 3 0
github.com/SkyPanel/SkyPanel/v3/internal/web/daemon/server.go:1123.66,1125.3 1 0
github.com/SkyPanel/SkyPanel/v3/internal/web/daemon/server.go:1127.2,1129.48 2 0
github.com/SkyPanel/SkyPanel/v3/internal/web/daemon/server.go:1129.48,1131.3 1 0
github.com/SkyPanel/SkyPanel/v3/internal/web/daemon/server.go:1133.2,1133.46 1 0
github.com/SkyPanel/SkyPanel/v3/internal/web/daemon/server.go:1133.46,1135.3 1 0
github.com/SkyPanel/SkyPanel/v3/internal/web/daemon/server.go:1137.2,1137.47 1 0
github.com/SkyPanel/SkyPanel/v3/internal/web/daemon/server.go:1137.47,1139.3 1 0
github.com/SkyPanel/SkyPanel/v3/internal/web/daemon/server.go:1142.45,1145.37 2 0
github.com/SkyPanel/SkyPanel/v3/internal/web/daemon/server.go:1145.37,1147.3 1 0
github.com/SkyPanel/SkyPanel/v3/internal/web/daemon/server.go:1149.2,1149.34 1 0
github.com/SkyPanel/SkyPanel/v3/internal/web/daemon/server.go:1149.34,1151.3 1 0
github.com/SkyPanel/SkyPanel/v3/internal/web/daemon/server.go:1152.2,1152.17 1 0
github.com/SkyPanel/SkyPanel/v3/internal/web/daemon/server.go:1180.33,1185.16 4 0
github.com/SkyPanel/SkyPanel/v3/internal/web/daemon/server.go:1185.16,1189.3 2 0
github.com/SkyPanel/SkyPanel/v3/internal/web/daemon/server.go:1191.2,1192.66 2 0
github.com/SkyPanel/SkyPanel/v3/internal/web/daemon/server.go:1192.66,1194.3 1 0
github.com/SkyPanel/SkyPanel/v3/internal/web/daemon/server.go:1196.2,1197.32 2 0
github.com/SkyPanel/SkyPanel/v3/internal/web/daemon/server.go:1197.32,1198.20 1 0
github.com/SkyPanel/SkyPanel/v3/internal/web/daemon/server.go:1198.20,1199.12 1 0
github.com/SkyPanel/SkyPanel/v3/internal/web/daemon/server.go:1202.3,1204.56 2 0
github.com/SkyPanel/SkyPanel/v3/internal/web/daemon/server.go:1204.56,1205.12 1 0
github.com/SkyPanel/SkyPanel/v3/internal/web/daemon/server.go:1208.3,1210.17 3 0
github.com/SkyPanel/SkyPanel/v3/internal/web/daemon/server.go:1210.17,1211.12 1 0
github.com/SkyPanel/SkyPanel/v3/internal/web/daemon/server.go:1215.3,1217.44 3 0
github.com/SkyPanel/SkyPanel/v3/internal/web/daemon/server.go:1217.44,1219.22 2 0
github.com/SkyPanel/SkyPanel/v3/internal/web/daemon/server.go:1219.22,1221.5 1 0
github.com/SkyPanel/SkyPanel/v3/internal/web/daemon/server.go:1224.3,1228.5 1 0
github.com/SkyPanel/SkyPanel/v3/internal/web/daemon/server.go:1231.2,1231.32 1 0
github.com/SkyPanel/SkyPanel/v3/internal/web/daemon/server.go:1241.36,1243.22 2 0
github.com/SkyPanel/SkyPanel/v3/internal/web/daemon/server.go:1243.22,1246.3 2 0
github.com/SkyPanel/SkyPanel/v3/internal/web/daemon/server.go:1249.2,1265.66 13 0
github.com/SkyPanel/SkyPanel/v3/internal/web/daemon/server.go:1265.66,1267.3 1 0
github.com/SkyPanel/SkyPanel/v3/internal/web/daemon/server.go:1268.2,1271.66 3 0
github.com/SkyPanel/SkyPanel/v3/internal/web/daemon/server.go:1271.66,1274.3 2 0
github.com/SkyPanel/SkyPanel/v3/internal/web/daemon/server.go:1275.2,1277.38 2 0
github.com/SkyPanel/SkyPanel/v3/internal/web/daemon/server.go:1277.38,1281.3 3 0
github.com/SkyPanel/SkyPanel/v3/internal/web/daemon/server.go:1283.2,1288.66 3 0
github.com/SkyPanel/SkyPanel/v3/internal/web/daemon/server.go:1288.66,1290.3 1 0
github.com/SkyPanel/SkyPanel/v3/internal/web/daemon/server.go:1292.2,1293.42 2 0
github.com/SkyPanel/SkyPanel/v3/internal/web/daemon/server.go:1293.42,1311.3 8 0
github.com/SkyPanel/SkyPanel/v3/internal/web/daemon/server.go:1313.2,1313.32 1 0
github.com/SkyPanel/SkyPanel/v3/internal/web/daemon/server.go:1323.36,1327.21 3 0
github.com/SkyPanel/SkyPanel/v3/internal/web/daemon/server.go:1327.21,1330.3 2 0
github.com/SkyPanel/SkyPanel/v3/internal/web/daemon/server.go:1333.2,1339.66 6 0
github.com/SkyPanel/SkyPanel/v3/internal/web/daemon/server.go:1339.66,1341.3 1 0
github.com/SkyPanel/SkyPanel/v3/internal/web/daemon/server.go:1342.2,1344.38 2 0
github.com/SkyPanel/SkyPanel/v3/internal/web/daemon/server.go:1344.38,1347.3 2 0
github.com/SkyPanel/SkyPanel/v3/internal/web/daemon/server.go:1349.2,1361.66 3 0
github.com/SkyPanel/SkyPanel/v3/internal/web/daemon/server.go:1361.66,1363.3 1 0
github.com/SkyPanel/SkyPanel/v3/internal/web/daemon/server.go:1365.2,1365.24 1 0
github.com/SkyPanel/SkyPanel/v3/internal/web/daemon/server.go:1365.24,1368.3 2 0
github.com/SkyPanel/SkyPanel/v3/internal/web/daemon/server.go:1371.2,1372.35 2 0
github.com/SkyPanel/SkyPanel/v3/internal/web/daemon/server.go:1372.35,1375.3 2 0
github.com/SkyPanel/SkyPanel/v3/internal/web/daemon/server.go:1378.2,1380.43 3 0
github.com/SkyPanel/SkyPanel/v3/internal/web/daemon/server.go:1380.43,1381.40 1 0
github.com/SkyPanel/SkyPanel/v3/internal/web/daemon/server.go:1381.40,1384.4 2 0
github.com/SkyPanel/SkyPanel/v3/internal/web/daemon/server.go:1388.2,1389.66 2 0
github.com/SkyPanel/SkyPanel/v3/internal/web/daemon/server.go:1389.66,1391.3 1 0
github.com/SkyPanel/SkyPanel/v3/internal/web/daemon/server.go:1392.2,1394.44 2 0
github.com/SkyPanel/SkyPanel/v3/internal/web/daemon/server.go:1394.44,1397.3 2 0
github.com/SkyPanel/SkyPanel/v3/internal/web/daemon/server.go:1400.2,1402.38 3 0
github.com/SkyPanel/SkyPanel/v3/internal/web/daemon/server.go:1402.38,1404.67 2 0
github.com/SkyPanel/SkyPanel/v3/internal/web/daemon/server.go:1404.67,1406.4 1 0
github.com/SkyPanel/SkyPanel/v3/internal/web/daemon/server.go:1409.2,1412.66 3 0
github.com/SkyPanel/SkyPanel/v3/internal/web/daemon/server.go:1412.66,1414.3 1 0
github.com/SkyPanel/SkyPanel/v3/internal/web/daemon/server.go:1415.2,1418.66 3 0
github.com/SkyPanel/SkyPanel/v3/internal/web/daemon/server.go:1418.66,1420.3 1 0
github.com/SkyPanel/SkyPanel/v3/internal/web/daemon/server.go:1422.2,1422.48 1 0
github.com/SkyPanel/SkyPanel/v3/internal/web/daemon/server.go:1422.48,1424.3 1 0
github.com/SkyPanel/SkyPanel/v3/internal/web/daemon/server.go:1425.2,1425.32 1 0
github.com/SkyPanel/SkyPanel/v3/internal/web/daemon/server.go:1435.35,1448.64 7 0
github.com/SkyPanel/SkyPanel/v3/internal/web/daemon/server.go:1448.64,1452.3 3 0
github.com/SkyPanel/SkyPanel/v3/internal/web/daemon/server.go:1455.2,1456.61 2 0
github.com/SkyPanel/SkyPanel/v3/internal/web/daemon/server.go:1456.61,1459.3 2 0
github.com/SkyPanel/SkyPanel/v3/internal/web/daemon/server.go:1461.2,1465.16 4 0
github.com/SkyPanel/SkyPanel/v3/internal/web/daemon/server.go:1465.16,1469.3 3 0
github.com/SkyPanel/SkyPanel/v3/internal/web/daemon/server.go:1471.2,1473.16 3 0
github.com/SkyPanel/SkyPanel/v3/internal/web/daemon/server.go:1473.16,1477.3 3 0
github.com/SkyPanel/SkyPanel/v3/internal/web/daemon/server.go:1479.2,1480.48 2 0
github.com/SkyPanel/SkyPanel/v3/internal/web/daemon/server.go:1480.48,1482.3 1 0
github.com/SkyPanel/SkyPanel/v3/internal/web/daemon/server.go:1483.2,1483.32 1 0
github.com/SkyPanel/SkyPanel/v3/internal/web/api/ai.go:17.44,19.2 1 0
github.com/SkyPanel/SkyPanel/v3/internal/web/api/ai.go:33.40,35.18 2 0
github.com/SkyPanel/SkyPanel/v3/internal/web/api/ai.go:35.18,38.3 2 0
github.com/SkyPanel/SkyPanel/v3/internal/web/api/ai.go:40.2,41.41 2 0
github.com/SkyPanel/SkyPanel/v3/internal/web/api/ai.go:41.41,44.3 2 0
github.com/SkyPanel/SkyPanel/v3/internal/web/api/ai.go:46.2,46.24 1 0
github.com/SkyPanel/SkyPanel/v3/internal/web/api/ai.go:46.24,49.3 2 0
github.com/SkyPanel/SkyPanel/v3/internal/web/api/ai.go:51.2,52.29 2 0
github.com/SkyPanel/SkyPanel/v3/internal/web/api/ai.go:52.29,54.3 1 0
github.com/SkyPanel/SkyPanel/v3/internal/web/api/ai.go:56.2,90.16 6 0
github.com/SkyPanel/SkyPanel/v3/internal/web/api/ai.go:90.16,93.3 2 0
github.com/SkyPanel/SkyPanel/v3/internal/web/api/ai.go:94.2,96.28 2 0
github.com/SkyPanel/SkyPanel/v3/internal/web/api/ai.go:96.28,99.3 2 0
github.com/SkyPanel/SkyPanel/v3/internal/web/api/ai.go:101.2,111.67 2 0
github.com/SkyPanel/SkyPanel/v3/internal/web/api/ai.go:111.67,114.3 2 0
github.com/SkyPanel/SkyPanel/v3/internal/web/api/ai.go:116.2,116.79 1 0
github.com/SkyPanel/SkyPanel/v3/internal/web/api/ai.go:116.79,119.73 3 0
github.com/SkyPanel/SkyPanel/v3/internal/web/api/ai.go:119.73,122.4 2 0
github.com/SkyPanel/SkyPanel/v3/internal/web/api/ai.go:123.3,124.9 2 0
github.com/SkyPanel/SkyPanel/v3/internal/web/api/ai.go:127.2,127.55 1 0
github.com/SkyPanel/SkyPanel/v3/internal/web/api/apikeys.go:14.42,21.2 5 0
github.com/SkyPanel/SkyPanel/v3/internal/web/api/apikeys.go:23.33,28.66 4 0
github.com/SkyPanel/SkyPanel/v3/internal/web/api/apikeys.go:28.66,30.3 1 0
github.com/SkyPanel/SkyPanel/v3/internal/web/api/apikeys.go:32.2,32.29 1 0
github.com/SkyPanel/SkyPanel/v3/internal/web/api/apikeys.go:35.35,44.88 4 0
github.com/SkyPanel/SkyPanel/v3/internal/web/api/apikeys.go:44.88,46.3 1 0
github.com/SkyPanel/SkyPanel/v3/internal/web/api/apikeys.go:48.2,49.66 2 0
github.com/SkyPanel/SkyPanel/v3/internal/web/api/apikeys.go:49.66,51.3 1 0
github.com/SkyPanel/SkyPanel/v3/internal/web/api/apikeys.go:54.2,57.4 1 0
github.com/SkyPanel/SkyPanel/v3/internal/web/api/apikeys.go:60.35,65.57 4 0
github.com/SkyPanel/SkyPanel/v3/internal/web/api/apikeys.go:65.57,67.3 1 0
github.com/SkyPanel/SkyPanel/v3/internal/web/api/apikeys.go:69.2,70.66 2 0
github.com/SkyPanel/SkyPanel/v3/internal/web/api/apikeys.go:70.66,72.3 1 0
github.com/SkyPanel/SkyPanel/v3/internal/web/api/apikeys.go:74.2,74.32 1 0
github.com/SkyPanel/SkyPanel/v3/internal/web/api/config.go:18.34,21.16 3 0
github.com/SkyPanel/SkyPanel/v3/internal/web/api/config.go:21.16,22.27 1 0
github.com/SkyPanel/SkyPanel/v3/internal/web/api/config.go:22.27,23.57 1 0
github.com/SkyPanel/SkyPanel/v3/internal/web/api/config.go:23.57,25.5 1 0
github.com/SkyPanel/SkyPanel/v3/internal/web/api/config.go:29.2,39.4 1 0
github.com/SkyPanel/SkyPanel/v3/internal/web/api/databasehosts.go:15.48,24.2 7 0
github.com/SkyPanel/SkyPanel/v3/internal/web/api/databasehosts.go:36.42,42.93 5 0
github.com/SkyPanel/SkyPanel/v3/internal/web/api/databasehosts.go:42.93,44.3 1 0
github.com/SkyPanel/SkyPanel/v3/internal/web/api/databasehosts.go:46.2,47.29 2 0
github.com/SkyPanel/SkyPanel/v3/internal/web/api/databasehosts.go:47.29,59.3 1 0
github.com/SkyPanel/SkyPanel/v3/internal/web/api/databasehosts.go:61.2,61.29 1 0
github.com/SkyPanel/SkyPanel/v3/internal/web/api/databasehosts.go:75.38,82.57 6 0
github.com/SkyPanel/SkyPanel/v3/internal/web/api/databasehosts.go:82.57,84.3 1 0
github.com/SkyPanel/SkyPanel/v3/internal/web/api/databasehosts.go:86.2,87.66 2 0
github.com/SkyPanel/SkyPanel/v3/internal/web/api/databasehosts.go:87.66,89.3 1 0
github.com/SkyPanel/SkyPanel/v3/internal/web/api/databasehosts.go:91.2,103.29 2 0
github.com/SkyPanel/SkyPanel/v3/internal/web/api/databasehosts.go:117.41,123.82 5 0
github.com/SkyPanel/SkyPanel/v3/internal/web/api/databasehosts.go:123.82,125.3 1 0
github.com/SkyPanel/SkyPanel/v3/internal/web/api/databasehosts.go:127.2,137.92 2 0
github.com/SkyPanel/SkyPanel/v3/internal/web/api/databasehosts.go:137.92,139.3 1 0
github.com/SkyPanel/SkyPanel/v3/internal/web/api/databasehosts.go:141.2,153.29 2 0
github.com/SkyPanel/SkyPanel/v3/internal/web/api/databasehosts.go:168.41,174.86 5 0
github.com/SkyPanel/SkyPanel/v3/internal/web/api/databasehosts.go:174.86,176.3 1 0
github.com/SkyPanel/SkyPanel/v3/internal/web/api/databasehosts.go:178.2,180.57 3 0
github.com/SkyPanel/SkyPanel/v3/internal/web/api/databasehosts.go:180.57,182.3 1 0
github.com/SkyPanel/SkyPanel/v3/internal/web/api/databasehosts.go:184.2,185.66 2 0
github.com/SkyPanel/SkyPanel/v3/internal/web/api/databasehosts.go:185.66,187.3 1 0
github.com/SkyPanel/SkyPanel/v3/internal/web/api/databasehosts.go:189.2,193.30 5 0
github.com/SkyPanel/SkyPanel/v3/internal/web/api/databasehosts.go:193.30,195.3 1 0
github.com/SkyPanel/SkyPanel/v3/internal/web/api/databasehosts.go:196.2,199.94 3 0
github.com/SkyPanel/SkyPanel/v3/internal/web/api/databasehosts.go:199.94,201.3 1 0
github.com/SkyPanel/SkyPanel/v3/internal/web/api/databasehosts.go:203.2,203.32 1 0
github.com/SkyPanel/SkyPanel/v3/internal/web/api/databasehosts.go:217.41,224.57 6 0
github.com/SkyPanel/SkyPanel/v3/internal/web/api/databasehosts.go:224.57,226.3 1 0
github.com/SkyPanel/SkyPanel/v3/internal/web/api/databasehosts.go:228.2,228.94 1 0
github.com/SkyPanel/SkyPanel/v3/internal/web/api/databasehosts.go:228.94,230.3 1 0
github.com/SkyPanel/SkyPanel/v3/internal/web/api/databasehosts.go:232.2,232.32 1 0
github.com/SkyPanel/SkyPanel/v3/internal/web/api/databases.go:16.44,23.2 5 0
github.com/SkyPanel/SkyPanel/v3/internal/web/api/databases.go:36.47,44.113 6 0
github.com/SkyPanel/SkyPanel/v3/internal/web/api/databases.go:44.113,46.3 1 0
github.com/SkyPanel/SkyPanel/v3/internal/web/api/databases.go:48.2,49.37 2 0
github.com/SkyPanel/SkyPanel/v3/internal/web/api/databases.go:49.37,54.35 4 0
github.com/SkyPanel/SkyPanel/v3/internal/web/api/databases.go:54.35,58.4 3 0
github.com/SkyPanel/SkyPanel/v3/internal/web/api/databases.go:60.3,74.4 1 0
github.com/SkyPanel/SkyPanel/v3/internal/web/api/databases.go:77.2,77.29 1 0
github.com/SkyPanel/SkyPanel/v3/internal/web/api/databases.go:92.37,100.82 6 0
github.com/SkyPanel/SkyPanel/v3/internal/web/api/databases.go:100.82,102.3 1 0
github.com/SkyPanel/SkyPanel/v3/internal/web/api/databases.go:104.2,110.91 2 0
github.com/SkyPanel/SkyPanel/v3/internal/web/api/databases.go:110.91,112.3 1 0
github.com/SkyPanel/SkyPanel/v3/internal/web/api/databases.go:115.2,116.66 2 0
github.com/SkyPanel/SkyPanel/v3/internal/web/api/databases.go:116.66,118.3 1 0
github.com/SkyPanel/SkyPanel/v3/internal/web/api/databases.go:120.2,124.33 4 0
github.com/SkyPanel/SkyPanel/v3/internal/web/api/databases.go:124.33,128.3 3 0
github.com/SkyPanel/SkyPanel/v3/internal/web/api/databases.go:130.2,146.29 2 0
github.com/SkyPanel/SkyPanel/v3/internal/web/api/databases.go:161.37,168.57 6 0
github.com/SkyPanel/SkyPanel/v3/internal/web/api/databases.go:168.57,170.3 1 0
github.com/SkyPanel/SkyPanel/v3/internal/web/api/databases.go:173.2,174.66 2 0
github.com/SkyPanel/SkyPanel/v3/internal/web/api/databases.go:174.66,176.3 1 0
github.com/SkyPanel/SkyPanel/v3/internal/web/api/databases.go:178.2,179.35 2 0
github.com/SkyPanel/SkyPanel/v3/internal/web/api/databases.go:179.35,182.3 2 0
github.com/SkyPanel/SkyPanel/v3/internal/web/api/databases.go:184.2,184.93 1 0
github.com/SkyPanel/SkyPanel/v3/internal/web/api/databases.go:184.93,186.3 1 0
github.com/SkyPanel/SkyPanel/v3/internal/web/api/databases.go:188.2,188.32 1 0
github.com/SkyPanel/SkyPanel/v3/internal/web/api/extransfer_logic.go:35.51,38.18 3 0
github.com/SkyPanel/SkyPanel/v3/internal/web/api/extransfer_logic.go:38.18,40.3 1 0
github.com/SkyPanel/SkyPanel/v3/internal/web/api/extransfer_logic.go:40.8,42.3 1 0
github.com/SkyPanel/SkyPanel/v3/internal/web/api/extransfer_logic.go:45.50,49.2 3 0
github.com/SkyPanel/SkyPanel/v3/internal/web/api/extransfer_logic.go:58.13,60.16 2 0
github.com/SkyPanel/SkyPanel/v3/internal/web/api/extransfer_logic.go:60.16,61.13 1 0
github.com/SkyPanel/SkyPanel/v3/internal/web/api/extransfer_logic.go:63.2,64.27 2 0
github.com/SkyPanel/SkyPanel/v3/internal/web/api/extransfer_logic.go:85.52,98.2 6 0
github.com/SkyPanel/SkyPanel/v3/internal/web/api/extransfer_logic.go:100.43,114.2 2 0
github.com/SkyPanel/SkyPanel/v3/internal/web/api/extransfer_logic.go:125.39,148.50 11 0
github.com/SkyPanel/SkyPanel/v3/internal/web/api/extransfer_logic.go:148.50,151.3 2 0
github.com/SkyPanel/SkyPanel/v3/internal/web/api/extransfer_logic.go:153.2,157.4 1 0
github.com/SkyPanel/SkyPanel/v3/internal/web/api/extransfer_logic.go:170.41,172.41 2 0
github.com/SkyPanel/SkyPanel/v3/internal/web/api/extransfer_logic.go:172.41,175.3 2 0
github.com/SkyPanel/SkyPanel/v3/internal/web/api/extransfer_logic.go:177.2,187.48 8 0
github.com/SkyPanel/SkyPanel/v3/internal/web/api/extransfer_logic.go:187.48,189.136 2 0
github.com/SkyPanel/SkyPanel/v3/internal/web/api/extransfer_logic.go:189.136,191.4 1 0
github.com/SkyPanel/SkyPanel/v3/internal/web/api/extransfer_logic.go:193.3,193.22 1 0
github.com/SkyPanel/SkyPanel/v3/internal/web/api/extransfer_logic.go:193.22,195.4 1 0
github.com/SkyPanel/SkyPanel/v3/internal/web/api/extransfer_logic.go:197.3,197.86 1 0
github.com/SkyPanel/SkyPanel/v3/internal/web/api/extransfer_logic.go:197.86,199.4 1 0
github.com/SkyPanel/SkyPanel/v3/internal/web/api/extransfer_logic.go:200.3,200.42 1 0
github.com/SkyPanel/SkyPanel/v3/internal/web/api/extransfer_logic.go:200.42,202.4 1 0
github.com/SkyPanel/SkyPanel/v3/internal/web/api/extransfer_logic.go:204.3,212.33 8 0
github.com/SkyPanel/SkyPanel/v3/internal/web/api/extransfer_logic.go:215.2,215.16 1 0
github.com/SkyPanel/SkyPanel/v3/internal/web/api/extransfer_logic.go:215.16,218.3 2 0
github.com/SkyPanel/SkyPanel/v3/internal/web/api/extransfer_logic.go:221.2,229.4 1 0
github.com/SkyPanel/SkyPanel/v3/internal/web/api/extransfer_logic.go:242.40,244.41 2 0
github.com/SkyPanel/SkyPanel/v3/internal/web/api/extransfer_logic.go:244.41,247.3 2 0
github.com/SkyPanel/SkyPanel/v3/internal/web/api/extransfer_logic.go:249.2,252.48 3 0
github.com/SkyPanel/SkyPanel/v3/internal/web/api/extransfer_logic.go:252.48,253.140 1 0
github.com/SkyPanel/SkyPanel/v3/internal/web/api/extransfer_logic.go:253.140,255.4 1 0
github.com/SkyPanel/SkyPanel/v3/internal/web/api/extransfer_logic.go:257.3,257.47 1 0
github.com/SkyPanel/SkyPanel/v3/internal/web/api/extransfer_logic.go:257.47,259.4 1 0
github.com/SkyPanel/SkyPanel/v3/internal/web/api/extransfer_logic.go:260.3,260.48 1 0
github.com/SkyPanel/SkyPanel/v3/internal/web/api/extransfer_logic.go:260.48,262.4 1 0
github.com/SkyPanel/SkyPanel/v3/internal/web/api/extransfer_logic.go:265.3,267.77 3 0
github.com/SkyPanel/SkyPanel/v3/internal/web/api/extransfer_logic.go:267.77,269.4 1 0
github.com/SkyPanel/SkyPanel/v3/internal/web/api/extransfer_logic.go:271.3,272.52 2 0
github.com/SkyPanel/SkyPanel/v3/internal/web/api/extransfer_logic.go:272.52,274.4 1 0
github.com/SkyPanel/SkyPanel/v3/internal/web/api/extransfer_logic.go:276.3,277.33 2 0
github.com/SkyPanel/SkyPanel/v3/internal/web/api/extransfer_logic.go:280.2,280.16 1 0
github.com/SkyPanel/SkyPanel/v3/internal/web/api/extransfer_logic.go:280.16,283.3 2 0
github.com/SkyPanel/SkyPanel/v3/internal/web/api/extransfer_logic.go:286.2,288.76 2 0
github.com/SkyPanel/SkyPanel/v3/internal/web/api/extransfer_logic.go:297.42,299.2 1 0
github.com/SkyPanel/SkyPanel/v3/internal/web/api/extransfer_logic.go:307.40,309.2 1 0
github.com/SkyPanel/SkyPanel/v3/internal/web/api/extransfer_logic.go:317.39,319.2 1 0
github.com/SkyPanel/SkyPanel/v3/internal/web/api/extransfer_logic.go:333.41,337.40 3 0
github.com/SkyPanel/SkyPanel/v3/internal/web/api/extransfer_logic.go:337.40,340.3 2 0
github.com/SkyPanel/SkyPanel/v3/internal/web/api/extransfer_logic.go:342.2,344.86 3 0
github.com/SkyPanel/SkyPanel/v3/internal/web/api/extransfer_logic.go:344.86,347.3 2 0
github.com/SkyPanel/SkyPanel/v3/internal/web/api/extransfer_logic.go:349.2,349.46 1 0
github.com/SkyPanel/SkyPanel/v3/internal/web/api/extransfer_logic.go:349.46,352.3 2 0
github.com/SkyPanel/SkyPanel/v3/internal/web/api/extransfer_logic.go:355.2,357.76 3 0
github.com/SkyPanel/SkyPanel/v3/internal/web/api/extransfer_logic.go:357.76,360.3 2 0
github.com/SkyPanel/SkyPanel/v3/internal/web/api/extransfer_logic.go:362.2,363.51 2 0
github.com/SkyPanel/SkyPanel/v3/internal/web/api/extransfer_logic.go:363.51,366.3 2 0
github.com/SkyPanel/SkyPanel/v3/internal/web/api/extransfer_logic.go:369.2,370.106 2 0
github.com/SkyPanel/SkyPanel/v3/internal/web/api/extransfer_logic.go:370.106,373.3 2 0
github.com/SkyPanel/SkyPanel/v3/internal/web/api/extransfer_logic.go:375.2,377.49 3 0
github.com/SkyPanel/SkyPanel/v3/internal/web/api/extransfer_logic.go:377.49,380.3 2 0
github.com/SkyPanel/SkyPanel/v3/internal/web/api/extransfer_logic.go:381.2,387.16 5 0
github.com/SkyPanel/SkyPanel/v3/internal/web/api/extransfer_logic.go:387.16,389.3 1 0
github.com/SkyPanel/SkyPanel/v3/internal/web/api/extransfer_logic.go:392.77,396.106 3 0
github.com/SkyPanel/SkyPanel/v3/internal/web/api/extransfer_logic.go:396.106,399.3 2 0
github.com/SkyPanel/SkyPanel/v3/internal/web/api/extransfer_logic.go:401.2,411.109 7 0
github.com/SkyPanel/SkyPanel/v3/internal/web/api/extransfer_logic.go:411.109,415.3 3 0
github.com/SkyPanel/SkyPanel/v3/internal/web/api/extransfer_logic.go:417.2,417.76 1 0
github.com/SkyPanel/SkyPanel/v3/internal/web/api/extransfer_logic.go:425.37,428.41 3 0
github.com/SkyPanel/SkyPanel/v3/internal/web/api/extransfer_logic.go:428.41,431.3 2 0
github.com/SkyPanel/SkyPanel/v3/internal/web/api/extransfer_logic.go:433.2,441.79 6 0
github.com/SkyPanel/SkyPanel/v3/internal/web/api/extransfer_logic.go:444.42,448.2 3 0
github.com/SkyPanel/SkyPanel/v3/internal/web/api/extransfer_logic.go:450.92,451.31 1 0
github.com/SkyPanel/SkyPanel/v3/internal/web/api/extransfer_logic.go:451.31,453.3 1 0
github.com/SkyPanel/SkyPanel/v3/internal/web/api/extransfer_logic.go:454.2,454.15 1 0
github.com/SkyPanel/SkyPanel/v3/internal/web/api/extransfer_logic.go:454.15,458.3 2 0
github.com/SkyPanel/SkyPanel/v3/internal/web/api/extransfer_logic.go:460.2,464.91 3 0
github.com/SkyPanel/SkyPanel/v3/internal/web/api/extransfer_logic.go:464.91,466.3 1 0
github.com/SkyPanel/SkyPanel/v3/internal/web/api/extransfer_logic.go:469.2,481.16 6 0
github.com/SkyPanel/SkyPanel/v3/internal/web/api/extransfer_logic.go:481.16,485.3 3 0
github.com/SkyPanel/SkyPanel/v3/internal/web/api/extransfer_logic.go:486.2,488.28 2 0
github.com/SkyPanel/SkyPanel/v3/internal/web/api/extransfer_logic.go:488.28,493.3 4 0
github.com/SkyPanel/SkyPanel/v3/internal/web/api/extransfer_logic.go:495.2,499.72 2 0
github.com/SkyPanel/SkyPanel/v3/internal/web/api/extransfer_logic.go:499.72,503.3 3 0
github.com/SkyPanel/SkyPanel/v3/internal/web/api/extransfer_logic.go:505.2,520.16 9 0
github.com/SkyPanel/SkyPanel/v3/internal/web/api/extransfer_logic.go:520.16,524.3 3 0
github.com/SkyPanel/SkyPanel/v3/internal/web/api/extransfer_logic.go:525.2,527.28 2 0
github.com/SkyPanel/SkyPanel/v3/internal/web/api/extransfer_logic.go:527.28,532.3 4 0
github.com/SkyPanel/SkyPanel/v3/internal/web/api/extransfer_logic.go:534.2,549.16 10 0
github.com/SkyPanel/SkyPanel/v3/internal/web/api/extransfer_logic.go:549.16,553.3 3 0
github.com/SkyPanel/SkyPanel/v3/internal/web/api/extransfer_logic.go:554.2,556.28 2 0
github.com/SkyPanel/SkyPanel/v3/internal/web/api/extransfer_logic.go:556.28,561.3 4 0
github.com/SkyPanel/SkyPanel/v3/internal/web/api/extransfer_logic.go:563.2,572.64 6 0
github.com/SkyPanel/SkyPanel/v3/internal/web/api/extransfer_logic.go:572.64,577.3 4 0
github.com/SkyPanel/SkyPanel/v3/internal/web/api/extransfer_logic.go:578.2,578.27 1 0
github.com/SkyPanel/SkyPanel/v3/internal/web/api/extransfer_logic.go:578.27,580.3 1 0
github.com/SkyPanel/SkyPanel/v3/internal/web/api/extransfer_logic.go:582.2,586.130 4 0
github.com/SkyPanel/SkyPanel/v3/internal/web/api/extransfer_logic.go:586.130,590.3 3 0
github.com/SkyPanel/SkyPanel/v3/internal/web/api/extransfer_logic.go:591.2,591.28 1 0
github.com/SkyPanel/SkyPanel/v3/internal/web/api/extransfer_logic.go:591.28,593.3 1 0
github.com/SkyPanel/SkyPanel/v3/internal/web/api/extransfer_logic.go:595.2,600.18 4 0
github.com/SkyPanel/SkyPanel/v3/internal/web/api/loader.go:11.42,13.30 1 0
github.com/SkyPanel/SkyPanel/v3/internal/web/api/loader.go:13.30,16.3 2 0
github.com/SkyPanel/SkyPanel/v3/internal/web/api/loader.go:18.2,47.38 24 0
github.com/SkyPanel/SkyPanel/v3/internal/web/api/nodes.go:21.40,39.2 13 0
github.com/SkyPanel/SkyPanel/v3/internal/web/api/nodes.go:51.34,57.92 5 0
github.com/SkyPanel/SkyPanel/v3/internal/web/api/nodes.go:57.92,59.3 1 0
github.com/SkyPanel/SkyPanel/v3/internal/web/api/nodes.go:61.2,62.29 2 0
github.com/SkyPanel/SkyPanel/v3/internal/web/api/nodes.go:76.30,82.9 5 0
github.com/SkyPanel/SkyPanel/v3/internal/web/api/nodes.go:82.9,84.3 1 0
github.com/SkyPanel/SkyPanel/v3/internal/web/api/nodes.go:86.2,87.66 2 0
github.com/SkyPanel/SkyPanel/v3/internal/web/api/nodes.go:87.66,89.3 1 0
github.com/SkyPanel/SkyPanel/v3/internal/web/api/nodes.go:91.2,92.26 2 0
github.com/SkyPanel/SkyPanel/v3/internal/web/api/nodes.go:105.33,111.82 5 0
github.com/SkyPanel/SkyPanel/v3/internal/web/api/nodes.go:111.82,113.3 1 0
github.com/SkyPanel/SkyPanel/v3/internal/web/api/nodes.go:115.2,115.83 1 0
github.com/SkyPanel/SkyPanel/v3/internal/web/api/nodes.go:115.83,117.3 1 0
github.com/SkyPanel/SkyPanel/v3/internal/web/api/nodes.go:119.2,123.66 4 0
github.com/SkyPanel/SkyPanel/v3/internal/web/api/nodes.go:123.66,125.3 1 0
github.com/SkyPanel/SkyPanel/v3/internal/web/api/nodes.go:127.2,128.91 2 0
github.com/SkyPanel/SkyPanel/v3/internal/web/api/nodes.go:128.91,130.3 1 0
github.com/SkyPanel/SkyPanel/v3/internal/web/api/nodes.go:132.2,132.48 1 0
github.com/SkyPanel/SkyPanel/v3/internal/web/api/nodes.go:147.33,153.86 5 0
github.com/SkyPanel/SkyPanel/v3/internal/web/api/nodes.go:153.86,155.3 1 0
github.com/SkyPanel/SkyPanel/v3/internal/web/api/nodes.go:157.2,158.9 2 0
github.com/SkyPanel/SkyPanel/v3/internal/web/api/nodes.go:158.9,160.3 1 0
github.com/SkyPanel/SkyPanel/v3/internal/web/api/nodes.go:162.2,162.86 1 0
github.com/SkyPanel/SkyPanel/v3/internal/web/api/nodes.go:162.86,164.3 1 0
github.com/SkyPanel/SkyPanel/v3/internal/web/api/nodes.go:166.2,167.66 2 0
github.com/SkyPanel/SkyPanel/v3/internal/web/api/nodes.go:167.66,169.3 1 0
github.com/SkyPanel/SkyPanel/v3/internal/web/api/nodes.go:171.2,172.89 2 0
github.com/SkyPanel/SkyPanel/v3/internal/web/api/nodes.go:172.89,174.3 1 0
github.com/SkyPanel/SkyPanel/v3/internal/web/api/nodes.go:176.2,176.32 1 0
github.com/SkyPanel/SkyPanel/v3/internal/web/api/nodes.go:190.33,196.9 5 0
github.com/SkyPanel/SkyPanel/v3/internal/web/api/nodes.go:196.9,198.3 1 0
github.com/SkyPanel/SkyPanel/v3/internal/web/api/nodes.go:200.2,201.66 2 0
github.com/SkyPanel/SkyPanel/v3/internal/web/api/nodes.go:201.66,203.3 1 0
github.com/SkyPanel/SkyPanel/v3/internal/web/api/nodes.go:205.2,206.66 2 0
github.com/SkyPanel/SkyPanel/v3/internal/web/api/nodes.go:206.66,208.3 1 0
github.com/SkyPanel/SkyPanel/v3/internal/web/api/nodes.go:210.2,210.32 1 0
github.com/SkyPanel/SkyPanel/v3/internal/web/api/nodes.go:224.33,230.9 5 0
github.com/SkyPanel/SkyPanel/v3/internal/web/api/nodes.go:230.9,232.3 1 0
github.com/SkyPanel/SkyPanel/v3/internal/web/api/nodes.go:234.2,235.66 2 0
github.com/SkyPanel/SkyPanel/v3/internal/web/api/nodes.go:235.66,237.3 1 0
github.com/SkyPanel/SkyPanel/v3/internal/web/api/nodes.go:239.2,244.29 2 0
github.com/SkyPanel/SkyPanel/v3/internal/web/api/nodes.go:258.34,264.9 5 0
github.com/SkyPanel/SkyPanel/v3/internal/web/api/nodes.go:264.9,266.3 1 0
github.com/SkyPanel/SkyPanel/v3/internal/web/api/nodes.go:268.2,269.66 2 0
github.com/SkyPanel/SkyPanel/v3/internal/web/api/nodes.go:269.66,271.3 1 0
github.com/SkyPanel/SkyPanel/v3/internal/web/api/nodes.go:273.2,274.66 2 0
github.com/SkyPanel/SkyPanel/v3/internal/web/api/nodes.go:274.66,276.3 1 0
github.com/SkyPanel/SkyPanel/v3/internal/web/api/nodes.go:277.2,281.66 4 0
github.com/SkyPanel/SkyPanel/v3/internal/web/api/nodes.go:281.66,283.3 1 0
github.com/SkyPanel/SkyPanel/v3/internal/web/api/nodes.go:285.2,285.33 1 0
github.com/SkyPanel/SkyPanel/v3/internal/web/api/nodes.go:299.36,305.9 5 0
github.com/SkyPanel/SkyPanel/v3/internal/web/api/nodes.go:305.9,307.3 1 0
github.com/SkyPanel/SkyPanel/v3/internal/web/api/nodes.go:309.2,310.66 2 0
github.com/SkyPanel/SkyPanel/v3/internal/web/api/nodes.go:310.66,312.3 1 0
github.com/SkyPanel/SkyPanel/v3/internal/web/api/nodes.go:314.2,315.66 2 0
github.com/SkyPanel/SkyPanel/v3/internal/web/api/nodes.go:315.66,317.3 1 0
github.com/SkyPanel/SkyPanel/v3/internal/web/api/nodes.go:318.2,322.66 4 0
github.com/SkyPanel/SkyPanel/v3/internal/web/api/nodes.go:322.66,324.3 1 0
github.com/SkyPanel/SkyPanel/v3/internal/web/api/nodes.go:326.2,326.35 1 0
github.com/SkyPanel/SkyPanel/v3/internal/web/api/nodes.go:329.46,334.67 3 0
github.com/SkyPanel/SkyPanel/v3/internal/web/api/nodes.go:334.67,337.3 2 0
github.com/SkyPanel/SkyPanel/v3/internal/web/api/nodes.go:339.2,339.23 1 0
github.com/SkyPanel/SkyPanel/v3/internal/web/api/products.go:14.43,21.2 6 0
github.com/SkyPanel/SkyPanel/v3/internal/web/api/products.go:23.34,28.66 4 0
github.com/SkyPanel/SkyPanel/v3/internal/web/api/products.go:28.66,30.3 1 0
github.com/SkyPanel/SkyPanel/v3/internal/web/api/products.go:32.2,32.33 1 0
github.com/SkyPanel/SkyPanel/v3/internal/web/api/products.go:35.36,39.88 3 0
github.com/SkyPanel/SkyPanel/v3/internal/web/api/products.go:39.88,41.3 1 0
github.com/SkyPanel/SkyPanel/v3/internal/web/api/products.go:43.2,44.66 2 0
github.com/SkyPanel/SkyPanel/v3/internal/web/api/products.go:44.66,46.3 1 0
github.com/SkyPanel/SkyPanel/v3/internal/web/api/products.go:48.2,48.28 1 0
github.com/SkyPanel/SkyPanel/v3/internal/web/api/products.go:51.36,55.57 3 0
github.com/SkyPanel/SkyPanel/v3/internal/web/api/products.go:55.57,57.3 1 0
github.com/SkyPanel/SkyPanel/v3/internal/web/api/products.go:59.2,61.55 3 0
github.com/SkyPanel/SkyPanel/v3/internal/web/api/products.go:61.55,63.3 1 0
github.com/SkyPanel/SkyPanel/v3/internal/web/api/products.go:65.2,65.92 1 0
github.com/SkyPanel/SkyPanel/v3/internal/web/api/products.go:65.92,67.3 1 0
github.com/SkyPanel/SkyPanel/v3/internal/web/api/products.go:69.2,71.66 3 0
github.com/SkyPanel/SkyPanel/v3/internal/web/api/products.go:71.66,73.3 1 0
github.com/SkyPanel/SkyPanel/v3/internal/web/api/products.go:75.2,75.32 1 0
github.com/SkyPanel/SkyPanel/v3/internal/web/api/products.go:78.36,82.57 3 0
github.com/SkyPanel/SkyPanel/v3/internal/web/api/products.go:82.57,84.3 1 0
github.com/SkyPanel/SkyPanel/v3/internal/web/api/products.go:86.2,87.66 2 0
github.com/SkyPanel/SkyPanel/v3/internal/web/api/products.go:87.66,89.3 1 0
github.com/SkyPanel/SkyPanel/v3/internal/web/api/products.go:91.2,91.32 1 0
github.com/SkyPanel/SkyPanel/v3/internal/web/api/provision.go:25.44,31.2 5 0
github.com/SkyPanel/SkyPanel/v3/internal/web/api/provision.go:33.36,35.2 1 0
github.com/SkyPanel/SkyPanel/v3/internal/web/api/provision.go:56.77,58.34 1 0
github.com/SkyPanel/SkyPanel/v3/internal/web/api/provision.go:58.34,61.3 2 0
github.com/SkyPanel/SkyPanel/v3/internal/web/api/provision.go:63.2,63.23 1 0
github.com/SkyPanel/SkyPanel/v3/internal/web/api/provision.go:63.23,65.3 1 0
github.com/SkyPanel/SkyPanel/v3/internal/web/api/provision.go:68.2,74.30 4 0
github.com/SkyPanel/SkyPanel/v3/internal/web/api/provision.go:74.30,76.3 1 0
github.com/SkyPanel/SkyPanel/v3/internal/web/api/provision.go:78.2,81.23 2 0
github.com/SkyPanel/SkyPanel/v3/internal/web/api/provision.go:81.23,83.36 2 0
github.com/SkyPanel/SkyPanel/v3/internal/web/api/provision.go:83.36,85.18 2 0
github.com/SkyPanel/SkyPanel/v3/internal/web/api/provision.go:85.18,87.5 1 0
github.com/SkyPanel/SkyPanel/v3/internal/web/api/provision.go:88.4,89.24 2 0
github.com/SkyPanel/SkyPanel/v3/internal/web/api/provision.go:89.24,91.5 1 0
github.com/SkyPanel/SkyPanel/v3/internal/web/api/provision.go:93.3,93.11 1 0
github.com/SkyPanel/SkyPanel/v3/internal/web/api/provision.go:97.2,98.38 2 0
github.com/SkyPanel/SkyPanel/v3/internal/web/api/provision.go:98.38,99.15 1 0
github.com/SkyPanel/SkyPanel/v3/internal/web/api/provision.go:99.15,101.4 1 0
github.com/SkyPanel/SkyPanel/v3/internal/web/api/provision.go:104.2,104.20 1 0
github.com/SkyPanel/SkyPanel/v3/internal/web/api/provision.go:104.20,106.3 1 0
github.com/SkyPanel/SkyPanel/v3/internal/web/api/provision.go:108.2,109.16 2 0
github.com/SkyPanel/SkyPanel/v3/internal/web/api/provision.go:109.16,111.3 1 0
github.com/SkyPanel/SkyPanel/v3/internal/web/api/provision.go:112.2,112.30 1 0
github.com/SkyPanel/SkyPanel/v3/internal/web/api/provision.go:115.38,119.88 3 0
github.com/SkyPanel/SkyPanel/v3/internal/web/api/provision.go:119.88,121.3 1 0
github.com/SkyPanel/SkyPanel/v3/internal/web/api/provision.go:124.2,125.129 2 0
github.com/SkyPanel/SkyPanel/v3/internal/web/api/provision.go:125.129,127.3 1 0
github.com/SkyPanel/SkyPanel/v3/internal/web/api/provision.go:130.2,136.9 6 0
github.com/SkyPanel/SkyPanel/v3/internal/web/api/provision.go:137.46,140.30 2 0
github.com/SkyPanel/SkyPanel/v3/internal/web/api/provision.go:140.30,142.4 1 0
github.com/SkyPanel/SkyPanel/v3/internal/web/api/provision.go:143.3,144.21 2 0
github.com/SkyPanel/SkyPanel/v3/internal/web/api/provision.go:144.21,147.4 2 0
github.com/SkyPanel/SkyPanel/v3/internal/web/api/provision.go:148.3,153.91 3 0
github.com/SkyPanel/SkyPanel/v3/internal/web/api/provision.go:153.91,155.4 1 0
github.com/SkyPanel/SkyPanel/v3/internal/web/api/provision.go:156.68,157.9 1 0
github.com/SkyPanel/SkyPanel/v3/internal/web/api/provision.go:158.10,162.91 3 0
github.com/SkyPanel/SkyPanel/v3/internal/web/api/provision.go:162.91,164.4 1 0
github.com/SkyPanel/SkyPanel/v3/internal/web/api/provision.go:168.2,168.15 1 0
github.com/SkyPanel/SkyPanel/v3/internal/web/api/provision.go:168.15,173.40 3 0
github.com/SkyPanel/SkyPanel/v3/internal/web/api/provision.go:173.40,175.92 2 0
github.com/SkyPanel/SkyPanel/v3/internal/web/api/provision.go:175.92,177.5 1 0
github.com/SkyPanel/SkyPanel/v3/internal/web/api/provision.go:181.3,182.67 2 0
github.com/SkyPanel/SkyPanel/v3/internal/web/api/provision.go:182.67,184.4 1 0
github.com/SkyPanel/SkyPanel/v3/internal/web/api/provision.go:185.3,186.109 2 0
github.com/SkyPanel/SkyPanel/v3/internal/web/api/provision.go:186.109,188.4 1 0
github.com/SkyPanel/SkyPanel/v3/internal/web/api/provision.go:192.2,194.66 3 0
github.com/SkyPanel/SkyPanel/v3/internal/web/api/provision.go:194.66,196.3 1 0
github.com/SkyPanel/SkyPanel/v3/internal/web/api/provision.go:198.2,199.29 2 0
github.com/SkyPanel/SkyPanel/v3/internal/web/api/provision.go:199.29,201.32 2 0
github.com/SkyPanel/SkyPanel/v3/internal/web/api/provision.go:201.32,203.9 2 0
github.com/SkyPanel/SkyPanel/v3/internal/web/api/provision.go:206.2,206.21 1 0
github.com/SkyPanel/SkyPanel/v3/internal/web/api/provision.go:206.21,209.3 2 0
github.com/SkyPanel/SkyPanel/v3/internal/web/api/provision.go:212.2,213.51 2 0
github.com/SkyPanel/SkyPanel/v3/internal/web/api/provision.go:213.51,215.3 1 0
github.com/SkyPanel/SkyPanel/v3/internal/web/api/provision.go:217.2,219.57 3 0
github.com/SkyPanel/SkyPanel/v3/internal/web/api/provision.go:219.57,221.3 1 0
github.com/SkyPanel/SkyPanel/v3/internal/web/api/provision.go:224.2,228.22 4 0
github.com/SkyPanel/SkyPanel/v3/internal/web/api/provision.go:228.22,230.3 1 0
github.com/SkyPanel/SkyPanel/v3/internal/web/api/provision.go:233.2,249.47 3 0
github.com/SkyPanel/SkyPanel/v3/internal/web/api/provision.go:249.47,251.3 1 0
github.com/SkyPanel/SkyPanel/v3/internal/web/api/provision.go:252.2,252.66 1 0
github.com/SkyPanel/SkyPanel/v3/internal/web/api/provision.go:252.66,254.3 1 0
github.com/SkyPanel/SkyPanel/v3/internal/web/api/provision.go:257.2,258.66 2 0
github.com/SkyPanel/SkyPanel/v3/internal/web/api/provision.go:258.66,260.3 1 0
github.com/SkyPanel/SkyPanel/v3/internal/web/api/provision.go:262.2,294.101 2 0
github.com/SkyPanel/SkyPanel/v3/internal/web/api/provision.go:294.101,296.3 1 0
github.com/SkyPanel/SkyPanel/v3/internal/web/api/provision.go:299.2,308.22 3 0
github.com/SkyPanel/SkyPanel/v3/internal/web/api/provision.go:308.22,309.45 1 0
github.com/SkyPanel/SkyPanel/v3/internal/web/api/provision.go:309.45,311.4 1 0
github.com/SkyPanel/SkyPanel/v3/internal/web/api/provision.go:313.3,320.32 4 0
github.com/SkyPanel/SkyPanel/v3/internal/web/api/provision.go:323.2,329.66 5 0
github.com/SkyPanel/SkyPanel/v3/internal/web/api/provision.go:329.66,331.3 1 0
github.com/SkyPanel/SkyPanel/v3/internal/web/api/provision.go:333.2,333.46 1 0
github.com/SkyPanel/SkyPanel/v3/internal/web/api/provision.go:333.46,337.3 3 0
github.com/SkyPanel/SkyPanel/v3/internal/web/api/provision.go:340.2,352.4 3 0
github.com/SkyPanel/SkyPanel/v3/internal/web/api/provision.go:356.111,357.25 1 0
github.com/SkyPanel/SkyPanel/v3/internal/web/api/provision.go:357.25,360.26 3 0
github.com/SkyPanel/SkyPanel/v3/internal/web/api/provision.go:360.26,362.4 1 0
github.com/SkyPanel/SkyPanel/v3/internal/web/api/provision.go:363.3,363.22 1 0
github.com/SkyPanel/SkyPanel/v3/internal/web/api/provision.go:365.2,365.24 1 0
github.com/SkyPanel/SkyPanel/v3/internal/web/api/provision.go:365.24,367.3 1 0
github.com/SkyPanel/SkyPanel/v3/internal/web/api/provision.go:368.2,368.70 1 0
github.com/SkyPanel/SkyPanel/v3/internal/web/api/provision.go:371.41,374.88 3 0
github.com/SkyPanel/SkyPanel/v3/internal/web/api/provision.go:374.88,376.3 1 0
github.com/SkyPanel/SkyPanel/v3/internal/web/api/provision.go:378.2,380.83 3 0
github.com/SkyPanel/SkyPanel/v3/internal/web/api/provision.go:380.83,382.3 1 0
github.com/SkyPanel/SkyPanel/v3/internal/web/api/provision.go:384.2,387.43 2 0
github.com/SkyPanel/SkyPanel/v3/internal/web/api/provision.go:387.43,392.78 3 0
github.com/SkyPanel/SkyPanel/v3/internal/web/api/provision.go:392.78,396.100 2 0
github.com/SkyPanel/SkyPanel/v3/internal/web/api/provision.go:396.100,398.60 2 0
github.com/SkyPanel/SkyPanel/v3/internal/web/api/provision.go:398.60,400.6 1 0
github.com/SkyPanel/SkyPanel/v3/internal/web/api/provision.go:402.4,402.26 1 0
github.com/SkyPanel/SkyPanel/v3/internal/web/api/provision.go:406.3,407.58 2 0
github.com/SkyPanel/SkyPanel/v3/internal/web/api/provision.go:407.58,409.4 1 0
github.com/SkyPanel/SkyPanel/v3/internal/web/api/provision.go:412.3,412.32 1 0
github.com/SkyPanel/SkyPanel/v3/internal/web/api/provision.go:416.2,417.114 2 0
github.com/SkyPanel/SkyPanel/v3/internal/web/api/provision.go:417.114,418.27 1 0
github.com/SkyPanel/SkyPanel/v3/internal/web/api/provision.go:418.27,420.4 1 0
github.com/SkyPanel/SkyPanel/v3/internal/web/api/provision.go:424.2,426.47 2 0
github.com/SkyPanel/SkyPanel/v3/internal/web/api/provision.go:429.39,432.88 3 0
github.com/SkyPanel/SkyPanel/v3/internal/web/api/provision.go:432.88,434.3 1 0
github.com/SkyPanel/SkyPanel/v3/internal/web/api/provision.go:436.2,438.83 3 0
github.com/SkyPanel/SkyPanel/v3/internal/web/api/provision.go:438.83,440.3 1 0
github.com/SkyPanel/SkyPanel/v3/internal/web/api/provision.go:442.2,442.47 1 0
github.com/SkyPanel/SkyPanel/v3/internal/web/api/provision.go:442.47,444.47 2 0
github.com/SkyPanel/SkyPanel/v3/internal/web/api/provision.go:444.47,446.4 1 0
github.com/SkyPanel/SkyPanel/v3/internal/web/api/provision.go:448.3,449.99 2 0
github.com/SkyPanel/SkyPanel/v3/internal/web/api/provision.go:449.99,451.4 1 0
github.com/SkyPanel/SkyPanel/v3/internal/web/api/provision.go:453.3,453.27 1 0
github.com/SkyPanel/SkyPanel/v3/internal/web/api/provision.go:453.27,455.54 2 0
github.com/SkyPanel/SkyPanel/v3/internal/web/api/provision.go:455.54,457.5 1 0
github.com/SkyPanel/SkyPanel/v3/internal/web/api/provision.go:459.3,459.13 1 0
github.com/SkyPanel/SkyPanel/v3/internal/web/api/provision.go:462.2,462.66 1 0
github.com/SkyPanel/SkyPanel/v3/internal/web/api/provision.go:462.66,464.3 1 0
github.com/SkyPanel/SkyPanel/v3/internal/web/api/provision.go:466.2,469.57 4 0
github.com/SkyPanel/SkyPanel/v3/internal/web/api/provision.go:469.57,471.3 1 0
github.com/SkyPanel/SkyPanel/v3/internal/web/api/provision.go:473.2,473.47 1 0
github.com/SkyPanel/SkyPanel/v3/internal/web/api/provision.go:476.41,479.88 3 0
github.com/SkyPanel/SkyPanel/v3/internal/web/api/provision.go:479.88,481.3 1 0
github.com/SkyPanel/SkyPanel/v3/internal/web/api/provision.go:483.2,485.83 3 0
github.com/SkyPanel/SkyPanel/v3/internal/web/api/provision.go:485.83,487.3 1 0
github.com/SkyPanel/SkyPanel/v3/internal/web/api/provision.go:489.2,489.47 1 0
github.com/SkyPanel/SkyPanel/v3/internal/web/api/provision.go:489.47,491.47 2 0
github.com/SkyPanel/SkyPanel/v3/internal/web/api/provision.go:491.47,493.4 1 0
github.com/SkyPanel/SkyPanel/v3/internal/web/api/provision.go:495.3,496.99 2 0
github.com/SkyPanel/SkyPanel/v3/internal/web/api/provision.go:496.99,498.4 1 0
github.com/SkyPanel/SkyPanel/v3/internal/web/api/provision.go:500.3,500.27 1 0
github.com/SkyPanel/SkyPanel/v3/internal/web/api/provision.go:500.27,502.54 2 0
github.com/SkyPanel/SkyPanel/v3/internal/web/api/provision.go:502.54,504.5 1 0
github.com/SkyPanel/SkyPanel/v3/internal/web/api/provision.go:506.3,506.13 1 0
github.com/SkyPanel/SkyPanel/v3/internal/web/api/provision.go:509.2,509.66 1 0
github.com/SkyPanel/SkyPanel/v3/internal/web/api/provision.go:509.66,511.3 1 0
github.com/SkyPanel/SkyPanel/v3/internal/web/api/provision.go:513.2,513.47 1 0
github.com/SkyPanel/SkyPanel/v3/internal/web/api/roles.go:16.40,25.2 7 0
github.com/SkyPanel/SkyPanel/v3/internal/web/api/roles.go:34.32,39.66 4 0
github.com/SkyPanel/SkyPanel/v3/internal/web/api/roles.go:39.66,41.3 1 0
github.com/SkyPanel/SkyPanel/v3/internal/web/api/roles.go:43.2,43.30 1 0
github.com/SkyPanel/SkyPanel/v3/internal/web/api/roles.go:55.33,60.83 4 0
github.com/SkyPanel/SkyPanel/v3/internal/web/api/roles.go:60.83,62.3 1 0
github.com/SkyPanel/SkyPanel/v3/internal/web/api/roles.go:64.2,64.91 1 0
github.com/SkyPanel/SkyPanel/v3/internal/web/api/roles.go:64.91,66.3 1 0
github.com/SkyPanel/SkyPanel/v3/internal/web/api/roles.go:68.2,68.29 1 0
github.com/SkyPanel/SkyPanel/v3/internal/web/api/roles.go:81.30,87.55 5 0
github.com/SkyPanel/SkyPanel/v3/internal/web/api/roles.go:87.55,90.3 2 0
github.com/SkyPanel/SkyPanel/v3/internal/web/api/roles.go:92.2,93.66 2 0
github.com/SkyPanel/SkyPanel/v3/internal/web/api/roles.go:93.66,95.3 1 0
github.com/SkyPanel/SkyPanel/v3/internal/web/api/roles.go:97.2,97.29 1 0
github.com/SkyPanel/SkyPanel/v3/internal/web/api/roles.go:111.33,117.55 5 0
github.com/SkyPanel/SkyPanel/v3/internal/web/api/roles.go:117.55,120.3 2 0
github.com/SkyPanel/SkyPanel/v3/internal/web/api/roles.go:122.2,123.83 2 0
github.com/SkyPanel/SkyPanel/v3/internal/web/api/roles.go:123.83,125.3 1 0
github.com/SkyPanel/SkyPanel/v3/internal/web/api/roles.go:127.2,128.91 2 0
github.com/SkyPanel/SkyPanel/v3/internal/web/api/roles.go:128.91,130.3 1 0
github.com/SkyPanel/SkyPanel/v3/internal/web/api/roles.go:132.2,132.29 1 0
github.com/SkyPanel/SkyPanel/v3/internal/web/api/roles.go:145.33,151.55 5 0
github.com/SkyPanel/SkyPanel/v3/internal/web/api/roles.go:151.55,154.3 2 0
github.com/SkyPanel/SkyPanel/v3/internal/web/api/roles.go:156.2,156.38 1 0
github.com/SkyPanel/SkyPanel/v3/internal/web/api/roles.go:156.38,157.10 1 0
github.com/SkyPanel/SkyPanel/v3/internal/web/api/roles.go:158.103,159.55 1 0
github.com/SkyPanel/SkyPanel/v3/internal/web/api/roles.go:160.38,161.42 1 0
github.com/SkyPanel/SkyPanel/v3/internal/web/api/roles.go:162.11,163.64 1 0
github.com/SkyPanel/SkyPanel/v3/internal/web/api/roles.go:165.3,165.9 1 0
github.com/SkyPanel/SkyPanel/v3/internal/web/api/roles.go:168.2,168.32 1 0
github.com/SkyPanel/SkyPanel/v3/internal/web/api/self.go:19.39,39.2 15 0
github.com/SkyPanel/SkyPanel/v3/internal/web/api/self.go:51.30,56.45 2 0
github.com/SkyPanel/SkyPanel/v3/internal/web/api/self.go:56.45,59.52 3 0
github.com/SkyPanel/SkyPanel/v3/internal/web/api/self.go:59.52,61.4 1 0
github.com/SkyPanel/SkyPanel/v3/internal/web/api/self.go:64.2,64.46 1 0
github.com/SkyPanel/SkyPanel/v3/internal/web/api/self.go:78.33,85.88 5 0
github.com/SkyPanel/SkyPanel/v3/internal/web/api/self.go:85.88,87.3 1 0
github.com/SkyPanel/SkyPanel/v3/internal/web/api/self.go:89.2,89.87 1 0
github.com/SkyPanel/SkyPanel/v3/internal/web/api/self.go:89.87,91.3 1 0
github.com/SkyPanel/SkyPanel/v3/internal/web/api/self.go:93.2,93.30 1 0
github.com/SkyPanel/SkyPanel/v3/internal/web/api/self.go:93.30,96.3 2 0
github.com/SkyPanel/SkyPanel/v3/internal/web/api/self.go:98.2,98.54 1 0
github.com/SkyPanel/SkyPanel/v3/internal/web/api/self.go:98.54,101.3 2 0
github.com/SkyPanel/SkyPanel/v3/internal/web/api/self.go:103.2,104.35 2 0
github.com/SkyPanel/SkyPanel/v3/internal/web/api/self.go:104.35,106.3 1 0
github.com/SkyPanel/SkyPanel/v3/internal/web/api/self.go:108.2,111.33 3 0
github.com/SkyPanel/SkyPanel/v3/internal/web/api/self.go:111.33,112.56 1 0
github.com/SkyPanel/SkyPanel/v3/internal/web/api/self.go:112.56,115.4 2 0
github.com/SkyPanel/SkyPanel/v3/internal/web/api/self.go:117.3,119.67 3 0
github.com/SkyPanel/SkyPanel/v3/internal/web/api/self.go:119.67,121.4 1 0
github.com/SkyPanel/SkyPanel/v3/internal/web/api/self.go:124.2,124.90 1 0
github.com/SkyPanel/SkyPanel/v3/internal/web/api/self.go:124.90,126.3 1 0
github.com/SkyPanel/SkyPanel/v3/internal/web/api/self.go:128.2,128.20 1 0
github.com/SkyPanel/SkyPanel/v3/internal/web/api/self.go:128.20,132.17 2 0
github.com/SkyPanel/SkyPanel/v3/internal/web/api/self.go:132.17,134.4 1 0
github.com/SkyPanel/SkyPanel/v3/internal/web/api/self.go:137.2,137.21 1 0
github.com/SkyPanel/SkyPanel/v3/internal/web/api/self.go:137.21,139.17 2 0
github.com/SkyPanel/SkyPanel/v3/internal/web/api/self.go:139.17,141.4 1 0
github.com/SkyPanel/SkyPanel/v3/internal/web/api/self.go:144.2,144.32 1 0
github.com/SkyPanel/SkyPanel/v3/internal/web/api/self.go:147.35,154.66 5 0
github.com/SkyPanel/SkyPanel/v3/internal/web/api/self.go:154.66,156.3 1 0
github.com/SkyPanel/SkyPanel/v3/internal/web/api/self.go:158.2,160.4 1 0
github.com/SkyPanel/SkyPanel/v3/internal/web/api/self.go:163.37,170.66 5 0
github.com/SkyPanel/SkyPanel/v3/internal/web/api/self.go:170.66,172.3 1 0
github.com/SkyPanel/SkyPanel/v3/internal/web/api/self.go:174.2,177.4 1 0
github.com/SkyPanel/SkyPanel/v3/internal/web/api/self.go:180.40,189.57 6 0
github.com/SkyPanel/SkyPanel/v3/internal/web/api/self.go:189.57,191.3 1 0
github.com/SkyPanel/SkyPanel/v3/internal/web/api/self.go:193.2,194.52 2 0
github.com/SkyPanel/SkyPanel/v3/internal/web/api/self.go:194.52,197.3 2 0
github.com/SkyPanel/SkyPanel/v3/internal/web/api/self.go:198.2,198.66 1 0
github.com/SkyPanel/SkyPanel/v3/internal/web/api/self.go:198.66,200.3 1 0
github.com/SkyPanel/SkyPanel/v3/internal/web/api/self.go:202.2,203.16 2 0
github.com/SkyPanel/SkyPanel/v3/internal/web/api/self.go:203.16,205.3 1 0
github.com/SkyPanel/SkyPanel/v3/internal/web/api/self.go:206.2,208.4 1 0
github.com/SkyPanel/SkyPanel/v3/internal/web/api/self.go:211.49,220.57 6 0
github.com/SkyPanel/SkyPanel/v3/internal/web/api/self.go:220.57,222.3 1 0
github.com/SkyPanel/SkyPanel/v3/internal/web/api/self.go:224.2,225.57 2 0
github.com/SkyPanel/SkyPanel/v3/internal/web/api/self.go:225.57,227.3 1 0
github.com/SkyPanel/SkyPanel/v3/internal/web/api/self.go:229.2,230.66 2 0
github.com/SkyPanel/SkyPanel/v3/internal/web/api/self.go:230.66,232.3 1 0
github.com/SkyPanel/SkyPanel/v3/internal/web/api/self.go:234.2,235.16 2 0
github.com/SkyPanel/SkyPanel/v3/internal/web/api/self.go:235.16,237.3 1 0
github.com/SkyPanel/SkyPanel/v3/internal/web/api/self.go:238.2,240.4 1 0
github.com/SkyPanel/SkyPanel/v3/internal/web/api/self.go:243.33,251.57 6 0
github.com/SkyPanel/SkyPanel/v3/internal/web/api/self.go:251.57,253.3 1 0
github.com/SkyPanel/SkyPanel/v3/internal/web/api/self.go:255.2,256.66 2 0
github.com/SkyPanel/SkyPanel/v3/internal/web/api/self.go:256.66,258.3 1 0
github.com/SkyPanel/SkyPanel/v3/internal/web/api/self.go:260.2,261.16 2 0
github.com/SkyPanel/SkyPanel/v3/internal/web/api/self.go:261.16,263.3 1 0
github.com/SkyPanel/SkyPanel/v3/internal/web/api/self.go:264.2,264.32 1 0
github.com/SkyPanel/SkyPanel/v3/internal/web/api/self.go:277.47,284.66 5 0
github.com/SkyPanel/SkyPanel/v3/internal/web/api/self.go:284.66,286.3 1 0
github.com/SkyPanel/SkyPanel/v3/internal/web/api/self.go:288.2,288.33 1 0
github.com/SkyPanel/SkyPanel/v3/internal/web/api/self.go:301.49,309.57 6 0
github.com/SkyPanel/SkyPanel/v3/internal/web/api/self.go:309.57,311.3 1 0
github.com/SkyPanel/SkyPanel/v3/internal/web/api/self.go:313.2,314.66 2 0
github.com/SkyPanel/SkyPanel/v3/internal/web/api/self.go:314.66,316.3 1 0
github.com/SkyPanel/SkyPanel/v3/internal/web/api/self.go:317.2,325.66 3 0
github.com/SkyPanel/SkyPanel/v3/internal/web/api/self.go:325.66,327.3 1 0
github.com/SkyPanel/SkyPanel/v3/internal/web/api/self.go:329.2,332.66 3 0
github.com/SkyPanel/SkyPanel/v3/internal/web/api/self.go:332.66,334.3 1 0
github.com/SkyPanel/SkyPanel/v3/internal/web/api/self.go:336.2,337.66 2 0
github.com/SkyPanel/SkyPanel/v3/internal/web/api/self.go:337.66,339.3 1 0
github.com/SkyPanel/SkyPanel/v3/internal/web/api/self.go:341.2,342.16 2 0
github.com/SkyPanel/SkyPanel/v3/internal/web/api/self.go:342.16,344.3 1 0
github.com/SkyPanel/SkyPanel/v3/internal/web/api/self.go:346.2,346.31 1 0
github.com/SkyPanel/SkyPanel/v3/internal/web/api/self.go:359.49,367.66 6 0
github.com/SkyPanel/SkyPanel/v3/internal/web/api/self.go:367.66,369.3 1 0
github.com/SkyPanel/SkyPanel/v3/internal/web/api/self.go:372.2,372.30 1 0
github.com/SkyPanel/SkyPanel/v3/internal/web/api/self.go:372.30,375.3 2 0
github.com/SkyPanel/SkyPanel/v3/internal/web/api/self.go:377.2,378.66 2 0
github.com/SkyPanel/SkyPanel/v3/internal/web/api/self.go:378.66,380.3 1 0
github.com/SkyPanel/SkyPanel/v3/internal/web/api/self.go:382.2,383.16 2 0
github.com/SkyPanel/SkyPanel/v3/internal/web/api/self.go:383.16,385.3 1 0
github.com/SkyPanel/SkyPanel/v3/internal/web/api/self.go:386.2,386.32 1 0
github.com/SkyPanel/SkyPanel/v3/internal/web/api/servers.go:33.42,161.2 97 0
github.com/SkyPanel/SkyPanel/v3/internal/web/api/servers.go:161.2,166.103 2 0
github.com/SkyPanel/SkyPanel/v3/internal/web/api/servers.go:166.103,169.4 2 0
github.com/SkyPanel/SkyPanel/v3/internal/web/api/servers.go:170.3,170.47 1 0
github.com/SkyPanel/SkyPanel/v3/internal/web/api/servers.go:185.36,197.57 10 0
github.com/SkyPanel/SkyPanel/v3/internal/web/api/servers.go:197.57,199.3 1 0
github.com/SkyPanel/SkyPanel/v3/internal/web/api/servers.go:201.2,205.61 4 0
github.com/SkyPanel/SkyPanel/v3/internal/web/api/servers.go:205.61,216.3 2 0
github.com/SkyPanel/SkyPanel/v3/internal/web/api/servers.go:216.8,216.21 1 0
github.com/SkyPanel/SkyPanel/v3/internal/web/api/servers.go:216.21,218.3 1 0
github.com/SkyPanel/SkyPanel/v3/internal/web/api/servers.go:220.2,227.66 2 0
github.com/SkyPanel/SkyPanel/v3/internal/web/api/servers.go:227.66,229.3 1 0
github.com/SkyPanel/SkyPanel/v3/internal/web/api/servers.go:231.2,241.4 2 0
github.com/SkyPanel/SkyPanel/v3/internal/web/api/servers.go:251.32,257.66 5 0
github.com/SkyPanel/SkyPanel/v3/internal/web/api/servers.go:257.66,259.3 1 0
github.com/SkyPanel/SkyPanel/v3/internal/web/api/servers.go:261.2,264.18 3 0
github.com/SkyPanel/SkyPanel/v3/internal/web/api/servers.go:264.18,266.67 2 0
github.com/SkyPanel/SkyPanel/v3/internal/web/api/servers.go:266.67,268.4 1 0
github.com/SkyPanel/SkyPanel/v3/internal/web/api/servers.go:269.3,269.35 1 0
github.com/SkyPanel/SkyPanel/v3/internal/web/api/servers.go:272.2,274.16 3 0
github.com/SkyPanel/SkyPanel/v3/internal/web/api/servers.go:274.16,275.31 1 0
github.com/SkyPanel/SkyPanel/v3/internal/web/api/servers.go:275.31,276.31 1 0
github.com/SkyPanel/SkyPanel/v3/internal/web/api/servers.go:276.31,278.5 1 0
github.com/SkyPanel/SkyPanel/v3/internal/web/api/servers.go:281.2,281.39 1 0
github.com/SkyPanel/SkyPanel/v3/internal/web/api/servers.go:281.39,282.35 1 0
github.com/SkyPanel/SkyPanel/v3/internal/web/api/servers.go:282.35,284.4 1 0
github.com/SkyPanel/SkyPanel/v3/internal/web/api/servers.go:286.2,289.13 3 0
github.com/SkyPanel/SkyPanel/v3/internal/web/api/servers.go:289.13,291.3 1 0
github.com/SkyPanel/SkyPanel/v3/internal/web/api/servers.go:291.8,293.3 1 0
github.com/SkyPanel/SkyPanel/v3/internal/web/api/servers.go:295.2,302.26 3 0
github.com/SkyPanel/SkyPanel/v3/internal/web/api/servers.go:313.35,320.20 6 0
github.com/SkyPanel/SkyPanel/v3/internal/web/api/servers.go:320.20,322.67 2 0
github.com/SkyPanel/SkyPanel/v3/internal/web/api/servers.go:322.67,324.4 1 0
github.com/SkyPanel/SkyPanel/v3/internal/web/api/servers.go:325.3,325.30 1 0
github.com/SkyPanel/SkyPanel/v3/internal/web/api/servers.go:328.2,329.93 2 0
github.com/SkyPanel/SkyPanel/v3/internal/web/api/servers.go:329.93,331.3 1 0
github.com/SkyPanel/SkyPanel/v3/internal/web/api/servers.go:332.2,335.16 3 0
github.com/SkyPanel/SkyPanel/v3/internal/web/api/servers.go:335.16,337.3 1 0
github.com/SkyPanel/SkyPanel/v3/internal/web/api/servers.go:339.2,340.44 2 0
github.com/SkyPanel/SkyPanel/v3/internal/web/api/servers.go:340.44,343.3 2 0
github.com/SkyPanel/SkyPanel/v3/internal/web/api/servers.go:343.8,343.73 1 0
github.com/SkyPanel/SkyPanel/v3/internal/web/api/servers.go:343.73,345.3 1 0
github.com/SkyPanel/SkyPanel/v3/internal/web/api/servers.go:347.2,351.47 4 0
github.com/SkyPanel/SkyPanel/v3/internal/web/api/servers.go:351.47,352.67 1 0
github.com/SkyPanel/SkyPanel/v3/internal/web/api/servers.go:352.67,353.129 1 0
github.com/SkyPanel/SkyPanel/v3/internal/web/api/servers.go:353.129,355.5 1 0
github.com/SkyPanel/SkyPanel/v3/internal/web/api/servers.go:357.3,357.33 1 0
github.com/SkyPanel/SkyPanel/v3/internal/web/api/servers.go:359.2,359.57 1 0
github.com/SkyPanel/SkyPanel/v3/internal/web/api/servers.go:359.57,361.3 1 0
github.com/SkyPanel/SkyPanel/v3/internal/web/api/servers.go:363.2,363.128 1 0
github.com/SkyPanel/SkyPanel/v3/internal/web/api/servers.go:363.128,365.3 1 0
github.com/SkyPanel/SkyPanel/v3/internal/web/api/servers.go:367.2,367.82 1 0
github.com/SkyPanel/SkyPanel/v3/internal/web/api/servers.go:367.82,369.3 1 0
github.com/SkyPanel/SkyPanel/v3/internal/web/api/servers.go:371.2,371.66 1 0
github.com/SkyPanel/SkyPanel/v3/internal/web/api/servers.go:371.66,373.3 1 0
github.com/SkyPanel/SkyPanel/v3/internal/web/api/servers.go:375.2,376.67 2 0
github.com/SkyPanel/SkyPanel/v3/internal/web/api/servers.go:387.33,397.57 8 0
github.com/SkyPanel/SkyPanel/v3/internal/web/api/servers.go:397.57,399.3 1 0
github.com/SkyPanel/SkyPanel/v3/internal/web/api/servers.go:401.2,404.57 3 0
github.com/SkyPanel/SkyPanel/v3/internal/web/api/servers.go:404.57,406.3 1 0
github.com/SkyPanel/SkyPanel/v3/internal/web/api/servers.go:407.2,410.57 3 0
github.com/SkyPanel/SkyPanel/v3/internal/web/api/servers.go:410.57,412.3 1 0
github.com/SkyPanel/SkyPanel/v3/internal/web/api/servers.go:413.2,415.25 2 0
github.com/SkyPanel/SkyPanel/v3/internal/web/api/servers.go:415.25,417.3 1 0
github.com/SkyPanel/SkyPanel/v3/internal/web/api/servers.go:419.2,419.30 1 0
github.com/SkyPanel/SkyPanel/v3/internal/web/api/servers.go:419.30,421.3 1 0
github.com/SkyPanel/SkyPanel/v3/internal/web/api/servers.go:423.2,423.25 1 0
github.com/SkyPanel/SkyPanel/v3/internal/web/api/servers.go:423.25,425.3 1 0
github.com/SkyPanel/SkyPanel/v3/internal/web/api/servers.go:427.2,428.66 2 0
github.com/SkyPanel/SkyPanel/v3/internal/web/api/servers.go:428.66,430.3 1 0
github.com/SkyPanel/SkyPanel/v3/internal/web/api/servers.go:432.2,437.66 5 0
github.com/SkyPanel/SkyPanel/v3/internal/web/api/servers.go:437.66,439.3 1 0
github.com/SkyPanel/SkyPanel/v3/internal/web/api/servers.go:441.2,441.53 1 0
github.com/SkyPanel/SkyPanel/v3/internal/web/api/servers.go:441.53,443.17 2 0
github.com/SkyPanel/SkyPanel/v3/internal/web/api/servers.go:443.17,445.4 1 0
github.com/SkyPanel/SkyPanel/v3/internal/web/api/servers.go:446.3,453.9 7 0
github.com/SkyPanel/SkyPanel/v3/internal/web/api/servers.go:456.2,456.80 1 0
github.com/SkyPanel/SkyPanel/v3/internal/web/api/servers.go:456.80,458.3 1 0
github.com/SkyPanel/SkyPanel/v3/internal/web/api/servers.go:459.2,459.32 1 0
github.com/SkyPanel/SkyPanel/v3/internal/web/api/servers.go:469.35,478.66 7 0
github.com/SkyPanel/SkyPanel/v3/internal/web/api/servers.go:478.66,480.3 1 0
github.com/SkyPanel/SkyPanel/v3/internal/web/api/servers.go:482.2,483.149 2 0
github.com/SkyPanel/SkyPanel/v3/internal/web/api/servers.go:483.149,486.3 2 0
github.com/SkyPanel/SkyPanel/v3/internal/web/api/servers.go:488.2,489.15 2 0
github.com/SkyPanel/SkyPanel/v3/internal/web/api/servers.go:489.15,490.139 1 0
github.com/SkyPanel/SkyPanel/v3/internal/web/api/servers.go:490.139,492.4 1 0
github.com/SkyPanel/SkyPanel/v3/internal/web/api/servers.go:494.3,494.85 1 0
github.com/SkyPanel/SkyPanel/v3/internal/web/api/servers.go:494.85,496.4 1 0
github.com/SkyPanel/SkyPanel/v3/internal/web/api/servers.go:499.2,499.51 1 0
github.com/SkyPanel/SkyPanel/v3/internal/web/api/servers.go:499.51,501.3 1 0
github.com/SkyPanel/SkyPanel/v3/internal/web/api/servers.go:501.67,503.3 1 0
github.com/SkyPanel/SkyPanel/v3/internal/web/api/servers.go:505.2,507.66 2 0
github.com/SkyPanel/SkyPanel/v3/internal/web/api/servers.go:507.66,509.3 1 0
github.com/SkyPanel/SkyPanel/v3/internal/web/api/servers.go:511.2,512.32 2 0
github.com/SkyPanel/SkyPanel/v3/internal/web/api/servers.go:524.37,534.17 7 0
github.com/SkyPanel/SkyPanel/v3/internal/web/api/servers.go:534.17,538.60 4 0
github.com/SkyPanel/SkyPanel/v3/internal/web/api/servers.go:538.60,541.4 2 0
github.com/SkyPanel/SkyPanel/v3/internal/web/api/servers.go:542.3,544.15 3 0
github.com/SkyPanel/SkyPanel/v3/internal/web/api/servers.go:544.15,546.4 1 0
github.com/SkyPanel/SkyPanel/v3/internal/web/api/servers.go:547.8,549.3 1 0
github.com/SkyPanel/SkyPanel/v3/internal/web/api/servers.go:551.2,551.66 1 0
github.com/SkyPanel/SkyPanel/v3/internal/web/api/servers.go:551.66,553.3 1 0
github.com/SkyPanel/SkyPanel/v3/internal/web/api/servers.go:555.2,557.26 2 0
github.com/SkyPanel/SkyPanel/v3/internal/web/api/servers.go:557.26,559.27 2 0
github.com/SkyPanel/SkyPanel/v3/internal/web/api/servers.go:559.27,560.25 1 0
github.com/SkyPanel/SkyPanel/v3/internal/web/api/servers.go:560.25,563.10 2 0
github.com/SkyPanel/SkyPanel/v3/internal/web/api/servers.go:566.3,569.24 3 0
github.com/SkyPanel/SkyPanel/v3/internal/web/api/servers.go:569.24,570.25 1 0
github.com/SkyPanel/SkyPanel/v3/internal/web/api/servers.go:570.25,574.10 3 0
github.com/SkyPanel/SkyPanel/v3/internal/web/api/servers.go:577.3,577.13 1 0
github.com/SkyPanel/SkyPanel/v3/internal/web/api/servers.go:577.13,579.4 1 0
github.com/SkyPanel/SkyPanel/v3/internal/web/api/servers.go:582.2,583.26 2 0
github.com/SkyPanel/SkyPanel/v3/internal/web/api/servers.go:583.26,589.3 1 0
github.com/SkyPanel/SkyPanel/v3/internal/web/api/servers.go:591.2,591.29 1 0
github.com/SkyPanel/SkyPanel/v3/internal/web/api/servers.go:602.37,610.35 7 0
github.com/SkyPanel/SkyPanel/v3/internal/web/api/servers.go:610.35,612.3 1 0
github.com/SkyPanel/SkyPanel/v3/internal/web/api/servers.go:614.2,616.57 3 0
github.com/SkyPanel/SkyPanel/v3/internal/web/api/servers.go:616.57,618.3 1 0
github.com/SkyPanel/SkyPanel/v3/internal/web/api/servers.go:620.2,624.66 4 0
github.com/SkyPanel/SkyPanel/v3/internal/web/api/servers.go:624.66,626.3 1 0
github.com/SkyPanel/SkyPanel/v3/internal/web/api/servers.go:628.2,629.66 2 0
github.com/SkyPanel/SkyPanel/v3/internal/web/api/servers.go:629.66,631.3 1 0
github.com/SkyPanel/SkyPanel/v3/internal/web/api/servers.go:633.2,635.17 3 0
github.com/SkyPanel/SkyPanel/v3/internal/web/api/servers.go:635.17,637.3 1 0
github.com/SkyPanel/SkyPanel/v3/internal/web/api/servers.go:637.8,639.3 1 0
github.com/SkyPanel/SkyPanel/v3/internal/web/api/servers.go:641.2,641.123 1 0
github.com/SkyPanel/SkyPanel/v3/internal/web/api/servers.go:641.123,643.3 1 0
github.com/SkyPanel/SkyPanel/v3/internal/web/api/servers.go:643.8,643.51 1 0
github.com/SkyPanel/SkyPanel/v3/internal/web/api/servers.go:643.51,644.18 1 0
github.com/SkyPanel/SkyPanel/v3/internal/web/api/servers.go:644.18,647.4 2 0
github.com/SkyPanel/SkyPanel/v3/internal/web/api/servers.go:650.3,651.67 2 0
github.com/SkyPanel/SkyPanel/v3/internal/web/api/servers.go:651.67,653.4 1 0
github.com/SkyPanel/SkyPanel/v3/internal/web/api/servers.go:654.3,659.67 3 0
github.com/SkyPanel/SkyPanel/v3/internal/web/api/servers.go:659.67,661.4 1 0
github.com/SkyPanel/SkyPanel/v3/internal/web/api/servers.go:662.3,664.67 3 0
github.com/SkyPanel/SkyPanel/v3/internal/web/api/servers.go:664.67,666.4 1 0
github.com/SkyPanel/SkyPanel/v3/internal/web/api/servers.go:668.3,669.67 2 0
github.com/SkyPanel/SkyPanel/v3/internal/web/api/servers.go:669.67,671.4 1 0
github.com/SkyPanel/SkyPanel/v3/internal/web/api/servers.go:674.2,675.66 2 0
github.com/SkyPanel/SkyPanel/v3/internal/web/api/servers.go:675.66,677.3 1 0
github.com/SkyPanel/SkyPanel/v3/internal/web/api/servers.go:679.2,680.22 2 0
github.com/SkyPanel/SkyPanel/v3/internal/web/api/servers.go:680.22,682.3 1 0
github.com/SkyPanel/SkyPanel/v3/internal/web/api/servers.go:685.2,685.218 1 0
github.com/SkyPanel/SkyPanel/v3/internal/web/api/servers.go:685.218,687.3 1 0
github.com/SkyPanel/SkyPanel/v3/internal/web/api/servers.go:687.8,691.3 2 0
github.com/SkyPanel/SkyPanel/v3/internal/web/api/servers.go:693.2,695.66 2 0
github.com/SkyPanel/SkyPanel/v3/internal/web/api/servers.go:695.66,697.3 1 0
github.com/SkyPanel/SkyPanel/v3/internal/web/api/servers.go:699.2,699.80 1 0
github.com/SkyPanel/SkyPanel/v3/internal/web/api/servers.go:699.80,701.3 1 0
github.com/SkyPanel/SkyPanel/v3/internal/web/api/servers.go:704.2,704.21 1 0
github.com/SkyPanel/SkyPanel/v3/internal/web/api/servers.go:704.21,711.17 3 0
github.com/SkyPanel/SkyPanel/v3/internal/web/api/servers.go:711.17,714.4 1 0
github.com/SkyPanel/SkyPanel/v3/internal/web/api/servers.go:717.2,717.32 1 0
github.com/SkyPanel/SkyPanel/v3/internal/web/api/servers.go:727.39,735.35 7 0
github.com/SkyPanel/SkyPanel/v3/internal/web/api/servers.go:735.35,737.3 1 0
github.com/SkyPanel/SkyPanel/v3/internal/web/api/servers.go:739.2,742.17 3 0
github.com/SkyPanel/SkyPanel/v3/internal/web/api/servers.go:742.17,744.3 1 0
github.com/SkyPanel/SkyPanel/v3/internal/web/api/servers.go:744.8,746.3 1 0
github.com/SkyPanel/SkyPanel/v3/internal/web/api/servers.go:748.2,748.80 1 0
github.com/SkyPanel/SkyPanel/v3/internal/web/api/servers.go:748.80,750.3 1 0
github.com/SkyPanel/SkyPanel/v3/internal/web/api/servers.go:752.2,753.66 2 0
github.com/SkyPanel/SkyPanel/v3/internal/web/api/servers.go:753.66,755.3 1 0
github.com/SkyPanel/SkyPanel/v3/internal/web/api/servers.go:757.2,759.66 2 0
github.com/SkyPanel/SkyPanel/v3/internal/web/api/servers.go:759.66,761.3 1 0
github.com/SkyPanel/SkyPanel/v3/internal/web/api/servers.go:763.2,763.80 1 0
github.com/SkyPanel/SkyPanel/v3/internal/web/api/servers.go:763.80,765.3 1 0
github.com/SkyPanel/SkyPanel/v3/internal/web/api/servers.go:767.2,771.16 3 0
github.com/SkyPanel/SkyPanel/v3/internal/web/api/servers.go:771.16,774.3 1 0
github.com/SkyPanel/SkyPanel/v3/internal/web/api/servers.go:776.2,776.32 1 0
github.com/SkyPanel/SkyPanel/v3/internal/web/api/servers.go:787.35,794.66 6 0
github.com/SkyPanel/SkyPanel/v3/internal/web/api/servers.go:794.66,796.3 1 0
github.com/SkyPanel/SkyPanel/v3/internal/web/api/servers.go:798.2,798.32 1 0
github.com/SkyPanel/SkyPanel/v3/internal/web/api/servers.go:809.37,811.2 1 0
github.com/SkyPanel/SkyPanel/v3/internal/web/api/servers.go:821.42,830.71 6 0
github.com/SkyPanel/SkyPanel/v3/internal/web/api/servers.go:830.71,832.3 1 0
github.com/SkyPanel/SkyPanel/v3/internal/web/api/servers.go:834.2,839.57 5 0
github.com/SkyPanel/SkyPanel/v3/internal/web/api/servers.go:839.57,841.3 1 0
github.com/SkyPanel/SkyPanel/v3/internal/web/api/servers.go:843.2,845.11 3 0
github.com/SkyPanel/SkyPanel/v3/internal/web/api/servers.go:845.11,847.58 2 0
github.com/SkyPanel/SkyPanel/v3/internal/web/api/servers.go:847.58,849.4 1 0
github.com/SkyPanel/SkyPanel/v3/internal/web/api/servers.go:850.3,851.15 2 0
github.com/SkyPanel/SkyPanel/v3/internal/web/api/servers.go:854.2,855.11 2 0
github.com/SkyPanel/SkyPanel/v3/internal/web/api/servers.go:855.11,856.58 1 0
github.com/SkyPanel/SkyPanel/v3/internal/web/api/servers.go:856.58,858.4 1 0
github.com/SkyPanel/SkyPanel/v3/internal/web/api/servers.go:859.3,860.15 2 0
github.com/SkyPanel/SkyPanel/v3/internal/web/api/servers.go:863.2,863.11 1 0
github.com/SkyPanel/SkyPanel/v3/internal/web/api/servers.go:863.11,867.67 4 0
github.com/SkyPanel/SkyPanel/v3/internal/web/api/servers.go:867.67,869.4 1 0
github.com/SkyPanel/SkyPanel/v3/internal/web/api/servers.go:872.2,872.23 1 0
github.com/SkyPanel/SkyPanel/v3/internal/web/api/servers.go:882.33,889.67 5 0
github.com/SkyPanel/SkyPanel/v3/internal/web/api/servers.go:889.67,891.3 1 0
github.com/SkyPanel/SkyPanel/v3/internal/web/api/servers.go:902.32,907.57 5 0
github.com/SkyPanel/SkyPanel/v3/internal/web/api/servers.go:907.57,909.3 1 0
github.com/SkyPanel/SkyPanel/v3/internal/web/api/servers.go:911.2,912.66 2 0
github.com/SkyPanel/SkyPanel/v3/internal/web/api/servers.go:912.66,914.3 1 0
github.com/SkyPanel/SkyPanel/v3/internal/web/api/servers.go:916.2,916.32 1 0
github.com/SkyPanel/SkyPanel/v3/internal/web/api/servers.go:927.35,935.16 7 0
github.com/SkyPanel/SkyPanel/v3/internal/web/api/servers.go:935.16,938.3 2 0
github.com/SkyPanel/SkyPanel/v3/internal/web/api/servers.go:940.2,941.34 2 0
github.com/SkyPanel/SkyPanel/v3/internal/web/api/servers.go:941.34,943.3 1 0
github.com/SkyPanel/SkyPanel/v3/internal/web/api/servers.go:945.2,947.66 3 0
github.com/SkyPanel/SkyPanel/v3/internal/web/api/servers.go:947.66,949.3 1 0
github.com/SkyPanel/SkyPanel/v3/internal/web/api/servers.go:951.2,951.54 1 0
github.com/SkyPanel/SkyPanel/v3/internal/web/api/servers.go:951.54,957.3 4 0
github.com/SkyPanel/SkyPanel/v3/internal/web/api/servers.go:959.2,961.57 3 0
github.com/SkyPanel/SkyPanel/v3/internal/web/api/servers.go:961.57,963.3 1 0
github.com/SkyPanel/SkyPanel/v3/internal/web/api/servers.go:965.2,967.57 3 0
github.com/SkyPanel/SkyPanel/v3/internal/web/api/servers.go:967.57,969.3 1 0
github.com/SkyPanel/SkyPanel/v3/internal/web/api/servers.go:971.2,971.32 1 0
github.com/SkyPanel/SkyPanel/v3/internal/web/api/servers.go:982.35,990.57 7 0
github.com/SkyPanel/SkyPanel/v3/internal/web/api/servers.go:990.57,992.3 1 0
github.com/SkyPanel/SkyPanel/v3/internal/web/api/servers.go:994.2,995.66 2 0
github.com/SkyPanel/SkyPanel/v3/internal/web/api/servers.go:995.66,997.3 1 0
github.com/SkyPanel/SkyPanel/v3/internal/web/api/servers.go:998.2,998.19 1 0
github.com/SkyPanel/SkyPanel/v3/internal/web/api/servers.go:998.19,1001.3 2 0
github.com/SkyPanel/SkyPanel/v3/internal/web/api/servers.go:1003.2,1007.66 4 0
github.com/SkyPanel/SkyPanel/v3/internal/web/api/servers.go:1007.66,1009.3 1 0
github.com/SkyPanel/SkyPanel/v3/internal/web/api/servers.go:1011.2,1011.54 1 0
github.com/SkyPanel/SkyPanel/v3/internal/web/api/servers.go:1011.54,1017.3 4 0
github.com/SkyPanel/SkyPanel/v3/internal/web/api/servers.go:1019.2,1020.57 2 0
github.com/SkyPanel/SkyPanel/v3/internal/web/api/servers.go:1020.57,1022.3 1 0
github.com/SkyPanel/SkyPanel/v3/internal/web/api/servers.go:1024.2,1024.32 1 0
github.com/SkyPanel/SkyPanel/v3/internal/web/api/servers.go:1035.36,1043.57 7 0
github.com/SkyPanel/SkyPanel/v3/internal/web/api/servers.go:1043.57,1045.3 1 0
github.com/SkyPanel/SkyPanel/v3/internal/web/api/servers.go:1047.2,1048.66 2 0
github.com/SkyPanel/SkyPanel/v3/internal/web/api/servers.go:1048.66,1050.3 1 0
github.com/SkyPanel/SkyPanel/v3/internal/web/api/servers.go:1051.2,1051.19 1 0
github.com/SkyPanel/SkyPanel/v3/internal/web/api/servers.go:1051.19,1054.3 2 0
github.com/SkyPanel/SkyPanel/v3/internal/web/api/servers.go:1056.2,1060.66 4 0
github.com/SkyPanel/SkyPanel/v3/internal/web/api/servers.go:1060.66,1062.3 1 0
github.com/SkyPanel/SkyPanel/v3/internal/web/api/servers.go:1064.2,1064.54 1 0
github.com/SkyPanel/SkyPanel/v3/internal/web/api/servers.go:1064.54,1070.3 4 0
github.com/SkyPanel/SkyPanel/v3/internal/web/api/servers.go:1072.2,1072.32 1 0
github.com/SkyPanel/SkyPanel/v3/internal/web/api/servers.go:1083.37,1091.57 7 0
github.com/SkyPanel/SkyPanel/v3/internal/web/api/servers.go:1091.57,1093.3 1 0
github.com/SkyPanel/SkyPanel/v3/internal/web/api/servers.go:1095.2,1096.66 2 0
github.com/SkyPanel/SkyPanel/v3/internal/web/api/servers.go:1096.66,1098.3 1 0
github.com/SkyPanel/SkyPanel/v3/internal/web/api/servers.go:1099.2,1099.19 1 0
github.com/SkyPanel/SkyPanel/v3/internal/web/api/servers.go:1099.19,1102.3 2 0
github.com/SkyPanel/SkyPanel/v3/internal/web/api/servers.go:1104.2,1108.66 4 0
github.com/SkyPanel/SkyPanel/v3/internal/web/api/servers.go:1108.66,1110.3 1 0
github.com/SkyPanel/SkyPanel/v3/internal/web/api/servers.go:1112.2,1114.143 2 0
github.com/SkyPanel/SkyPanel/v3/internal/web/api/servers.go:1117.104,1118.30 1 0
github.com/SkyPanel/SkyPanel/v3/internal/web/api/servers.go:1118.30,1119.15 1 0
github.com/SkyPanel/SkyPanel/v3/internal/web/api/servers.go:1119.15,1121.4 1 0
github.com/SkyPanel/SkyPanel/v3/internal/web/api/servers.go:1123.2,1123.19 1 0
github.com/SkyPanel/SkyPanel/v3/internal/web/api/servers.go:1126.117,1129.12 2 0
github.com/SkyPanel/SkyPanel/v3/internal/web/api/servers.go:1129.12,1131.3 1 0
github.com/SkyPanel/SkyPanel/v3/internal/web/api/servers.go:1133.2,1133.17 1 0
github.com/SkyPanel/SkyPanel/v3/internal/web/api/servers.go:1136.41,1141.34 4 0
github.com/SkyPanel/SkyPanel/v3/internal/web/api/servers.go:1141.34,1143.3 1 0
github.com/SkyPanel/SkyPanel/v3/internal/web/api/servers.go:1145.2,1150.128 4 0
github.com/SkyPanel/SkyPanel/v3/internal/web/api/servers.go:1150.128,1153.3 2 0
github.com/SkyPanel/SkyPanel/v3/internal/web/api/servers.go:1155.2,1156.66 2 0
github.com/SkyPanel/SkyPanel/v3/internal/web/api/servers.go:1156.66,1158.3 1 0
github.com/SkyPanel/SkyPanel/v3/internal/web/api/servers.go:1160.2,1161.66 2 0
github.com/SkyPanel/SkyPanel/v3/internal/web/api/servers.go:1161.66,1163.3 1 0
github.com/SkyPanel/SkyPanel/v3/internal/web/api/servers.go:1166.2,1168.21 2 0
github.com/SkyPanel/SkyPanel/v3/internal/web/api/servers.go:1168.21,1171.44 2 0
github.com/SkyPanel/SkyPanel/v3/internal/web/api/servers.go:1171.44,1173.4 1 0
github.com/SkyPanel/SkyPanel/v3/internal/web/api/servers.go:1175.3,1177.67 3 0
github.com/SkyPanel/SkyPanel/v3/internal/web/api/servers.go:1177.67,1179.4 1 0
github.com/SkyPanel/SkyPanel/v3/internal/web/api/servers.go:1181.3,1184.67 3 0
github.com/SkyPanel/SkyPanel/v3/internal/web/api/servers.go:1184.67,1186.4 1 0
github.com/SkyPanel/SkyPanel/v3/internal/web/api/servers.go:1188.3,1192.65 3 0
github.com/SkyPanel/SkyPanel/v3/internal/web/api/servers.go:1192.65,1194.4 1 0
github.com/SkyPanel/SkyPanel/v3/internal/web/api/servers.go:1195.3,1195.64 1 0
github.com/SkyPanel/SkyPanel/v3/internal/web/api/servers.go:1195.64,1197.4 1 0
github.com/SkyPanel/SkyPanel/v3/internal/web/api/servers.go:1198.3,1198.63 1 0
github.com/SkyPanel/SkyPanel/v3/internal/web/api/servers.go:1198.63,1200.4 1 0
github.com/SkyPanel/SkyPanel/v3/internal/web/api/servers.go:1201.3,1203.48 2 0
github.com/SkyPanel/SkyPanel/v3/internal/web/api/servers.go:1204.8,1206.3 1 0
github.com/SkyPanel/SkyPanel/v3/internal/web/api/servers.go:1208.2,1208.11 1 0
github.com/SkyPanel/SkyPanel/v3/internal/web/api/servers.go:1212.42,1214.3 1 0
github.com/SkyPanel/SkyPanel/v3/internal/web/api/servers.go:1217.90,1219.20 1 0
github.com/SkyPanel/SkyPanel/v3/internal/web/api/servers.go:1219.20,1221.44 2 0
github.com/SkyPanel/SkyPanel/v3/internal/web/api/servers.go:1221.44,1222.33 1 0
github.com/SkyPanel/SkyPanel/v3/internal/web/api/servers.go:1222.33,1223.42 1 0
github.com/SkyPanel/SkyPanel/v3/internal/web/api/servers.go:1223.42,1226.6 2 0
github.com/SkyPanel/SkyPanel/v3/internal/web/api/servers.go:1227.5,1227.43 1 0
github.com/SkyPanel/SkyPanel/v3/internal/web/api/servers.go:1227.43,1230.6 2 0
github.com/SkyPanel/SkyPanel/v3/internal/web/api/servers.go:1231.5,1231.44 1 0
github.com/SkyPanel/SkyPanel/v3/internal/web/api/servers.go:1231.44,1234.6 2 0
github.com/SkyPanel/SkyPanel/v3/internal/web/api/servers.go:1237.4,1240.10 2 0
github.com/SkyPanel/SkyPanel/v3/internal/web/api/servers.go:1244.2,1246.66 2 0
github.com/SkyPanel/SkyPanel/v3/internal/web/api/servers.go:1246.66,1248.3 1 0
github.com/SkyPanel/SkyPanel/v3/internal/web/api/servers.go:1250.2,1253.81 2 0
github.com/SkyPanel/SkyPanel/v3/internal/web/api/servers.go:1253.81,1254.40 1 0
github.com/SkyPanel/SkyPanel/v3/internal/web/api/servers.go:1254.40,1257.4 2 0
github.com/SkyPanel/SkyPanel/v3/internal/web/api/servers.go:1258.3,1258.41 1 0
github.com/SkyPanel/SkyPanel/v3/internal/web/api/servers.go:1258.41,1261.4 2 0
github.com/SkyPanel/SkyPanel/v3/internal/web/api/servers.go:1262.3,1262.42 1 0
github.com/SkyPanel/SkyPanel/v3/internal/web/api/servers.go:1262.42,1265.4 2 0
github.com/SkyPanel/SkyPanel/v3/internal/web/api/servers.go:1268.2,1270.143 2 0
github.com/SkyPanel/SkyPanel/v3/internal/web/api/servers.go:1273.74,1276.35 2 0
github.com/SkyPanel/SkyPanel/v3/internal/web/api/servers.go:1276.35,1277.12 1 0
github.com/SkyPanel/SkyPanel/v3/internal/web/api/servers.go:1278.28,1278.28 0 0
github.com/SkyPanel/SkyPanel/v3/internal/web/api/servers.go:1279.23,1279.23 0 0
github.com/SkyPanel/SkyPanel/v3/internal/web/api/servers.go:1280.25,1281.12 1 0
github.com/SkyPanel/SkyPanel/v3/internal/web/api/servers.go:1282.11,1283.41 1 0
github.com/SkyPanel/SkyPanel/v3/internal/web/api/servers.go:1286.2,1286.19 1 0
github.com/SkyPanel/SkyPanel/v3/internal/web/api/servers.go:1289.92,1290.20 1 0
github.com/SkyPanel/SkyPanel/v3/internal/web/api/servers.go:1290.20,1293.44 2 0
github.com/SkyPanel/SkyPanel/v3/internal/web/api/servers.go:1293.44,1296.18 2 0
github.com/SkyPanel/SkyPanel/v3/internal/web/api/servers.go:1296.18,1298.5 1 0
github.com/SkyPanel/SkyPanel/v3/internal/web/api/servers.go:1300.4,1309.10 6 0
github.com/SkyPanel/SkyPanel/v3/internal/web/api/servers.go:1314.3,1315.67 2 0
github.com/SkyPanel/SkyPanel/v3/internal/web/api/servers.go:1315.67,1317.4 1 0
github.com/SkyPanel/SkyPanel/v3/internal/web/api/servers.go:1318.3,1319.35 2 0
github.com/SkyPanel/SkyPanel/v3/internal/web/api/servers.go:1320.8,1323.3 2 0
github.com/SkyPanel/SkyPanel/v3/internal/web/api/servers.go:1324.2,1324.11 1 0
github.com/SkyPanel/SkyPanel/v3/internal/web/api/servers.go:1327.45,1333.48 4 0
github.com/SkyPanel/SkyPanel/v3/internal/web/api/servers.go:1333.48,1335.47 2 0
github.com/SkyPanel/SkyPanel/v3/internal/web/api/servers.go:1335.47,1337.4 1 0
github.com/SkyPanel/SkyPanel/v3/internal/web/api/servers.go:1339.3,1340.99 2 0
github.com/SkyPanel/SkyPanel/v3/internal/web/api/servers.go:1340.99,1342.4 1 0
github.com/SkyPanel/SkyPanel/v3/internal/web/api/servers.go:1344.3,1344.27 1 0
github.com/SkyPanel/SkyPanel/v3/internal/web/api/servers.go:1344.27,1346.54 2 0
github.com/SkyPanel/SkyPanel/v3/internal/web/api/servers.go:1346.54,1348.5 1 0
github.com/SkyPanel/SkyPanel/v3/internal/web/api/servers.go:1350.3,1350.13 1 0
github.com/SkyPanel/SkyPanel/v3/internal/web/api/servers.go:1353.2,1353.16 1 0
github.com/SkyPanel/SkyPanel/v3/internal/web/api/servers.go:1353.16,1356.3 2 0
github.com/SkyPanel/SkyPanel/v3/internal/web/api/servers.go:1359.2,1359.14 1 0
github.com/SkyPanel/SkyPanel/v3/internal/web/api/servers.go:1359.14,1364.17 4 0
github.com/SkyPanel/SkyPanel/v3/internal/web/api/servers.go:1364.17,1366.4 1 0
github.com/SkyPanel/SkyPanel/v3/internal/web/api/servers.go:1368.3,1368.57 1 0
github.com/SkyPanel/SkyPanel/v3/internal/web/api/servers.go:1368.57,1369.19 1 0
github.com/SkyPanel/SkyPanel/v3/internal/web/api/servers.go:1369.19,1371.19 2 0
github.com/SkyPanel/SkyPanel/v3/internal/web/api/servers.go:1371.19,1373.6 1 0
github.com/SkyPanel/SkyPanel/v3/internal/web/api/servers.go:1374.5,1378.38 5 0
github.com/SkyPanel/SkyPanel/v3/internal/web/api/servers.go:1378.38,1380.6 1 0
github.com/SkyPanel/SkyPanel/v3/internal/web/api/servers.go:1385.3,1389.99 3 0
github.com/SkyPanel/SkyPanel/v3/internal/web/api/servers.go:1389.99,1390.35 1 0
github.com/SkyPanel/SkyPanel/v3/internal/web/api/servers.go:1390.35,1392.5 1 0
github.com/SkyPanel/SkyPanel/v3/internal/web/api/servers.go:1396.2,1396.50 1 0
github.com/SkyPanel/SkyPanel/v3/internal/web/api/servers.go:1399.54,1401.2 1 0
github.com/SkyPanel/SkyPanel/v3/internal/web/api/servers.go:1403.57,1404.67 1 0
github.com/SkyPanel/SkyPanel/v3/internal/web/api/servers.go:1404.67,1406.3 1 0
github.com/SkyPanel/SkyPanel/v3/internal/web/api/servers.go:1411.96,1413.33 2 0
github.com/SkyPanel/SkyPanel/v3/internal/web/api/servers.go:1413.33,1415.3 1 0
github.com/SkyPanel/SkyPanel/v3/internal/web/api/servers.go:1416.2,1416.28 1 0
github.com/SkyPanel/SkyPanel/v3/internal/web/api/servers.go:1416.28,1418.3 1 0
github.com/SkyPanel/SkyPanel/v3/internal/web/api/servers.go:1420.2,1421.29 2 0
github.com/SkyPanel/SkyPanel/v3/internal/web/api/servers.go:1421.29,1423.3 1 0
github.com/SkyPanel/SkyPanel/v3/internal/web/api/servers.go:1425.2,1426.28 2 0
github.com/SkyPanel/SkyPanel/v3/internal/web/api/servers.go:1426.28,1428.3 1 0
github.com/SkyPanel/SkyPanel/v3/internal/web/api/servers.go:1430.2,1430.34 1 0
github.com/SkyPanel/SkyPanel/v3/internal/web/api/servers.go:1433.89,1436.16 3 0
github.com/SkyPanel/SkyPanel/v3/internal/web/api/servers.go:1436.16,1437.27 1 0
github.com/SkyPanel/SkyPanel/v3/internal/web/api/servers.go:1437.27,1438.31 1 0
github.com/SkyPanel/SkyPanel/v3/internal/web/api/servers.go:1438.31,1440.5 1 0
github.com/SkyPanel/SkyPanel/v3/internal/web/api/servers.go:1443.2,1443.45 1 0
github.com/SkyPanel/SkyPanel/v3/internal/web/api/servers.go:1443.45,1444.38 1 0
github.com/SkyPanel/SkyPanel/v3/internal/web/api/servers.go:1444.38,1446.4 1 0
github.com/SkyPanel/SkyPanel/v3/internal/web/api/servers.go:1448.2,1448.19 1 0
github.com/SkyPanel/SkyPanel/v3/internal/web/api/servers.go:1451.166,1453.13 2 0
github.com/SkyPanel/SkyPanel/v3/internal/web/api/servers.go:1453.13,1455.3 1 0
github.com/SkyPanel/SkyPanel/v3/internal/web/api/servers.go:1455.8,1457.3 1 0
github.com/SkyPanel/SkyPanel/v3/internal/web/api/servers.go:1459.2,1459.25 1 0
github.com/SkyPanel/SkyPanel/v3/internal/web/api/servers.go:1459.25,1461.14 2 0
github.com/SkyPanel/SkyPanel/v3/internal/web/api/servers.go:1461.14,1463.12 2 0
github.com/SkyPanel/SkyPanel/v3/internal/web/api/servers.go:1466.3,1468.25 3 0
github.com/SkyPanel/SkyPanel/v3/internal/web/api/servers.go:1468.25,1469.41 1 0
github.com/SkyPanel/SkyPanel/v3/internal/web/api/servers.go:1469.41,1471.5 1 0
github.com/SkyPanel/SkyPanel/v3/internal/web/api/servers.go:1474.3,1474.73 1 0
github.com/SkyPanel/SkyPanel/v3/internal/web/api/servers.go:1474.73,1476.4 1 0
github.com/SkyPanel/SkyPanel/v3/internal/web/api/servers.go:1478.2,1478.13 1 0
github.com/SkyPanel/SkyPanel/v3/internal/web/api/servers.go:1483.94,1487.16 4 0
github.com/SkyPanel/SkyPanel/v3/internal/web/api/servers.go:1487.16,1489.3 1 0
github.com/SkyPanel/SkyPanel/v3/internal/web/api/servers.go:1490.2,1490.26 1 0
github.com/SkyPanel/SkyPanel/v3/internal/web/api/servers.go:1490.26,1492.27 2 0
github.com/SkyPanel/SkyPanel/v3/internal/web/api/servers.go:1492.27,1493.25 1 0
github.com/SkyPanel/SkyPanel/v3/internal/web/api/servers.go:1493.25,1495.10 2 0
github.com/SkyPanel/SkyPanel/v3/internal/web/api/servers.go:1498.3,1498.14 1 0
github.com/SkyPanel/SkyPanel/v3/internal/web/api/servers.go:1498.14,1500.4 1 0
github.com/SkyPanel/SkyPanel/v3/internal/web/api/servers.go:1502.2,1502.19 1 0
github.com/SkyPanel/SkyPanel/v3/internal/web/api/servers.go:1505.104,1507.57 2 0
github.com/SkyPanel/SkyPanel/v3/internal/web/api/servers.go:1507.57,1511.99 2 0
github.com/SkyPanel/SkyPanel/v3/internal/web/api/servers.go:1511.99,1513.18 2 0
github.com/SkyPanel/SkyPanel/v3/internal/web/api/servers.go:1513.18,1516.5 2 0
github.com/SkyPanel/SkyPanel/v3/internal/web/api/servers.go:1517.4,1517.45 1 0
github.com/SkyPanel/SkyPanel/v3/internal/web/api/servers.go:1517.45,1519.5 1 0
github.com/SkyPanel/SkyPanel/v3/internal/web/api/servers.go:1521.3,1521.48 1 0
github.com/SkyPanel/SkyPanel/v3/internal/web/api/servers.go:1521.48,1523.4 1 0
github.com/SkyPanel/SkyPanel/v3/internal/web/api/servers.go:1525.2,1525.12 1 0
github.com/SkyPanel/SkyPanel/v3/internal/web/api/servers.go:1528.113,1532.16 3 0
github.com/SkyPanel/SkyPanel/v3/internal/web/api/servers.go:1532.16,1534.3 1 0
github.com/SkyPanel/SkyPanel/v3/internal/web/api/servers.go:1536.2,1536.53 1 0
github.com/SkyPanel/SkyPanel/v3/internal/web/api/servers.go:1536.53,1538.17 2 0
github.com/SkyPanel/SkyPanel/v3/internal/web/api/servers.go:1538.17,1540.4 1 0
github.com/SkyPanel/SkyPanel/v3/internal/web/api/servers.go:1541.3,1547.11 7 0
github.com/SkyPanel/SkyPanel/v3/internal/web/api/servers.go:1549.2,1549.12 1 0
github.com/SkyPanel/SkyPanel/v3/internal/web/api/servers.go:1552.118,1554.96 2 0
github.com/SkyPanel/SkyPanel/v3/internal/web/api/servers.go:1554.96,1556.3 1 0
github.com/SkyPanel/SkyPanel/v3/internal/web/api/servers.go:1557.2,1558.98 2 0
github.com/SkyPanel/SkyPanel/v3/internal/web/api/servers.go:1558.98,1560.3 1 0
github.com/SkyPanel/SkyPanel/v3/internal/web/api/servers.go:1562.2,1564.33 3 0
github.com/SkyPanel/SkyPanel/v3/internal/web/api/servers.go:1564.33,1568.3 3 0
github.com/SkyPanel/SkyPanel/v3/internal/web/api/servers.go:1570.2,1578.47 5 0
github.com/SkyPanel/SkyPanel/v3/internal/web/api/servers.go:1578.47,1580.3 1 0
github.com/SkyPanel/SkyPanel/v3/internal/web/api/servers.go:1583.75,1585.29 2 0
github.com/SkyPanel/SkyPanel/v3/internal/web/api/servers.go:1585.29,1589.17 2 0
github.com/SkyPanel/SkyPanel/v3/internal/web/api/servers.go:1589.17,1591.4 1 0
github.com/SkyPanel/SkyPanel/v3/internal/web/api/servers.go:1597.158,1598.70 1 0
github.com/SkyPanel/SkyPanel/v3/internal/web/api/servers.go:1598.70,1600.99 2 0
github.com/SkyPanel/SkyPanel/v3/internal/web/api/servers.go:1600.99,1603.4 2 0
github.com/SkyPanel/SkyPanel/v3/internal/web/api/servers.go:1605.3,1611.33 5 0
github.com/SkyPanel/SkyPanel/v3/internal/web/api/servers.go:1611.33,1612.23 1 0
github.com/SkyPanel/SkyPanel/v3/internal/web/api/servers.go:1612.23,1614.34 2 0
github.com/SkyPanel/SkyPanel/v3/internal/web/api/servers.go:1614.34,1616.6 1 0
github.com/SkyPanel/SkyPanel/v3/internal/web/api/servers.go:1619.3,1619.34 1 0
github.com/SkyPanel/SkyPanel/v3/internal/web/api/servers.go:1622.2,1623.57 2 0
github.com/SkyPanel/SkyPanel/v3/internal/web/api/servers.go:1623.57,1625.3 1 0
github.com/SkyPanel/SkyPanel/v3/internal/web/api/servers.go:1627.2,1628.57 2 0
github.com/SkyPanel/SkyPanel/v3/internal/web/api/servers.go:1628.57,1630.3 1 0
github.com/SkyPanel/SkyPanel/v3/internal/web/api/servers.go:1632.2,1632.25 1 0
github.com/SkyPanel/SkyPanel/v3/internal/web/api/servers.go:1632.25,1634.3 1 0
github.com/SkyPanel/SkyPanel/v3/internal/web/api/servers.go:1636.2,1644.54 7 0
github.com/SkyPanel/SkyPanel/v3/internal/web/api/servers.go:1644.54,1647.3 2 0
github.com/SkyPanel/SkyPanel/v3/internal/web/api/servers.go:1649.2,1664.35 3 0
github.com/SkyPanel/SkyPanel/v3/internal/web/api/servers.go:1664.35,1666.67 2 0
github.com/SkyPanel/SkyPanel/v3/internal/web/api/servers.go:1666.67,1668.4 1 0
github.com/SkyPanel/SkyPanel/v3/internal/web/api/servers.go:1669.3,1669.18 1 0
github.com/SkyPanel/SkyPanel/v3/internal/web/api/servers.go:1672.2,1672.27 1 0
github.com/SkyPanel/SkyPanel/v3/internal/web/api/servers.go:1675.148,1677.132 2 0
github.com/SkyPanel/SkyPanel/v3/internal/web/api/servers.go:1677.132,1679.3 1 0
github.com/SkyPanel/SkyPanel/v3/internal/web/api/servers.go:1680.2,1680.29 1 0
github.com/SkyPanel/SkyPanel/v3/internal/web/api/servers.go:1680.29,1682.3 1 0
github.com/SkyPanel/SkyPanel/v3/internal/web/api/servers.go:1684.2,1685.98 2 0
github.com/SkyPanel/SkyPanel/v3/internal/web/api/servers.go:1685.98,1687.3 1 0
github.com/SkyPanel/SkyPanel/v3/internal/web/api/servers.go:1689.2,1691.33 3 0
github.com/SkyPanel/SkyPanel/v3/internal/web/api/servers.go:1691.33,1695.3 3 0
github.com/SkyPanel/SkyPanel/v3/internal/web/api/servers.go:1697.2,1701.29 4 0
github.com/SkyPanel/SkyPanel/v3/internal/web/api/servers.go:1701.29,1703.3 1 0
github.com/SkyPanel/SkyPanel/v3/internal/web/api/servers.go:1704.2,1704.32 1 0
github.com/SkyPanel/SkyPanel/v3/internal/web/api/servers.go:1704.32,1706.3 1 0
github.com/SkyPanel/SkyPanel/v3/internal/web/api/servers.go:1707.2,1707.30 1 0
github.com/SkyPanel/SkyPanel/v3/internal/web/api/servers.go:1707.30,1709.3 1 0
github.com/SkyPanel/SkyPanel/v3/internal/web/api/servers.go:1710.2,1710.12 1 0
github.com/SkyPanel/SkyPanel/v3/internal/web/api/servers.go:1713.100,1714.26 1 0
github.com/SkyPanel/SkyPanel/v3/internal/web/api/servers.go:1714.26,1716.17 2 0
github.com/SkyPanel/SkyPanel/v3/internal/web/api/servers.go:1716.17,1718.4 1 0
github.com/SkyPanel/SkyPanel/v3/internal/web/api/servers.go:1720.3,1754.17 3 0
github.com/SkyPanel/SkyPanel/v3/internal/web/api/servers.go:1754.17,1756.4 1 0
github.com/SkyPanel/SkyPanel/v3/internal/web/api/servers.go:1758.2,1758.12 1 0
github.com/SkyPanel/SkyPanel/v3/internal/web/api/servers.go:1761.149,1763.73 2 0
github.com/SkyPanel/SkyPanel/v3/internal/web/api/servers.go:1763.73,1766.3 2 0
github.com/SkyPanel/SkyPanel/v3/internal/web/api/servers.go:1768.2,1771.66 3 0
github.com/SkyPanel/SkyPanel/v3/internal/web/api/servers.go:1771.66,1773.3 1 0
github.com/SkyPanel/SkyPanel/v3/internal/web/api/servers.go:1775.2,1775.46 1 0
github.com/SkyPanel/SkyPanel/v3/internal/web/api/servers.go:1775.46,1777.17 2 0
github.com/SkyPanel/SkyPanel/v3/internal/web/api/servers.go:1777.17,1779.4 1 0
github.com/SkyPanel/SkyPanel/v3/internal/web/api/servers.go:1780.3,1785.48 6 0
github.com/SkyPanel/SkyPanel/v3/internal/web/api/servers.go:1787.2,1787.12 1 0
github.com/SkyPanel/SkyPanel/v3/internal/web/api/servers.go:1790.207,1802.47 7 0
github.com/SkyPanel/SkyPanel/v3/internal/web/api/servers.go:1802.47,1804.3 1 0
github.com/SkyPanel/SkyPanel/v3/internal/web/api/servers.go:1807.76,1809.29 2 0
github.com/SkyPanel/SkyPanel/v3/internal/web/api/servers.go:1809.29,1814.17 2 0
github.com/SkyPanel/SkyPanel/v3/internal/web/api/servers.go:1814.17,1816.4 1 0
github.com/SkyPanel/SkyPanel/v3/internal/web/api/settings.go:21.43,38.2 12 0
github.com/SkyPanel/SkyPanel/v3/internal/web/api/settings.go:47.33,50.42 2 0
github.com/SkyPanel/SkyPanel/v3/internal/web/api/settings.go:50.42,51.21 1 0
github.com/SkyPanel/SkyPanel/v3/internal/web/api/settings.go:51.21,54.4 2 0
github.com/SkyPanel/SkyPanel/v3/internal/web/api/settings.go:57.2,57.40 1 0
github.com/SkyPanel/SkyPanel/v3/internal/web/api/settings.go:57.40,58.21 1 0
github.com/SkyPanel/SkyPanel/v3/internal/web/api/settings.go:58.21,61.4 2 0
github.com/SkyPanel/SkyPanel/v3/internal/web/api/settings.go:64.2,64.39 1 0
github.com/SkyPanel/SkyPanel/v3/internal/web/api/settings.go:64.39,65.21 1 0
github.com/SkyPanel/SkyPanel/v3/internal/web/api/settings.go:65.21,68.4 2 0
github.com/SkyPanel/SkyPanel/v3/internal/web/api/settings.go:71.2,71.32 1 0
github.com/SkyPanel/SkyPanel/v3/internal/web/api/settings.go:84.33,89.83 4 0
github.com/SkyPanel/SkyPanel/v3/internal/web/api/settings.go:89.83,91.3 1 0
github.com/SkyPanel/SkyPanel/v3/internal/web/api/settings.go:93.2,93.42 1 0
github.com/SkyPanel/SkyPanel/v3/internal/web/api/settings.go:93.42,99.67 3 0
github.com/SkyPanel/SkyPanel/v3/internal/web/api/settings.go:99.67,101.4 1 0
github.com/SkyPanel/SkyPanel/v3/internal/web/api/settings.go:102.3,103.9 2 0
github.com/SkyPanel/SkyPanel/v3/internal/web/api/settings.go:106.2,106.42 1 0
github.com/SkyPanel/SkyPanel/v3/internal/web/api/settings.go:106.42,107.21 1 0
github.com/SkyPanel/SkyPanel/v3/internal/web/api/settings.go:107.21,109.68 2 0
github.com/SkyPanel/SkyPanel/v3/internal/web/api/settings.go:109.68,111.5 1 0
github.com/SkyPanel/SkyPanel/v3/internal/web/api/settings.go:116.2,116.40 1 0
github.com/SkyPanel/SkyPanel/v3/internal/web/api/settings.go:116.40,117.21 1 0
github.com/SkyPanel/SkyPanel/v3/internal/web/api/settings.go:117.21,119.68 2 0
github.com/SkyPanel/SkyPanel/v3/internal/web/api/settings.go:119.68,121.5 1 0
github.com/SkyPanel/SkyPanel/v3/internal/web/api/settings.go:125.2,125.39 1 0
github.com/SkyPanel/SkyPanel/v3/internal/web/api/settings.go:125.39,126.21 1 0
github.com/SkyPanel/SkyPanel/v3/internal/web/api/settings.go:126.21,128.68 2 0
github.com/SkyPanel/SkyPanel/v3/internal/web/api/settings.go:128.68,130.5 1 0
github.com/SkyPanel/SkyPanel/v3/internal/web/api/settings.go:134.2,136.66 2 0
github.com/SkyPanel/SkyPanel/v3/internal/web/api/settings.go:136.66,138.3 1 0
github.com/SkyPanel/SkyPanel/v3/internal/web/api/settings.go:140.2,140.32 1 0
github.com/SkyPanel/SkyPanel/v3/internal/web/api/settings.go:152.34,155.86 3 0
github.com/SkyPanel/SkyPanel/v3/internal/web/api/settings.go:155.86,157.3 1 0
github.com/SkyPanel/SkyPanel/v3/internal/web/api/settings.go:159.2,161.36 2 0
github.com/SkyPanel/SkyPanel/v3/internal/web/api/settings.go:161.36,163.43 1 0
github.com/SkyPanel/SkyPanel/v3/internal/web/api/settings.go:163.43,168.12 2 0
github.com/SkyPanel/SkyPanel/v3/internal/web/api/settings.go:171.3,171.43 1 0
github.com/SkyPanel/SkyPanel/v3/internal/web/api/settings.go:171.43,172.22 1 0
github.com/SkyPanel/SkyPanel/v3/internal/web/api/settings.go:172.22,174.69 2 0
github.com/SkyPanel/SkyPanel/v3/internal/web/api/settings.go:174.69,176.6 1 0
github.com/SkyPanel/SkyPanel/v3/internal/web/api/settings.go:181.3,181.41 1 0
github.com/SkyPanel/SkyPanel/v3/internal/web/api/settings.go:181.41,182.22 1 0
github.com/SkyPanel/SkyPanel/v3/internal/web/api/settings.go:182.22,184.69 2 0
github.com/SkyPanel/SkyPanel/v3/internal/web/api/settings.go:184.69,186.6 1 0
github.com/SkyPanel/SkyPanel/v3/internal/web/api/settings.go:190.3,190.40 1 0
github.com/SkyPanel/SkyPanel/v3/internal/web/api/settings.go:190.40,191.22 1 0
github.com/SkyPanel/SkyPanel/v3/internal/web/api/settings.go:191.22,193.69 2 0
github.com/SkyPanel/SkyPanel/v3/internal/web/api/settings.go:193.69,195.6 1 0
github.com/SkyPanel/SkyPanel/v3/internal/web/api/settings.go:200.2,202.32 2 0
github.com/SkyPanel/SkyPanel/v3/internal/web/api/settings.go:205.34,208.42 2 0
github.com/SkyPanel/SkyPanel/v3/internal/web/api/settings.go:208.42,210.3 1 0
github.com/SkyPanel/SkyPanel/v3/internal/web/api/settings.go:212.2,212.40 1 0
github.com/SkyPanel/SkyPanel/v3/internal/web/api/settings.go:212.40,214.3 1 0
github.com/SkyPanel/SkyPanel/v3/internal/web/api/settings.go:216.2,216.39 1 0
github.com/SkyPanel/SkyPanel/v3/internal/web/api/settings.go:216.39,218.3 1 0
github.com/SkyPanel/SkyPanel/v3/internal/web/api/settings.go:221.2,223.92 3 0
github.com/SkyPanel/SkyPanel/v3/internal/web/api/settings.go:223.92,225.3 1 0
github.com/SkyPanel/SkyPanel/v3/internal/web/api/settings.go:225.8,227.3 1 0
github.com/SkyPanel/SkyPanel/v3/internal/web/api/settings.go:229.2,229.33 1 0
github.com/SkyPanel/SkyPanel/v3/internal/web/api/settings.go:238.36,243.66 4 0
github.com/SkyPanel/SkyPanel/v3/internal/web/api/settings.go:243.66,245.3 1 0
github.com/SkyPanel/SkyPanel/v3/internal/web/api/settings.go:246.2,246.32 1 0
github.com/SkyPanel/SkyPanel/v3/internal/web/api/settings.go:255.38,271.41 7 0
github.com/SkyPanel/SkyPanel/v3/internal/web/api/settings.go:271.41,273.17 2 0
github.com/SkyPanel/SkyPanel/v3/internal/web/api/settings.go:273.17,276.4 2 0
github.com/SkyPanel/SkyPanel/v3/internal/web/api/settings.go:280.2,280.47 1 0
github.com/SkyPanel/SkyPanel/v3/internal/web/api/settings.go:280.47,282.17 2 0
github.com/SkyPanel/SkyPanel/v3/internal/web/api/settings.go:282.17,285.4 2 0
github.com/SkyPanel/SkyPanel/v3/internal/web/api/settings.go:289.2,289.45 1 0
github.com/SkyPanel/SkyPanel/v3/internal/web/api/settings.go:289.45,291.17 2 0
github.com/SkyPanel/SkyPanel/v3/internal/web/api/settings.go:291.17,294.4 2 0
github.com/SkyPanel/SkyPanel/v3/internal/web/api/settings.go:298.2,298.21 1 0
github.com/SkyPanel/SkyPanel/v3/internal/web/api/settings.go:298.21,299.130 1 0
github.com/SkyPanel/SkyPanel/v3/internal/web/api/settings.go:299.130,302.4 2 0
github.com/SkyPanel/SkyPanel/v3/internal/web/api/settings.go:304.3,304.78 1 0
github.com/SkyPanel/SkyPanel/v3/internal/web/api/settings.go:307.2,307.32 1 0
github.com/SkyPanel/SkyPanel/v3/internal/web/api/settings.go:319.38,321.90 2 0
github.com/SkyPanel/SkyPanel/v3/internal/web/api/settings.go:321.90,323.3 1 0
github.com/SkyPanel/SkyPanel/v3/internal/web/api/settings.go:325.2,326.29 2 0
github.com/SkyPanel/SkyPanel/v3/internal/web/api/settings.go:326.29,329.3 2 0
github.com/SkyPanel/SkyPanel/v3/internal/web/api/settings.go:332.2,333.30 2 0
github.com/SkyPanel/SkyPanel/v3/internal/web/api/settings.go:333.30,336.3 2 0
github.com/SkyPanel/SkyPanel/v3/internal/web/api/settings.go:339.2,343.16 3 0
github.com/SkyPanel/SkyPanel/v3/internal/web/api/settings.go:343.16,350.3 3 0
github.com/SkyPanel/SkyPanel/v3/internal/web/api/settings.go:352.2,352.23 1 0
github.com/SkyPanel/SkyPanel/v3/internal/web/api/settings.go:352.23,358.3 2 0
github.com/SkyPanel/SkyPanel/v3/internal/web/api/settings.go:361.2,365.20 3 0
github.com/SkyPanel/SkyPanel/v3/internal/web/api/settings.go:365.20,367.17 2 0
github.com/SkyPanel/SkyPanel/v3/internal/web/api/settings.go:367.17,369.4 1 0
github.com/SkyPanel/SkyPanel/v3/internal/web/api/settings.go:370.3,371.49 2 0
github.com/SkyPanel/SkyPanel/v3/internal/web/api/settings.go:374.2,374.20 1 0
github.com/SkyPanel/SkyPanel/v3/internal/web/api/settings.go:374.20,377.17 2 0
github.com/SkyPanel/SkyPanel/v3/internal/web/api/settings.go:377.17,380.4 1 0
github.com/SkyPanel/SkyPanel/v3/internal/web/api/settings.go:381.3,382.49 2 0
github.com/SkyPanel/SkyPanel/v3/internal/web/api/settings.go:386.2,387.16 2 0
github.com/SkyPanel/SkyPanel/v3/internal/web/api/settings.go:387.16,391.3 1 0
github.com/SkyPanel/SkyPanel/v3/internal/web/api/settings.go:394.2,418.4 5 0
github.com/SkyPanel/SkyPanel/v3/internal/web/api/settings.go:422.36,425.16 2 0
github.com/SkyPanel/SkyPanel/v3/internal/web/api/settings.go:425.16,427.3 1 0
github.com/SkyPanel/SkyPanel/v3/internal/web/api/settings.go:430.2,431.16 2 0
github.com/SkyPanel/SkyPanel/v3/internal/web/api/settings.go:431.16,434.3 1 0
github.com/SkyPanel/SkyPanel/v3/internal/web/api/settings.go:437.2,437.25 1 0
github.com/SkyPanel/SkyPanel/v3/internal/web/api/settings.go:437.25,438.42 1 0
github.com/SkyPanel/SkyPanel/v3/internal/web/api/settings.go:438.42,440.4 1 0
github.com/SkyPanel/SkyPanel/v3/internal/web/api/settings.go:444.2,444.21 1 0
github.com/SkyPanel/SkyPanel/v3/internal/web/api/settings.go:448.35,450.16 2 0
github.com/SkyPanel/SkyPanel/v3/internal/web/api/settings.go:450.16,452.3 1 0
github.com/SkyPanel/SkyPanel/v3/internal/web/api/settings.go:454.2,454.29 1 0
github.com/SkyPanel/SkyPanel/v3/internal/web/api/settings.go:454.29,455.67 1 0
github.com/SkyPanel/SkyPanel/v3/internal/web/api/settings.go:455.67,456.29 1 0
github.com/SkyPanel/SkyPanel/v3/internal/web/api/settings.go:456.29,458.5 1 0
github.com/SkyPanel/SkyPanel/v3/internal/web/api/settings.go:462.2,462.53 1 0
github.com/SkyPanel/SkyPanel/v3/internal/web/api/templates.go:18.44,34.2 11 0
github.com/SkyPanel/SkyPanel/v3/internal/web/api/templates.go:44.31,49.66 4 0
github.com/SkyPanel/SkyPanel/v3/internal/web/api/templates.go:49.66,51.3 1 0
github.com/SkyPanel/SkyPanel/v3/internal/web/api/templates.go:53.2,53.30 1 0
github.com/SkyPanel/SkyPanel/v3/internal/web/api/templates.go:65.43,70.57 4 0
github.com/SkyPanel/SkyPanel/v3/internal/web/api/templates.go:70.57,72.3 1 0
github.com/SkyPanel/SkyPanel/v3/internal/web/api/templates.go:74.2,75.66 2 0
github.com/SkyPanel/SkyPanel/v3/internal/web/api/templates.go:75.66,77.3 1 0
github.com/SkyPanel/SkyPanel/v3/internal/web/api/templates.go:79.2,79.34 1 0
github.com/SkyPanel/SkyPanel/v3/internal/web/api/templates.go:91.30,95.57 3 0
github.com/SkyPanel/SkyPanel/v3/internal/web/api/templates.go:95.57,97.3 1 0
github.com/SkyPanel/SkyPanel/v3/internal/web/api/templates.go:99.2,99.21 1 0
github.com/SkyPanel/SkyPanel/v3/internal/web/api/templates.go:99.21,102.3 2 0
github.com/SkyPanel/SkyPanel/v3/internal/web/api/templates.go:104.2,109.66 4 0
github.com/SkyPanel/SkyPanel/v3/internal/web/api/templates.go:109.66,111.3 1 0
github.com/SkyPanel/SkyPanel/v3/internal/web/api/templates.go:112.2,112.29 1 0
github.com/SkyPanel/SkyPanel/v3/internal/web/api/templates.go:124.33,126.57 2 0
github.com/SkyPanel/SkyPanel/v3/internal/web/api/templates.go:126.57,128.3 1 0
github.com/SkyPanel/SkyPanel/v3/internal/web/api/templates.go:130.2,134.66 4 0
github.com/SkyPanel/SkyPanel/v3/internal/web/api/templates.go:134.66,136.3 1 0
github.com/SkyPanel/SkyPanel/v3/internal/web/api/templates.go:137.2,137.32 1 0
github.com/SkyPanel/SkyPanel/v3/internal/web/api/templates.go:149.42,154.57 4 0
github.com/SkyPanel/SkyPanel/v3/internal/web/api/templates.go:154.57,156.3 1 0
github.com/SkyPanel/SkyPanel/v3/internal/web/api/templates.go:158.2,159.44 2 0
github.com/SkyPanel/SkyPanel/v3/internal/web/api/templates.go:159.44,162.3 2 0
github.com/SkyPanel/SkyPanel/v3/internal/web/api/templates.go:162.8,162.73 1 0
github.com/SkyPanel/SkyPanel/v3/internal/web/api/templates.go:162.73,164.3 1 0
github.com/SkyPanel/SkyPanel/v3/internal/web/api/templates.go:166.2,166.33 1 0
github.com/SkyPanel/SkyPanel/v3/internal/web/api/templates.go:178.34,185.57 6 0
github.com/SkyPanel/SkyPanel/v3/internal/web/api/templates.go:185.57,187.3 1 0
github.com/SkyPanel/SkyPanel/v3/internal/web/api/templates.go:189.2,190.44 2 0
github.com/SkyPanel/SkyPanel/v3/internal/web/api/templates.go:190.44,194.3 1 0
github.com/SkyPanel/SkyPanel/v3/internal/web/api/templates.go:194.8,194.73 1 0
github.com/SkyPanel/SkyPanel/v3/internal/web/api/templates.go:194.73,196.3 1 0
github.com/SkyPanel/SkyPanel/v3/internal/web/api/templates.go:198.2,200.66 3 0
github.com/SkyPanel/SkyPanel/v3/internal/web/api/templates.go:200.66,202.3 1 0
github.com/SkyPanel/SkyPanel/v3/internal/web/api/templates.go:204.2,204.32 1 0
github.com/SkyPanel/SkyPanel/v3/internal/web/api/templates.go:216.37,221.44 4 0
github.com/SkyPanel/SkyPanel/v3/internal/web/api/templates.go:221.44,224.3 2 0
github.com/SkyPanel/SkyPanel/v3/internal/web/api/templates.go:224.8,224.73 1 0
github.com/SkyPanel/SkyPanel/v3/internal/web/api/templates.go:224.73,226.3 1 0
github.com/SkyPanel/SkyPanel/v3/internal/web/api/templates.go:228.2,228.32 1 0
github.com/SkyPanel/SkyPanel/v3/internal/web/api/transfer_logic.go:36.37,40.82 3 0
github.com/SkyPanel/SkyPanel/v3/internal/web/api/transfer_logic.go:40.82,42.3 1 0
github.com/SkyPanel/SkyPanel/v3/internal/web/api/transfer_logic.go:44.2,49.57 4 0
github.com/SkyPanel/SkyPanel/v3/internal/web/api/transfer_logic.go:49.57,51.3 1 0
github.com/SkyPanel/SkyPanel/v3/internal/web/api/transfer_logic.go:53.2,53.36 1 0
github.com/SkyPanel/SkyPanel/v3/internal/web/api/transfer_logic.go:53.36,56.3 2 0
github.com/SkyPanel/SkyPanel/v3/internal/web/api/transfer_logic.go:58.2,60.63 2 0
github.com/SkyPanel/SkyPanel/v3/internal/web/api/transfer_logic.go:63.91,71.44 5 0
github.com/SkyPanel/SkyPanel/v3/internal/web/api/transfer_logic.go:71.44,74.3 2 0
github.com/SkyPanel/SkyPanel/v3/internal/web/api/transfer_logic.go:75.2,82.47 6 0
github.com/SkyPanel/SkyPanel/v3/internal/web/api/transfer_logic.go:82.47,84.48 2 0
github.com/SkyPanel/SkyPanel/v3/internal/web/api/transfer_logic.go:84.48,85.72 1 0
github.com/SkyPanel/SkyPanel/v3/internal/web/api/transfer_logic.go:85.72,87.5 1 0
github.com/SkyPanel/SkyPanel/v3/internal/web/api/transfer_logic.go:89.3,90.39 1 0
github.com/SkyPanel/SkyPanel/v3/internal/web/api/transfer_logic.go:90.39,91.25 1 0
github.com/SkyPanel/SkyPanel/v3/internal/web/api/transfer_logic.go:91.25,93.6 1 0
github.com/SkyPanel/SkyPanel/v3/internal/web/api/transfer_logic.go:94.5,94.13 1 0
github.com/SkyPanel/SkyPanel/v3/internal/web/api/transfer_logic.go:96.3,96.9 1 0
github.com/SkyPanel/SkyPanel/v3/internal/web/api/transfer_logic.go:98.2,115.109 12 0
github.com/SkyPanel/SkyPanel/v3/internal/web/api/transfer_logic.go:115.109,117.17 2 0
github.com/SkyPanel/SkyPanel/v3/internal/web/api/transfer_logic.go:117.17,121.4 3 0
github.com/SkyPanel/SkyPanel/v3/internal/web/api/transfer_logic.go:122.3,123.9 2 0
github.com/SkyPanel/SkyPanel/v3/internal/web/api/transfer_logic.go:125.2,125.35 1 0
github.com/SkyPanel/SkyPanel/v3/internal/web/api/transfer_logic.go:125.35,127.3 1 0
github.com/SkyPanel/SkyPanel/v3/internal/web/api/transfer_logic.go:130.2,132.49 3 0
github.com/SkyPanel/SkyPanel/v3/internal/web/api/transfer_logic.go:132.49,135.3 2 0
github.com/SkyPanel/SkyPanel/v3/internal/web/api/transfer_logic.go:136.2,141.12 4 0
github.com/SkyPanel/SkyPanel/v3/internal/web/api/transfer_logic.go:141.12,146.17 4 0
github.com/SkyPanel/SkyPanel/v3/internal/web/api/transfer_logic.go:146.17,149.4 2 0
github.com/SkyPanel/SkyPanel/v3/internal/web/api/transfer_logic.go:151.3,152.17 2 0
github.com/SkyPanel/SkyPanel/v3/internal/web/api/transfer_logic.go:152.17,154.4 1 0
github.com/SkyPanel/SkyPanel/v3/internal/web/api/transfer_logic.go:157.2,161.64 4 0
github.com/SkyPanel/SkyPanel/v3/internal/web/api/transfer_logic.go:161.64,165.3 3 0
github.com/SkyPanel/SkyPanel/v3/internal/web/api/transfer_logic.go:166.2,166.27 1 0
github.com/SkyPanel/SkyPanel/v3/internal/web/api/transfer_logic.go:166.27,168.3 1 0
github.com/SkyPanel/SkyPanel/v3/internal/web/api/transfer_logic.go:171.2,173.130 3 0
github.com/SkyPanel/SkyPanel/v3/internal/web/api/transfer_logic.go:173.130,175.24 2 0
github.com/SkyPanel/SkyPanel/v3/internal/web/api/transfer_logic.go:175.24,179.4 3 0
github.com/SkyPanel/SkyPanel/v3/internal/web/api/transfer_logic.go:180.3,181.9 2 0
github.com/SkyPanel/SkyPanel/v3/internal/web/api/transfer_logic.go:183.2,183.28 1 0
github.com/SkyPanel/SkyPanel/v3/internal/web/api/transfer_logic.go:183.28,185.3 1 0
github.com/SkyPanel/SkyPanel/v3/internal/web/api/transfer_logic.go:188.2,198.42 7 0
github.com/SkyPanel/SkyPanel/v3/internal/web/api/transfer_logic.go:198.42,201.3 2 0
github.com/SkyPanel/SkyPanel/v3/internal/web/api/transfer_logic.go:205.2,206.49 2 0
github.com/SkyPanel/SkyPanel/v3/internal/web/api/transfer_logic.go:206.49,208.3 1 0
github.com/SkyPanel/SkyPanel/v3/internal/web/api/transfer_logic.go:209.2,209.123 1 0
github.com/SkyPanel/SkyPanel/v3/internal/web/api/transfer_logic.go:209.123,212.3 2 0
github.com/SkyPanel/SkyPanel/v3/internal/web/api/transfer_logic.go:213.2,218.81 3 0
github.com/SkyPanel/SkyPanel/v3/internal/web/api/uptime.go:19.41,24.2 4 0
github.com/SkyPanel/SkyPanel/v3/internal/web/api/uptime.go:32.35,40.28 6 0
github.com/SkyPanel/SkyPanel/v3/internal/web/api/uptime.go:40.28,42.3 1 0
github.com/SkyPanel/SkyPanel/v3/internal/web/api/uptime.go:43.2,43.16 1 0
github.com/SkyPanel/SkyPanel/v3/internal/web/api/uptime.go:43.16,45.3 1 0
github.com/SkyPanel/SkyPanel/v3/internal/web/api/uptime.go:47.2,50.66 3 0
github.com/SkyPanel/SkyPanel/v3/internal/web/api/uptime.go:50.66,52.3 1 0
github.com/SkyPanel/SkyPanel/v3/internal/web/api/uptime.go:55.2,61.16 4 0
github.com/SkyPanel/SkyPanel/v3/internal/web/api/uptime.go:61.16,63.37 1 0
github.com/SkyPanel/SkyPanel/v3/internal/web/api/uptime.go:63.37,65.35 2 0
github.com/SkyPanel/SkyPanel/v3/internal/web/api/uptime.go:65.35,68.48 3 0
github.com/SkyPanel/SkyPanel/v3/internal/web/api/uptime.go:68.48,70.6 1 0
github.com/SkyPanel/SkyPanel/v3/internal/web/api/uptime.go:71.5,71.49 1 0
github.com/SkyPanel/SkyPanel/v3/internal/web/api/uptime.go:74.3,75.9 2 0
github.com/SkyPanel/SkyPanel/v3/internal/web/api/uptime.go:79.2,79.23 1 0
github.com/SkyPanel/SkyPanel/v3/internal/web/api/uptime.go:79.23,82.3 2 0
github.com/SkyPanel/SkyPanel/v3/internal/web/api/uptime.go:85.2,86.36 2 0
github.com/SkyPanel/SkyPanel/v3/internal/web/api/uptime.go:86.36,88.3 1 0
github.com/SkyPanel/SkyPanel/v3/internal/web/api/uptime.go:92.2,92.36 1 0
github.com/SkyPanel/SkyPanel/v3/internal/web/api/uptime.go:92.36,94.34 2 0
github.com/SkyPanel/SkyPanel/v3/internal/web/api/uptime.go:94.34,97.47 3 0
github.com/SkyPanel/SkyPanel/v3/internal/web/api/uptime.go:97.47,99.5 1 0
github.com/SkyPanel/SkyPanel/v3/internal/web/api/uptime.go:100.4,105.41 4 0
github.com/SkyPanel/SkyPanel/v3/internal/web/api/uptime.go:105.41,106.49 1 0
github.com/SkyPanel/SkyPanel/v3/internal/web/api/uptime.go:106.49,108.87 2 0
github.com/SkyPanel/SkyPanel/v3/internal/web/api/uptime.go:108.87,110.7 1 0
github.com/SkyPanel/SkyPanel/v3/internal/web/api/uptime.go:112.5,112.38 1 0
github.com/SkyPanel/SkyPanel/v3/internal/web/api/uptime.go:114.4,114.54 1 0
github.com/SkyPanel/SkyPanel/v3/internal/web/api/uptime.go:119.2,120.36 2 0
github.com/SkyPanel/SkyPanel/v3/internal/web/api/uptime.go:120.36,121.40 1 0
github.com/SkyPanel/SkyPanel/v3/internal/web/api/uptime.go:121.40,125.41 3 0
github.com/SkyPanel/SkyPanel/v3/internal/web/api/uptime.go:125.41,126.49 1 0
github.com/SkyPanel/SkyPanel/v3/internal/web/api/uptime.go:126.49,128.87 2 0
github.com/SkyPanel/SkyPanel/v3/internal/web/api/uptime.go:128.87,130.7 1 0
github.com/SkyPanel/SkyPanel/v3/internal/web/api/uptime.go:132.5,132.38 1 0
github.com/SkyPanel/SkyPanel/v3/internal/web/api/uptime.go:135.4,136.47 2 0
github.com/SkyPanel/SkyPanel/v3/internal/web/api/uptime.go:136.47,138.5 1 0
github.com/SkyPanel/SkyPanel/v3/internal/web/api/uptime.go:142.4,146.17 3 0
github.com/SkyPanel/SkyPanel/v3/internal/web/api/uptime.go:146.17,149.5 2 0
github.com/SkyPanel/SkyPanel/v3/internal/web/api/uptime.go:151.4,162.18 2 0
github.com/SkyPanel/SkyPanel/v3/internal/web/api/uptime.go:162.18,164.27 2 0
github.com/SkyPanel/SkyPanel/v3/internal/web/api/uptime.go:164.27,167.6 2 0
github.com/SkyPanel/SkyPanel/v3/internal/web/api/uptime.go:167.11,169.6 1 0
github.com/SkyPanel/SkyPanel/v3/internal/web/api/uptime.go:174.2,174.36 1 0
github.com/SkyPanel/SkyPanel/v3/internal/web/api/uptime.go:186.38,194.28 6 0
github.com/SkyPanel/SkyPanel/v3/internal/web/api/uptime.go:194.28,196.3 1 0
github.com/SkyPanel/SkyPanel/v3/internal/web/api/uptime.go:197.2,197.16 1 0
github.com/SkyPanel/SkyPanel/v3/internal/web/api/uptime.go:197.16,199.3 1 0
github.com/SkyPanel/SkyPanel/v3/internal/web/api/uptime.go:201.2,205.66 3 0
github.com/SkyPanel/SkyPanel/v3/internal/web/api/uptime.go:205.66,207.3 1 0
github.com/SkyPanel/SkyPanel/v3/internal/web/api/uptime.go:210.2,212.29 3 0
github.com/SkyPanel/SkyPanel/v3/internal/web/api/uptime.go:212.29,214.3 1 0
github.com/SkyPanel/SkyPanel/v3/internal/web/api/uptime.go:215.2,215.17 1 0
github.com/SkyPanel/SkyPanel/v3/internal/web/api/uptime.go:215.17,217.3 1 0
github.com/SkyPanel/SkyPanel/v3/internal/web/api/uptime.go:219.2,220.66 2 0
github.com/SkyPanel/SkyPanel/v3/internal/web/api/uptime.go:220.66,222.3 1 0
github.com/SkyPanel/SkyPanel/v3/internal/web/api/uptime.go:225.2,228.39 4 0
github.com/SkyPanel/SkyPanel/v3/internal/web/api/uptime.go:228.39,230.47 2 0
github.com/SkyPanel/SkyPanel/v3/internal/web/api/uptime.go:230.47,232.85 2 0
github.com/SkyPanel/SkyPanel/v3/internal/web/api/uptime.go:232.85,234.5 1 0
github.com/SkyPanel/SkyPanel/v3/internal/web/api/uptime.go:239.2,241.15 3 0
github.com/SkyPanel/SkyPanel/v3/internal/web/api/uptime.go:241.15,246.41 3 0
github.com/SkyPanel/SkyPanel/v3/internal/web/api/uptime.go:246.41,249.4 2 0
github.com/SkyPanel/SkyPanel/v3/internal/web/api/uptime.go:252.2,253.15 2 0
github.com/SkyPanel/SkyPanel/v3/internal/web/api/uptime.go:253.15,255.3 1 0
github.com/SkyPanel/SkyPanel/v3/internal/web/api/uptime.go:257.2,258.45 2 0
github.com/SkyPanel/SkyPanel/v3/internal/web/api/uptime.go:258.45,260.3 1 0
github.com/SkyPanel/SkyPanel/v3/internal/web/api/uptime.go:262.2,279.4 1 0
github.com/SkyPanel/SkyPanel/v3/internal/web/api/users.go:17.40,30.2 10 0
github.com/SkyPanel/SkyPanel/v3/internal/web/api/users.go:43.34,50.57 6 0
github.com/SkyPanel/SkyPanel/v3/internal/web/api/users.go:50.57,52.3 1 0
github.com/SkyPanel/SkyPanel/v3/internal/web/api/users.go:54.2,54.36 1 0
github.com/SkyPanel/SkyPanel/v3/internal/web/api/users.go:54.36,56.3 1 0
github.com/SkyPanel/SkyPanel/v3/internal/web/api/users.go:58.2,60.161 3 0
github.com/SkyPanel/SkyPanel/v3/internal/web/api/users.go:60.161,62.3 1 0
github.com/SkyPanel/SkyPanel/v3/internal/web/api/users.go:64.2,72.4 1 0
github.com/SkyPanel/SkyPanel/v3/internal/web/api/users.go:85.33,91.52 5 0
github.com/SkyPanel/SkyPanel/v3/internal/web/api/users.go:91.52,94.3 2 0
github.com/SkyPanel/SkyPanel/v3/internal/web/api/users.go:96.2,96.46 1 0
github.com/SkyPanel/SkyPanel/v3/internal/web/api/users.go:96.46,99.3 2 0
github.com/SkyPanel/SkyPanel/v3/internal/web/api/users.go:101.2,101.30 1 0
github.com/SkyPanel/SkyPanel/v3/internal/web/api/users.go:101.30,104.3 2 0
github.com/SkyPanel/SkyPanel/v3/internal/web/api/users.go:106.2,109.89 3 0
github.com/SkyPanel/SkyPanel/v3/internal/web/api/users.go:109.89,111.3 1 0
github.com/SkyPanel/SkyPanel/v3/internal/web/api/users.go:113.2,115.36 2 0
github.com/SkyPanel/SkyPanel/v3/internal/web/api/users.go:128.30,134.55 5 0
github.com/SkyPanel/SkyPanel/v3/internal/web/api/users.go:134.55,137.3 2 0
github.com/SkyPanel/SkyPanel/v3/internal/web/api/users.go:139.2,140.66 2 0
github.com/SkyPanel/SkyPanel/v3/internal/web/api/users.go:140.66,142.3 1 0
github.com/SkyPanel/SkyPanel/v3/internal/web/api/users.go:144.2,144.46 1 0
github.com/SkyPanel/SkyPanel/v3/internal/web/api/users.go:158.33,164.55 5 0
github.com/SkyPanel/SkyPanel/v3/internal/web/api/users.go:164.55,167.3 2 0
github.com/SkyPanel/SkyPanel/v3/internal/web/api/users.go:169.2,170.53 2 0
github.com/SkyPanel/SkyPanel/v3/internal/web/api/users.go:170.53,173.3 2 0
github.com/SkyPanel/SkyPanel/v3/internal/web/api/users.go:175.2,175.46 1 0
github.com/SkyPanel/SkyPanel/v3/internal/web/api/users.go:175.46,178.3 2 0
github.com/SkyPanel/SkyPanel/v3/internal/web/api/users.go:180.2,181.66 2 0
github.com/SkyPanel/SkyPanel/v3/internal/web/api/users.go:181.66,183.3 1 0
github.com/SkyPanel/SkyPanel/v3/internal/web/api/users.go:185.2,187.89 2 0
github.com/SkyPanel/SkyPanel/v3/internal/web/api/users.go:187.89,189.3 1 0
github.com/SkyPanel/SkyPanel/v3/internal/web/api/users.go:191.2,191.32 1 0
github.com/SkyPanel/SkyPanel/v3/internal/web/api/users.go:204.33,210.55 5 0
github.com/SkyPanel/SkyPanel/v3/internal/web/api/users.go:210.55,213.3 2 0
github.com/SkyPanel/SkyPanel/v3/internal/web/api/users.go:215.2,216.66 2 0
github.com/SkyPanel/SkyPanel/v3/internal/web/api/users.go:216.66,218.3 1 0
github.com/SkyPanel/SkyPanel/v3/internal/web/api/users.go:220.2,220.89 1 0
github.com/SkyPanel/SkyPanel/v3/internal/web/api/users.go:220.89,222.3 1 0
github.com/SkyPanel/SkyPanel/v3/internal/web/api/users.go:224.2,224.32 1 0
github.com/SkyPanel/SkyPanel/v3/internal/web/api/users.go:237.35,244.55 6 0
github.com/SkyPanel/SkyPanel/v3/internal/web/api/users.go:244.55,247.3 2 0
github.com/SkyPanel/SkyPanel/v3/internal/web/api/users.go:249.2,250.66 2 0
github.com/SkyPanel/SkyPanel/v3/internal/web/api/users.go:250.66,252.3 1 0
github.com/SkyPanel/SkyPanel/v3/internal/web/api/users.go:254.2,255.66 2 0
github.com/SkyPanel/SkyPanel/v3/internal/web/api/users.go:255.66,257.3 1 0
github.com/SkyPanel/SkyPanel/v3/internal/web/api/users.go:259.2,259.53 1 0
github.com/SkyPanel/SkyPanel/v3/internal/web/api/users.go:273.35,280.55 6 0
github.com/SkyPanel/SkyPanel/v3/internal/web/api/users.go:280.55,283.3 2 0
github.com/SkyPanel/SkyPanel/v3/internal/web/api/users.go:285.2,287.66 3 0
github.com/SkyPanel/SkyPanel/v3/internal/web/api/users.go:287.66,289.3 1 0
github.com/SkyPanel/SkyPanel/v3/internal/web/api/users.go:291.2,292.66 2 0
github.com/SkyPanel/SkyPanel/v3/internal/web/api/users.go:292.66,294.3 1 0
github.com/SkyPanel/SkyPanel/v3/internal/web/api/users.go:296.2,297.66 2 0
github.com/SkyPanel/SkyPanel/v3/internal/web/api/users.go:297.66,299.3 1 0
github.com/SkyPanel/SkyPanel/v3/internal/web/api/users.go:302.2,304.66 3 0
github.com/SkyPanel/SkyPanel/v3/internal/web/api/users.go:304.66,306.3 1 0
github.com/SkyPanel/SkyPanel/v3/internal/web/api/users.go:309.2,309.65 1 0
github.com/SkyPanel/SkyPanel/v3/internal/web/api/users.go:309.65,311.3 1 0
github.com/SkyPanel/SkyPanel/v3/internal/web/api/users.go:311.8,316.3 3 0
github.com/SkyPanel/SkyPanel/v3/internal/web/api/users.go:318.2,319.66 2 0
github.com/SkyPanel/SkyPanel/v3/internal/web/api/users.go:319.66,321.3 1 0
github.com/SkyPanel/SkyPanel/v3/internal/web/api/users.go:323.2,323.32 1 0
github.com/SkyPanel/SkyPanel/v3/internal/web/api/users.go:326.41,333.2 1 0
github.com/SkyPanel/SkyPanel/v3/internal/web/api/usersettings.go:13.47,17.2 3 0
github.com/SkyPanel/SkyPanel/v3/internal/web/api/usersettings.go:26.38,33.66 5 0
github.com/SkyPanel/SkyPanel/v3/internal/web/api/usersettings.go:33.66,35.3 1 0
github.com/SkyPanel/SkyPanel/v3/internal/web/api/usersettings.go:37.2,37.32 1 0
github.com/SkyPanel/SkyPanel/v3/internal/web/api/usersettings.go:50.37,58.84 6 0
github.com/SkyPanel/SkyPanel/v3/internal/web/api/usersettings.go:58.84,60.3 1 0
github.com/SkyPanel/SkyPanel/v3/internal/web/api/usersettings.go:62.2,68.66 2 0
github.com/SkyPanel/SkyPanel/v3/internal/web/api/usersettings.go:68.66,70.3 1 0
github.com/SkyPanel/SkyPanel/v3/internal/web/api/usersettings.go:72.2,72.32 1 0
github.com/SkyPanel/SkyPanel/v3/internal/web/oauth2/loader.go:13.42,16.2 2 0
github.com/SkyPanel/SkyPanel/v3/internal/web/oauth2/loader.go:18.33,21.2 2 0
github.com/SkyPanel/SkyPanel/v3/internal/web/oauth2/loader.go:23.31,25.15 1 0
github.com/SkyPanel/SkyPanel/v3/internal/web/oauth2/loader.go:25.15,26.35 1 0
github.com/SkyPanel/SkyPanel/v3/internal/web/oauth2/loader.go:26.35,28.32 2 0
github.com/SkyPanel/SkyPanel/v3/internal/web/oauth2/loader.go:28.32,30.5 1 0
github.com/SkyPanel/SkyPanel/v3/internal/web/oauth2/loader.go:30.10,30.54 1 0
github.com/SkyPanel/SkyPanel/v3/internal/web/oauth2/loader.go:30.54,32.5 1 0
github.com/SkyPanel/SkyPanel/v3/internal/web/oauth2/loader.go:32.10,34.5 1 0
github.com/SkyPanel/SkyPanel/v3/internal/web/oauth2/loader.go:36.4,39.6 1 0
github.com/SkyPanel/SkyPanel/v3/internal/web/oauth2/loader.go:42.2,42.10 1 0
github.com/SkyPanel/SkyPanel/v3/internal/web/oauth2/token.go:30.41,33.16 3 0
github.com/SkyPanel/SkyPanel/v3/internal/web/oauth2/token.go:33.16,36.3 2 0
github.com/SkyPanel/SkyPanel/v3/internal/web/oauth2/token.go:38.2,39.15 2 0
github.com/SkyPanel/SkyPanel/v3/internal/web/oauth2/token.go:39.15,42.3 2 0
github.com/SkyPanel/SkyPanel/v3/internal/web/oauth2/token.go:44.2,46.44 2 0
github.com/SkyPanel/SkyPanel/v3/internal/web/oauth2/token.go:47.28,48.3 1 0
github.com/SkyPanel/SkyPanel/v3/internal/web/oauth2/token.go:48.3,51.18 3 0
github.com/SkyPanel/SkyPanel/v3/internal/web/oauth2/token.go:51.18,54.5 2 0
github.com/SkyPanel/SkyPanel/v3/internal/web/oauth2/token.go:56.4,56.52 1 0
github.com/SkyPanel/SkyPanel/v3/internal/web/oauth2/token.go:56.52,59.5 2 0
github.com/SkyPanel/SkyPanel/v3/internal/web/oauth2/token.go:61.4,62.18 2 0
github.com/SkyPanel/SkyPanel/v3/internal/web/oauth2/token.go:62.18,63.69 1 0
github.com/SkyPanel/SkyPanel/v3/internal/web/oauth2/token.go:63.69,65.6 1 0
github.com/SkyPanel/SkyPanel/v3/internal/web/oauth2/token.go:68.4,69.28 2 0
github.com/SkyPanel/SkyPanel/v3/internal/web/oauth2/token.go:69.28,71.5 1 0
github.com/SkyPanel/SkyPanel/v3/internal/web/oauth2/token.go:73.4,76.68 4 0
github.com/SkyPanel/SkyPanel/v3/internal/web/oauth2/token.go:76.68,78.5 1 0
github.com/SkyPanel/SkyPanel/v3/internal/web/oauth2/token.go:80.4,80.62 1 0
github.com/SkyPanel/SkyPanel/v3/internal/web/oauth2/token.go:80.62,82.23 1 0
github.com/SkyPanel/SkyPanel/v3/internal/web/oauth2/token.go:82.23,85.6 2 0
github.com/SkyPanel/SkyPanel/v3/internal/web/oauth2/token.go:87.5,88.69 2 0
github.com/SkyPanel/SkyPanel/v3/internal/web/oauth2/token.go:88.69,90.6 1 0
github.com/SkyPanel/SkyPanel/v3/internal/web/oauth2/token.go:92.5,92.67 1 0
github.com/SkyPanel/SkyPanel/v3/internal/web/oauth2/token.go:92.67,95.6 2 0
github.com/SkyPanel/SkyPanel/v3/internal/web/oauth2/token.go:97.4,97.35 1 0
github.com/SkyPanel/SkyPanel/v3/internal/web/oauth2/token.go:97.35,99.5 1 0
github.com/SkyPanel/SkyPanel/v3/internal/web/oauth2/token.go:101.4,107.10 2 0
github.com/SkyPanel/SkyPanel/v3/internal/web/oauth2/token.go:109.18,110.3 1 0
github.com/SkyPanel/SkyPanel/v3/internal/web/oauth2/token.go:110.3,112.57 2 0
github.com/SkyPanel/SkyPanel/v3/internal/web/oauth2/token.go:112.57,116.5 3 0
github.com/SkyPanel/SkyPanel/v3/internal/web/oauth2/token.go:119.4,121.18 3 0
github.com/SkyPanel/SkyPanel/v3/internal/web/oauth2/token.go:121.18,124.5 2 0
github.com/SkyPanel/SkyPanel/v3/internal/web/oauth2/token.go:126.4,131.23 4 0
github.com/SkyPanel/SkyPanel/v3/internal/web/oauth2/token.go:131.23,134.5 2 0
github.com/SkyPanel/SkyPanel/v3/internal/web/oauth2/token.go:135.4,136.18 2 0
github.com/SkyPanel/SkyPanel/v3/internal/web/oauth2/token.go:136.18,139.5 2 0
github.com/SkyPanel/SkyPanel/v3/internal/web/oauth2/token.go:141.4,142.18 2 0
github.com/SkyPanel/SkyPanel/v3/internal/web/oauth2/token.go:142.18,145.5 2 0
github.com/SkyPanel/SkyPanel/v3/internal/web/oauth2/token.go:148.4,148.33 1 0
github.com/SkyPanel/SkyPanel/v3/internal/web/oauth2/token.go:148.33,151.5 2 0
github.com/SkyPanel/SkyPanel/v3/internal/web/oauth2/token.go:154.4,156.18 3 0
github.com/SkyPanel/SkyPanel/v3/internal/web/oauth2/token.go:156.18,159.5 2 0
github.com/SkyPanel/SkyPanel/v3/internal/web/oauth2/token.go:162.4,164.18 3 0
github.com/SkyPanel/SkyPanel/v3/internal/web/oauth2/token.go:164.18,167.5 2 0
github.com/SkyPanel/SkyPanel/v3/internal/web/oauth2/token.go:169.4,169.16 1 0
github.com/SkyPanel/SkyPanel/v3/internal/web/oauth2/token.go:169.16,172.5 2 0
github.com/SkyPanel/SkyPanel/v3/internal/web/oauth2/token.go:175.4,177.18 3 0
github.com/SkyPanel/SkyPanel/v3/internal/web/oauth2/token.go:177.18,181.5 3 0
github.com/SkyPanel/SkyPanel/v3/internal/web/oauth2/token.go:183.4,188.6 1 0
github.com/SkyPanel/SkyPanel/v3/internal/web/oauth2/token.go:190.10,191.88 1 0
github.com/SkyPanel/SkyPanel/v3/test/test_config.go:9.13,11.16 2 0
github.com/SkyPanel/SkyPanel/v3/test/test_config.go:11.16,13.3 1 0
github.com/SkyPanel/SkyPanel/v3/test/test_config.go:14.2,15.67 2 0
github.com/SkyPanel/SkyPanel/v3/test/integration/test_db.go:13.37,16.16 2 0
github.com/SkyPanel/SkyPanel/v3/test/integration/test_db.go:16.16,18.3 1 0
github.com/SkyPanel/SkyPanel/v3/test/integration/test_db.go:20.2,25.16 4 0
github.com/SkyPanel/SkyPanel/v3/test/integration/test_db.go:25.16,27.3 1 0
github.com/SkyPanel/SkyPanel/v3/test/integration/test_db.go:30.2,32.16 3 0
github.com/SkyPanel/SkyPanel/v3/test/integration/test_db.go:32.16,34.3 1 0
github.com/SkyPanel/SkyPanel/v3/test/integration/test_db.go:36.2,37.23 2 0
github.com/SkyPanel/SkyPanel/v3/test/integration/test_db.go:37.23,39.3 1 0
github.com/SkyPanel/SkyPanel/v3/test/integration/test_db.go:40.2,40.28 1 0
github.com/SkyPanel/SkyPanel/v3/test/integration/test_db.go:40.28,42.3 1 0
github.com/SkyPanel/SkyPanel/v3/test/integration/test_genai.go:10.44,19.2 4 0
github.com/SkyPanel/SkyPanel/v3/tools/curseforge/main.go:76.13,77.40 1 0
github.com/SkyPanel/SkyPanel/v3/tools/curseforge/main.go:77.40,79.3 1 0
github.com/SkyPanel/SkyPanel/v3/tools/curseforge/main.go:80.2,80.38 1 0
github.com/SkyPanel/SkyPanel/v3/tools/curseforge/main.go:80.38,82.3 1 0
github.com/SkyPanel/SkyPanel/v3/tools/curseforge/main.go:84.2,95.33 8 0
github.com/SkyPanel/SkyPanel/v3/tools/curseforge/main.go:95.33,98.22 2 0
github.com/SkyPanel/SkyPanel/v3/tools/curseforge/main.go:98.22,99.36 1 0
github.com/SkyPanel/SkyPanel/v3/tools/curseforge/main.go:99.36,100.13 1 0
github.com/SkyPanel/SkyPanel/v3/tools/curseforge/main.go:104.3,105.28 2 0
github.com/SkyPanel/SkyPanel/v3/tools/curseforge/main.go:105.28,107.4 1 0
github.com/SkyPanel/SkyPanel/v3/tools/curseforge/main.go:108.3,117.17 7 0
github.com/SkyPanel/SkyPanel/v3/tools/curseforge/main.go:117.17,119.12 2 0
github.com/SkyPanel/SkyPanel/v3/tools/curseforge/main.go:121.3,124.17 3 0
github.com/SkyPanel/SkyPanel/v3/tools/curseforge/main.go:124.17,126.12 2 0
github.com/SkyPanel/SkyPanel/v3/tools/curseforge/main.go:129.3,137.26 4 0
github.com/SkyPanel/SkyPanel/v3/tools/curseforge/main.go:137.26,139.12 2 0
github.com/SkyPanel/SkyPanel/v3/tools/curseforge/main.go:141.3,142.127 2 0
github.com/SkyPanel/SkyPanel/v3/tools/curseforge/main.go:142.127,144.4 1 0
github.com/SkyPanel/SkyPanel/v3/tools/curseforge/main.go:144.9,147.50 3 0
github.com/SkyPanel/SkyPanel/v3/tools/curseforge/main.go:147.50,149.13 2 0
github.com/SkyPanel/SkyPanel/v3/tools/curseforge/main.go:151.4,151.83 1 0
github.com/SkyPanel/SkyPanel/v3/tools/curseforge/main.go:151.83,153.5 1 0
github.com/SkyPanel/SkyPanel/v3/tools/curseforge/main.go:153.10,155.5 1 0
github.com/SkyPanel/SkyPanel/v3/tools/curseforge/main.go:159.2,160.28 2 0
github.com/SkyPanel/SkyPanel/v3/tools/curseforge/main.go:160.28,162.15 2 0
github.com/SkyPanel/SkyPanel/v3/tools/curseforge/main.go:162.15,164.4 1 0
github.com/SkyPanel/SkyPanel/v3/tools/curseforge/main.go:164.9,166.18 2 0
github.com/SkyPanel/SkyPanel/v3/tools/curseforge/main.go:166.18,168.5 1 0
github.com/SkyPanel/SkyPanel/v3/tools/curseforge/main.go:172.2,172.12 1 0
github.com/SkyPanel/SkyPanel/v3/tools/curseforge/main.go:172.12,174.3 1 0
github.com/SkyPanel/SkyPanel/v3/tools/unshare/main.go:68.13,70.22 2 0
github.com/SkyPanel/SkyPanel/v3/tools/unshare/main.go:70.22,72.3 1 0
github.com/SkyPanel/SkyPanel/v3/tools/unshare/main.go:75.2,87.63 9 0
github.com/SkyPanel/SkyPanel/v3/tools/unshare/main.go:102.47,113.15 4 0
github.com/SkyPanel/SkyPanel/v3/tools/unshare/main.go:113.15,115.3 1 0
github.com/SkyPanel/SkyPanel/v3/tools/unshare/main.go:116.2,116.16 1 0
github.com/SkyPanel/SkyPanel/v3/tools/unshare/main.go:116.16,117.13 1 0
github.com/SkyPanel/SkyPanel/v3/tools/unshare/main.go:119.2,147.16 5 0
github.com/SkyPanel/SkyPanel/v3/tools/unshare/main.go:147.16,148.13 1 0
github.com/SkyPanel/SkyPanel/v3/tools/formatter/main.go:16.13,21.16 4 0
github.com/SkyPanel/SkyPanel/v3/tools/formatter/main.go:21.16,22.13 1 0
github.com/SkyPanel/SkyPanel/v3/tools/formatter/main.go:26.67,27.16 1 0
github.com/SkyPanel/SkyPanel/v3/tools/formatter/main.go:27.16,29.3 1 0
github.com/SkyPanel/SkyPanel/v3/tools/formatter/main.go:31.2,33.18 2 0
github.com/SkyPanel/SkyPanel/v3/tools/formatter/main.go:33.18,35.3 1 0
github.com/SkyPanel/SkyPanel/v3/tools/formatter/main.go:36.2,36.40 1 0
github.com/SkyPanel/SkyPanel/v3/tools/formatter/main.go:36.40,38.3 1 0
github.com/SkyPanel/SkyPanel/v3/tools/formatter/main.go:39.2,39.62 1 0
github.com/SkyPanel/SkyPanel/v3/tools/formatter/main.go:39.62,41.3 1 0
github.com/SkyPanel/SkyPanel/v3/tools/formatter/main.go:42.2,42.46 1 0
github.com/SkyPanel/SkyPanel/v3/tools/formatter/main.go:42.46,44.3 1 0
github.com/SkyPanel/SkyPanel/v3/tools/formatter/main.go:46.2,49.16 3 0
github.com/SkyPanel/SkyPanel/v3/tools/formatter/main.go:49.16,51.3 1 0
github.com/SkyPanel/SkyPanel/v3/tools/formatter/main.go:52.2,52.34 1 0
github.com/SkyPanel/SkyPanel/v3/tools/formatter/main.go:55.54,58.16 3 0
github.com/SkyPanel/SkyPanel/v3/tools/formatter/main.go:58.16,60.3 1 0
github.com/SkyPanel/SkyPanel/v3/tools/formatter/main.go:61.2,64.22 3 0
github.com/SkyPanel/SkyPanel/v3/tools/formatter/main.go:67.62,69.16 2 0
github.com/SkyPanel/SkyPanel/v3/tools/formatter/main.go:69.16,71.3 1 0
github.com/SkyPanel/SkyPanel/v3/tools/formatter/main.go:72.2,78.12 6 0
github.com/SkyPanel/SkyPanel/v3/tools/templatetester/flags.go:10.13,28.16 16 0
github.com/SkyPanel/SkyPanel/v3/tools/templatetester/flags.go:28.16,30.3 1 0
github.com/SkyPanel/SkyPanel/v3/tools/templatetester/flags.go:30.8,32.3 1 0
github.com/SkyPanel/SkyPanel/v3/tools/templatetester/flags.go:34.2,34.20 1 0
github.com/SkyPanel/SkyPanel/v3/tools/templatetester/flags.go:34.20,36.3 1 0
github.com/SkyPanel/SkyPanel/v3/tools/templatetester/flags.go:36.8,38.3 1 0
github.com/SkyPanel/SkyPanel/v3/tools/templatetester/flags.go:40.2,40.17 1 0
github.com/SkyPanel/SkyPanel/v3/tools/templatetester/flags.go:40.17,42.3 1 0
github.com/SkyPanel/SkyPanel/v3/tools/templatetester/flags.go:42.8,44.3 1 0
github.com/SkyPanel/SkyPanel/v3/tools/templatetester/main.go:35.13,36.29 1 0
github.com/SkyPanel/SkyPanel/v3/tools/templatetester/main.go:36.29,38.3 1 0
github.com/SkyPanel/SkyPanel/v3/tools/templatetester/main.go:39.2,39.33 1 0
github.com/SkyPanel/SkyPanel/v3/tools/templatetester/main.go:39.33,41.3 1 0
github.com/SkyPanel/SkyPanel/v3/tools/templatetester/main.go:42.2,42.30 1 0
github.com/SkyPanel/SkyPanel/v3/tools/templatetester/main.go:42.30,44.3 1 0
github.com/SkyPanel/SkyPanel/v3/tools/templatetester/main.go:46.2,47.31 2 0
github.com/SkyPanel/SkyPanel/v3/tools/templatetester/main.go:47.31,52.3 3 0
github.com/SkyPanel/SkyPanel/v3/tools/templatetester/main.go:52.8,53.97 1 0
github.com/SkyPanel/SkyPanel/v3/tools/templatetester/main.go:53.97,54.35 1 0
github.com/SkyPanel/SkyPanel/v3/tools/templatetester/main.go:54.35,56.5 1 0
github.com/SkyPanel/SkyPanel/v3/tools/templatetester/main.go:57.4,57.29 1 0
github.com/SkyPanel/SkyPanel/v3/tools/templatetester/main.go:59.3,59.40 1 0
github.com/SkyPanel/SkyPanel/v3/tools/templatetester/main.go:59.40,61.4 1 0
github.com/SkyPanel/SkyPanel/v3/tools/templatetester/main.go:64.2,64.25 1 0
github.com/SkyPanel/SkyPanel/v3/tools/templatetester/main.go:64.25,65.16 1 0
github.com/SkyPanel/SkyPanel/v3/tools/templatetester/main.go:65.16,67.4 1 0
github.com/SkyPanel/SkyPanel/v3/tools/templatetester/main.go:70.2,72.21 2 0
github.com/SkyPanel/SkyPanel/v3/tools/templatetester/main.go:72.21,75.3 2 0
github.com/SkyPanel/SkyPanel/v3/tools/templatetester/main.go:77.2,77.25 1 0
github.com/SkyPanel/SkyPanel/v3/tools/templatetester/main.go:77.25,79.27 2 0
github.com/SkyPanel/SkyPanel/v3/tools/templatetester/main.go:79.27,81.4 1 0
github.com/SkyPanel/SkyPanel/v3/tools/templatetester/main.go:82.3,85.20 4 0
github.com/SkyPanel/SkyPanel/v3/tools/templatetester/main.go:85.20,89.17 4 0
github.com/SkyPanel/SkyPanel/v3/tools/templatetester/main.go:89.17,91.5 1 0
github.com/SkyPanel/SkyPanel/v3/tools/templatetester/main.go:92.4,93.16 2 0
github.com/SkyPanel/SkyPanel/v3/tools/templatetester/main.go:95.3,95.9 1 0
github.com/SkyPanel/SkyPanel/v3/tools/templatetester/main.go:103.2,116.15 9 0
github.com/SkyPanel/SkyPanel/v3/tools/templatetester/main.go:116.15,117.25 1 0
github.com/SkyPanel/SkyPanel/v3/tools/templatetester/main.go:117.25,119.4 1 0
github.com/SkyPanel/SkyPanel/v3/tools/templatetester/main.go:120.3,121.32 2 0
github.com/SkyPanel/SkyPanel/v3/tools/templatetester/main.go:124.2,124.12 1 0
github.com/SkyPanel/SkyPanel/v3/tools/templatetester/main.go:124.12,148.23 12 0
github.com/SkyPanel/SkyPanel/v3/tools/templatetester/main.go:148.23,149.37 1 0
github.com/SkyPanel/SkyPanel/v3/tools/templatetester/main.go:149.37,151.5 1 0
github.com/SkyPanel/SkyPanel/v3/tools/templatetester/main.go:153.3,153.13 1 0
github.com/SkyPanel/SkyPanel/v3/tools/templatetester/main.go:157.2,174.23 10 0
github.com/SkyPanel/SkyPanel/v3/tools/templatetester/main.go:174.23,176.3 1 0
github.com/SkyPanel/SkyPanel/v3/tools/templatetester/main.go:179.71,185.60 5 0
github.com/SkyPanel/SkyPanel/v3/tools/templatetester/main.go:185.60,188.3 2 0
github.com/SkyPanel/SkyPanel/v3/tools/templatetester/main.go:190.2,212.6 7 0
github.com/SkyPanel/SkyPanel/v3/tools/templatetester/main.go:212.6,225.25 7 0
github.com/SkyPanel/SkyPanel/v3/tools/templatetester/main.go:225.25,226.9 1 0
github.com/SkyPanel/SkyPanel/v3/tools/templatetester/main.go:231.2,240.6 4 0
github.com/SkyPanel/SkyPanel/v3/tools/templatetester/main.go:240.6,253.24 7 0
github.com/SkyPanel/SkyPanel/v3/tools/templatetester/main.go:253.24,255.4 1 0
github.com/SkyPanel/SkyPanel/v3/tools/templatetester/main.go:256.3,256.22 1 0
github.com/SkyPanel/SkyPanel/v3/tools/templatetester/main.go:256.22,258.4 1 0
github.com/SkyPanel/SkyPanel/v3/tools/templatetester/main.go:259.3,259.53 1 0
github.com/SkyPanel/SkyPanel/v3/tools/templatetester/main.go:259.53,260.9 1 0
github.com/SkyPanel/SkyPanel/v3/tools/templatetester/main.go:265.2,274.6 4 0
github.com/SkyPanel/SkyPanel/v3/tools/templatetester/main.go:274.6,287.22 7 0
github.com/SkyPanel/SkyPanel/v3/tools/templatetester/main.go:287.22,288.9 1 0
github.com/SkyPanel/SkyPanel/v3/tools/templatetester/main.go:290.3,290.53 1 0
github.com/SkyPanel/SkyPanel/v3/tools/templatetester/main.go:290.53,292.4 1 0
github.com/SkyPanel/SkyPanel/v3/tools/templatetester/main.go:296.2,302.14 2 0
github.com/SkyPanel/SkyPanel/v3/tools/templatetester/main.go:305.60,306.15 1 0
github.com/SkyPanel/SkyPanel/v3/tools/templatetester/main.go:306.15,308.3 1 0
github.com/SkyPanel/SkyPanel/v3/tools/templatetester/main.go:310.2,313.6 3 0
github.com/SkyPanel/SkyPanel/v3/tools/templatetester/main.go:313.6,316.17 3 0
github.com/SkyPanel/SkyPanel/v3/tools/templatetester/main.go:316.17,318.4 1 0
github.com/SkyPanel/SkyPanel/v3/tools/templatetester/main.go:319.3,323.25 3 0
github.com/SkyPanel/SkyPanel/v3/tools/templatetester/main.go:323.25,325.4 1 0
github.com/SkyPanel/SkyPanel/v3/tools/templatetester/main.go:325.9,325.35 1 0
github.com/SkyPanel/SkyPanel/v3/tools/templatetester/main.go:325.35,326.9 1 0
github.com/SkyPanel/SkyPanel/v3/tools/templatetester/main.go:338.44,340.16 2 0
github.com/SkyPanel/SkyPanel/v3/tools/templatetester/main.go:340.16,342.3 1 0
github.com/SkyPanel/SkyPanel/v3/tools/templatetester/main.go:344.2,349.12 3 0
github.com/SkyPanel/SkyPanel/v3/tools/templatetester/main.go:352.49,355.16 3 0
github.com/SkyPanel/SkyPanel/v3/tools/templatetester/main.go:355.16,357.3 1 0
github.com/SkyPanel/SkyPanel/v3/tools/templatetester/main.go:358.2,359.19 2 0
github.com/SkyPanel/SkyPanel/v3/tools/templatetester/main.go:362.80,364.15 2 0
github.com/SkyPanel/SkyPanel/v3/tools/templatetester/main.go:364.15,365.46 1 0
github.com/SkyPanel/SkyPanel/v3/tools/templatetester/main.go:365.46,367.4 1 0
github.com/SkyPanel/SkyPanel/v3/tools/templatetester/main.go:370.2,370.16 1 0
github.com/SkyPanel/SkyPanel/v3/tools/templatetester/main.go:370.16,372.3 1 0
github.com/SkyPanel/SkyPanel/v3/tools/templatetester/main.go:374.2,375.19 2 0
github.com/SkyPanel/SkyPanel/v3/tools/templatetester/main.go:375.19,377.3 1 0
github.com/SkyPanel/SkyPanel/v3/tools/templatetester/main.go:379.2,379.75 1 0
github.com/SkyPanel/SkyPanel/v3/tools/templatetester/main.go:379.75,381.3 1 0
github.com/SkyPanel/SkyPanel/v3/tools/templatetester/main.go:382.2,382.8 1 0
github.com/SkyPanel/SkyPanel/v3/tools/templatetester/main.go:385.37,389.2 3 0
github.com/SkyPanel/SkyPanel/v3/tools/templatetester/main.go:391.48,395.2 3 0
github.com/SkyPanel/SkyPanel/v3/tools/templatetester/util.go:20.25,21.16 1 0
github.com/SkyPanel/SkyPanel/v3/tools/templatetester/util.go:21.16,22.13 1 0
github.com/SkyPanel/SkyPanel/v3/tools/templatetester/util.go:26.71,28.16 2 0
github.com/SkyPanel/SkyPanel/v3/tools/templatetester/util.go:28.16,30.3 1 0
github.com/SkyPanel/SkyPanel/v3/tools/templatetester/util.go:31.2,35.21 4 0
github.com/SkyPanel/SkyPanel/v3/tools/templatetester/util.go:35.21,41.3 5 0
github.com/SkyPanel/SkyPanel/v3/tools/templatetester/util.go:42.2,42.20 1 0
github.com/SkyPanel/SkyPanel/v3/tools/templatetester/util.go:45.61,47.16 2 0
github.com/SkyPanel/SkyPanel/v3/tools/templatetester/util.go:47.16,49.3 1 0
github.com/SkyPanel/SkyPanel/v3/tools/templatetester/util.go:50.2,54.20 4 0
github.com/SkyPanel/SkyPanel/v3/tools/templatetester/util.go:57.35,60.26 2 0
github.com/SkyPanel/SkyPanel/v3/tools/templatetester/util.go:60.26,61.72 1 0
github.com/SkyPanel/SkyPanel/v3/tools/templatetester/util.go:61.72,74.4 6 0
github.com/SkyPanel/SkyPanel/v3/tools/templatetester/util.go:77.2,82.41 4 0
github.com/SkyPanel/SkyPanel/v3/tools/templatetester/util.go:82.41,83.63 1 0
github.com/SkyPanel/SkyPanel/v3/tools/templatetester/util.go:83.63,84.12 1 0
github.com/SkyPanel/SkyPanel/v3/tools/templatetester/util.go:87.3,89.90 2 0
github.com/SkyPanel/SkyPanel/v3/tools/templatetester/util.go:89.90,91.12 2 0
github.com/SkyPanel/SkyPanel/v3/tools/templatetester/util.go:94.3,98.30 4 0
github.com/SkyPanel/SkyPanel/v3/tools/templatetester/util.go:98.30,99.34 1 0
github.com/SkyPanel/SkyPanel/v3/tools/templatetester/util.go:99.34,100.13 1 0
github.com/SkyPanel/SkyPanel/v3/tools/templatetester/util.go:103.4,105.31 2 0
github.com/SkyPanel/SkyPanel/v3/tools/templatetester/util.go:105.31,107.38 2 0
github.com/SkyPanel/SkyPanel/v3/tools/templatetester/util.go:107.38,108.26 1 0
github.com/SkyPanel/SkyPanel/v3/tools/templatetester/util.go:108.26,110.12 2 0
github.com/SkyPanel/SkyPanel/v3/tools/templatetester/util.go:113.5,113.14 1 0
github.com/SkyPanel/SkyPanel/v3/tools/templatetester/util.go:113.14,115.14 2 0
github.com/SkyPanel/SkyPanel/v3/tools/templatetester/util.go:119.4,120.47 2 0
github.com/SkyPanel/SkyPanel/v3/tools/templatetester/util.go:120.47,128.19 6 0
github.com/SkyPanel/SkyPanel/v3/tools/templatetester/util.go:128.19,131.6 2 0
github.com/SkyPanel/SkyPanel/v3/tools/templatetester/util.go:131.11,131.35 1 0
github.com/SkyPanel/SkyPanel/v3/tools/templatetester/util.go:131.35,133.6 1 0
github.com/SkyPanel/SkyPanel/v3/tools/templatetester/util.go:135.5,140.12 5 0
github.com/SkyPanel/SkyPanel/v3/tools/templatetester/util.go:141.21,143.30 2 0
github.com/SkyPanel/SkyPanel/v3/tools/templatetester/util.go:143.30,156.7 2 0
github.com/SkyPanel/SkyPanel/v3/tools/templatetester/util.go:157.6,157.18 1 0
github.com/SkyPanel/SkyPanel/v3/tools/templatetester/util.go:158.29,161.49 1 0
github.com/SkyPanel/SkyPanel/v3/tools/templatetester/util.go:161.49,162.56 1 0
github.com/SkyPanel/SkyPanel/v3/tools/templatetester/util.go:162.56,175.28 3 0
github.com/SkyPanel/SkyPanel/v3/tools/templatetester/util.go:175.28,177.9 1 0
github.com/SkyPanel/SkyPanel/v3/tools/templatetester/util.go:179.8,179.37 1 0
github.com/SkyPanel/SkyPanel/v3/tools/templatetester/util.go:179.37,181.9 1 0
github.com/SkyPanel/SkyPanel/v3/tools/templatetester/util.go:183.8,185.55 3 0
github.com/SkyPanel/SkyPanel/v3/tools/templatetester/util.go:187.12,193.7 2 0
github.com/SkyPanel/SkyPanel/v3/tools/templatetester/util.go:194.13,195.18 1 0
github.com/SkyPanel/SkyPanel/v3/tools/templatetester/util.go:201.2,202.41 2 0
github.com/SkyPanel/SkyPanel/v3/tools/templatetester/util.go:202.41,204.35 2 0
github.com/SkyPanel/SkyPanel/v3/tools/templatetester/util.go:204.35,205.47 1 0
github.com/SkyPanel/SkyPanel/v3/tools/templatetester/util.go:205.47,207.10 2 0
github.com/SkyPanel/SkyPanel/v3/tools/templatetester/util.go:210.3,210.11 1 0
github.com/SkyPanel/SkyPanel/v3/tools/templatetester/util.go:210.11,211.40 1 0
github.com/SkyPanel/SkyPanel/v3/tools/templatetester/util.go:211.40,212.48 1 0
github.com/SkyPanel/SkyPanel/v3/tools/templatetester/util.go:212.48,214.11 2 0
github.com/SkyPanel/SkyPanel/v3/tools/templatetester/util.go:218.4,218.12 1 0
github.com/SkyPanel/SkyPanel/v3/tools/templatetester/util.go:218.12,220.13 2 0
github.com/SkyPanel/SkyPanel/v3/tools/templatetester/util.go:223.3,224.58 2 0
github.com/SkyPanel/SkyPanel/v3/tools/templatetester/util.go:227.2,227.26 1 0
github.com/SkyPanel/SkyPanel/v3/tools/templatetester/util.go:230.44,235.24 4 0
github.com/SkyPanel/SkyPanel/v3/tools/templatetester/util.go:235.24,238.3 2 0
github.com/SkyPanel/SkyPanel/v3/tools/templatetester/util.go:241.61,250.44 3 0
github.com/SkyPanel/SkyPanel/v3/tools/templatetester/util.go:250.44,252.9 2 0
github.com/SkyPanel/SkyPanel/v3/tools/templatetester/util.go:252.9,255.4 2 0
github.com/SkyPanel/SkyPanel/v3/tools/templatetester/util.go:258.2,260.48 2 0
github.com/SkyPanel/SkyPanel/v3/tools/templatetester/util.go:260.48,261.24 1 0
github.com/SkyPanel/SkyPanel/v3/tools/templatetester/util.go:261.24,263.4 1 0
github.com/SkyPanel/SkyPanel/v3/tools/templatetester/util.go:266.2,266.46 1 0
github.com/SkyPanel/SkyPanel/v3/tools/templatetester/util.go:266.46,268.3 1 0
github.com/SkyPanel/SkyPanel/v3/tools/templatetester/util.go:270.2,272.26 3 0
